264 307 265 291 269 292 272 293 252 289 244 289 236 288 263 302 215 296 265 327 249 324 206 402 190 413 193 535 186 583 235 588 267 550 173 648 170 665 216 772 216 818 204 878 189 971 183 904 169 1003 261 895 250 990 
264 312 265 295 269 296 272 297 252 292 245 291 238 290 263 303 218 297 264 331 249 327 211 403 184 412 197 533 183 580 235 588 271 545 182 655 170 668 205 778 216 822 194 888 190 970 174 916 171 1001 261 906 253 984 
263 313 265 297 269 298 272 299 252 293 245 291 238 290 264 305 218 297 263 333 248 328 219 403 179 409 218 527 177 575 240 575 272 541 194 654 171 666 206 776 216 819 206 884 190 968 188 910 172 995 279 886 254 984 
263 314 265 299 269 300 272 301 252 295 245 293 238 291 264 306 220 298 263 334 247 329 228 403 174 408 216 526 171 569 247 575 272 538 200 653 171 663 211 775 216 817 215 884 189 968 198 901 172 994 284 886 255 984 
262 317 265 301 269 302 272 303 251 297 245 296 238 294 265 308 220 301 261 337 245 331 237 403 172 408 225 524 164 564 251 574 272 539 205 651 172 660 211 775 217 814 213 881 189 967 199 906 172 994 286 886 257 985 
260 319 265 305 269 306 272 307 251 300 244 299 238 297 266 313 221 302 260 339 243 333 243 404 170 407 228 523 158 559 254 562 269 539 207 648 172 654 211 775 217 807 213 886 189 965 197 912 172 992 287 887 259 984 
260 320 265 308 269 309 272 310 251 303 244 301 238 299 266 316 223 304 259 340 243 334 247 404 169 407 234 509 151 553 264 552 265 542 211 640 173 647 214 768 217 800 215 875 188 963 201 893 170 990 293 880 258 984 
260 321 265 309 269 310 272 312 251 304 245 302 239 301 267 317 226 305 259 341 243 335 253 405 168 404 235 512 146 544 263 552 261 543 213 633 173 639 216 761 215 794 216 865 180 957 201 886 159 981 297 875 250 984 
259 321 265 309 269 310 272 311 251 303 245 302 239 300 268 317 228 305 259 340 243 335 256 405 167 402 240 511 141 539 267 544 258 543 216 631 173 636 218 762 215 792 213 862 170 944 199 886 147 966 287 901 238 983 
255 320 264 308 268 309 271 311 249 303 244 301 238 300 268 316 228 305 256 339 240 333 260 406 166 398 243 512 138 531 271 539 255 542 216 629 172 635 218 761 210 788 210 859 159 933 199 879 138 954 275 907 226 981 
255 317 264 306 268 308 271 309 249 301 244 299 238 298 269 315 228 304 256 335 240 329 261 407 165 395 241 510 136 527 275 544 252 539 219 628 173 633 218 762 208 785 199 862 157 921 186 881 137 940 260 904 218 972 
256 313 265 303 269 304 272 306 250 298 245 296 239 295 270 312 230 300 257 330 240 325 264 407 165 390 246 508 134 520 286 569 251 534 221 625 173 630 218 762 205 782 196 860 158 911 182 877 136 929 256 903 216 961 
257 311 265 300 269 302 273 303 251 296 245 295 240 293 270 310 231 298 259 327 242 323 268 407 164 388 255 508 130 513 297 572 248 527 224 623 172 626 227 762 199 779 197 856 156 901 183 872 136 920 255 903 213 951 
257 307 265 298 269 300 273 301 250 294 245 292 240 291 270 308 231 297 259 324 242 319 268 407 163 386 256 508 127 508 300 581 244 525 224 622 171 625 228 762 197 777 197 851 154 892 182 868 136 909 250 902 212 939 
257 306 265 297 269 299 273 300 250 293 245 292 240 291 270 308 231 296 259 323 242 319 269 407 163 385 258 507 124 505 298 582 240 525 227 620 171 624 229 759 191 773 197 844 154 887 180 862 137 903 249 899 210 933 
256 307 264 298 268 300 272 301 250 294 245 292 240 291 270 309 230 298 258 324 242 319 270 408 162 387 260 507 122 508 297 581 238 525 230 619 171 623 230 756 185 769 198 844 155 881 180 862 138 896 251 898 212 928 
255 307 263 300 267 301 271 303 249 295 244 294 238 293 269 310 229 299 258 325 241 320 270 408 161 387 263 507 120 509 296 583 234 525 232 617 172 621 230 753 179 764 198 842 155 872 180 861 139 887 252 895 211 923 
254 308 262 300 266 302 270 303 248 295 243 294 238 293 269 311 228 299 257 325 240 320 271 408 159 388 267 507 120 508 295 585 233 525 232 614 170 618 230 749 172 755 200 840 156 864 183 858 142 881 253 892 210 918 
253 308 261 300 265 302 269 303 247 295 241 294 236 293 268 311 225 300 256 325 239 321 272 408 156 388 274 507 116 509 295 587 230 525 232 613 167 616 230 749 170 754 202 841 156 859 186 859 144 874 253 892 205 912 
249 308 258 300 263 302 266 303 244 295 239 294 234 293 266 311 223 300 252 326 235 321 273 408 153 388 276 507 114 508 294 588 226 524 233 611 165 614 229 748 165 752 204 842 157 860 189 861 149 877 254 892 203 912 
246 308 256 300 260 302 264 303 242 295 236 293 232 293 265 311 221 300 250 326 233 320 274 408 150 387 279 507 110 506 294 588 218 525 233 610 163 612 229 746 160 749 204 840 159 860 189 859 152 876 250 892 202 910 
245 308 254 300 259 302 263 303 240 295 235 294 230 293 264 311 219 300 248 326 231 321 273 408 147 387 282 508 103 505 293 592 210 524 232 610 162 613 229 746 155 749 204 840 159 857 190 859 153 873 250 892 202 909 
242 307 252 299 257 301 261 302 238 294 232 293 227 292 262 310 216 300 246 326 229 320 273 407 146 387 282 508 101 505 293 591 203 524 232 608 162 611 227 743 154 748 204 839 160 855 190 858 153 871 249 892 200 907 
240 307 250 298 255 300 259 302 235 294 230 293 224 292 261 310 213 299 243 326 226 321 273 407 143 387 282 508 98 504 292 594 200 523 232 608 161 611 226 743 154 748 204 839 163 854 190 858 156 871 248 892 200 906 
239 307 249 298 253 300 258 302 234 294 228 293 223 292 259 309 210 299 242 326 225 321 273 407 140 387 281 507 96 502 291 593 197 522 232 607 159 610 225 741 154 745 204 840 164 852 190 859 156 870 249 892 198 905 
239 307 248 298 252 300 257 302 233 294 227 293 222 292 257 309 209 299 242 326 224 321 272 406 138 387 280 507 94 501 290 593 193 521 232 606 157 610 225 741 154 745 204 840 164 852 190 858 158 869 248 892 196 904 
235 307 244 298 249 299 253 301 230 293 224 292 218 292 254 308 205 299 239 325 221 321 271 406 136 387 279 507 91 501 289 595 188 518 232 607 156 610 225 741 154 746 204 840 165 851 192 858 159 867 256 892 194 904 
232 306 242 297 247 298 252 300 227 292 221 291 215 291 253 307 203 298 236 325 218 320 271 406 133 388 279 510 89 502 288 605 185 516 231 610 155 613 227 742 153 746 205 840 166 850 192 857 159 865 257 892 193 904 
230 306 240 296 245 298 250 300 225 292 220 291 213 291 252 307 201 298 234 325 216 320 271 407 131 388 278 511 88 502 287 606 183 513 231 612 154 615 233 743 152 748 206 839 166 850 192 855 159 866 259 892 194 905 
231 306 240 296 245 298 249 300 225 292 219 291 213 291 250 307 200 298 235 325 217 320 271 407 130 389 278 512 86 502 285 609 180 510 232 612 153 617 238 743 152 754 207 839 169 849 193 854 162 864 258 897 194 905 
230 306 239 297 244 298 249 299 224 292 218 291 212 291 250 307 198 298 234 325 216 320 271 407 129 390 278 513 83 502 283 610 176 506 232 612 152 617 241 744 153 756 208 839 171 849 193 854 163 865 256 897 196 905 
230 307 239 297 244 298 248 300 224 292 218 291 212 291 249 307 198 298 233 325 216 321 271 407 128 390 278 513 82 502 280 609 172 500 231 613 150 617 243 745 153 756 213 840 172 850 197 854 163 866 264 894 196 905 
230 307 239 297 243 298 248 300 224 293 218 292 211 291 249 307 197 298 233 326 216 322 271 406 129 389 278 513 80 501 277 608 166 492 231 614 150 617 244 743 153 756 220 840 171 850 205 854 164 866 270 893 196 906 
230 308 239 297 244 298 248 300 224 293 218 292 212 292 249 307 198 298 234 327 216 323 271 406 129 389 279 512 77 497 275 608 160 483 231 613 150 614 244 742 155 752 227 839 174 851 212 854 169 866 275 891 196 906 
231 309 239 297 244 298 249 300 224 293 218 292 212 292 249 307 198 298 234 327 216 323 271 403 129 387 281 509 74 493 275 600 152 471 237 609 159 612 245 741 164 747 234 839 178 851 221 854 174 867 276 893 196 905 
231 308 239 297 244 298 249 299 224 293 218 292 212 291 249 307 198 297 234 327 217 323 273 401 129 386 282 506 71 489 273 594 143 457 239 606 163 610 245 741 166 746 238 840 177 851 225 855 176 866 277 895 196 905 
231 307 239 296 244 298 249 299 224 293 218 291 212 291 250 306 198 297 234 327 217 323 275 400 130 385 282 505 65 484 270 593 136 447 242 604 170 609 246 741 172 745 239 839 180 850 226 855 177 865 281 895 200 905 
232 307 241 296 246 297 250 298 225 292 219 291 214 290 252 306 200 296 236 327 218 322 279 399 133 383 284 506 62 479 269 588 133 439 243 605 171 609 246 740 170 745 237 841 180 849 224 856 176 863 279 896 198 904 
235 307 244 295 249 297 254 298 228 292 222 291 217 290 255 306 204 296 241 327 223 322 282 398 137 382 284 503 62 469 269 587 129 429 245 605 172 609 246 739 170 744 236 841 181 846 223 857 176 861 278 896 195 902 
237 306 246 295 251 296 256 298 230 292 224 290 218 290 259 306 206 296 244 327 224 321 285 397 139 379 284 503 63 459 266 583 125 424 244 604 171 606 246 739 169 744 235 841 181 844 223 857 176 860 278 897 193 902 
238 306 248 295 254 296 259 298 232 291 226 290 221 290 262 306 211 295 246 326 225 321 288 396 143 378 285 498 64 451 267 570 117 424 244 603 170 604 246 739 169 744 237 841 181 845 224 857 177 860 277 898 191 902 
240 305 250 294 256 295 261 297 234 290 229 289 224 289 265 306 215 295 248 325 227 320 291 394 147 378 285 498 65 451 266 567 107 418 244 600 169 600 246 739 168 744 237 841 181 851 225 856 177 865 276 898 192 907 
241 305 252 294 257 295 263 297 236 290 230 289 226 289 268 306 217 295 249 324 229 319 293 393 153 378 289 491 71 445 265 563 106 414 245 596 169 595 246 738 168 742 238 840 180 851 226 855 177 865 275 898 190 907 
242 304 253 293 259 294 264 296 237 290 232 289 227 289 272 305 219 295 250 324 231 319 296 393 156 378 289 493 79 451 259 565 113 419 245 595 169 594 247 738 168 736 238 839 180 850 227 854 178 865 274 898 190 905 
245 303 256 292 262 294 268 295 240 290 234 289 229 289 275 305 221 295 253 323 233 318 301 393 159 378 289 495 90 451 255 566 114 489 247 596 168 595 247 742 168 736 240 839 178 846 229 854 178 861 274 898 187 905 
247 303 258 292 264 293 270 295 242 290 237 289 231 289 278 305 224 295 254 322 235 318 306 393 165 379 289 499 108 479 246 567 132 560 250 596 168 595 247 744 168 736 241 839 178 846 230 855 178 860 273 900 186 905 
249 303 261 292 266 293 273 295 245 290 239 289 234 289 281 305 227 295 257 322 237 318 309 394 167 380 289 500 115 477 244 566 133 543 253 598 169 596 248 745 168 740 243 839 178 851 231 855 178 865 274 901 186 907 
251 303 263 292 268 293 274 295 247 290 241 289 235 289 282 305 229 295 258 322 238 318 310 394 168 381 291 499 126 485 243 565 145 565 255 599 170 596 248 748 168 742 243 839 178 857 231 855 178 869 274 901 186 914 
251 303 263 291 268 293 274 294 247 289 241 289 236 289 282 304 230 295 258 321 238 318 311 395 168 384 290 500 128 491 240 565 152 568 255 602 170 597 248 753 168 753 242 842 178 861 231 856 179 871 272 908 187 920 
252 303 263 291 269 292 274 294 248 289 242 289 236 288 282 304 231 295 260 320 239 318 312 395 169 384 293 492 129 500 242 561 156 569 255 604 171 598 248 755 169 755 242 843 178 866 230 856 177 876 272 909 188 927 
252 302 264 291 269 292 275 294 248 289 242 289 237 288 282 304 231 295 260 320 240 318 312 395 169 384 293 493 134 501 243 562 156 569 255 604 171 598 248 755 169 756 243 843 177 874 231 856 172 886 274 908 194 934 
253 302 265 291 270 292 276 294 248 289 242 289 237 288 282 304 231 295 261 320 240 318 311 395 168 385 292 492 131 506 244 558 154 577 255 604 171 598 247 755 168 759 243 843 175 877 231 856 169 890 274 908 196 935 
253 302 264 291 270 292 275 294 248 289 242 289 237 288 282 304 230 296 260 320 240 318 311 395 167 385 291 492 127 505 245 556 146 562 254 604 170 599 247 754 168 759 243 842 175 878 232 856 168 891 275 906 198 935 
253 302 264 291 270 292 275 294 248 289 242 288 237 288 282 304 230 295 260 320 239 317 310 395 165 385 290 492 125 501 245 557 142 565 251 604 166 599 247 754 164 760 243 842 175 878 232 856 168 890 274 906 198 935 
252 302 264 291 269 292 274 294 247 288 241 288 236 288 281 304 229 295 260 319 238 317 308 394 158 385 287 492 124 500 243 559 145 568 249 604 164 599 246 754 162 759 243 839 174 878 232 855 168 890 275 904 200 935 
252 300 263 291 269 292 274 294 246 288 240 287 235 287 279 304 226 294 260 318 237 315 305 394 153 384 286 493 124 498 246 571 149 570 248 604 163 599 246 753 160 759 243 839 174 879 232 854 168 891 275 904 202 936 
249 299 261 290 266 292 271 294 243 287 238 286 232 286 277 304 224 294 258 318 235 314 303 394 150 384 286 493 121 498 246 570 151 570 246 603 161 598 246 750 160 759 243 838 174 879 232 854 168 891 276 902 203 936 
248 299 260 290 265 292 270 293 242 286 236 286 230 285 275 304 221 293 257 317 233 313 302 394 146 384 283 497 120 501 250 582 151 583 246 603 162 599 245 752 160 759 243 838 174 880 232 854 168 892 277 901 202 936 
246 298 258 290 263 291 268 293 239 286 233 285 228 285 272 304 218 293 255 316 230 312 298 394 143 384 282 499 117 500 251 582 150 582 244 603 161 599 244 747 160 759 242 837 174 879 231 854 168 891 275 899 201 935 
245 298 256 289 260 291 265 293 238 286 232 285 226 285 269 304 216 293 253 316 229 311 295 393 142 384 282 493 116 499 250 576 152 577 244 601 161 599 244 744 160 757 242 837 174 878 231 855 168 891 275 900 201 935 
243 297 254 289 259 291 264 293 236 285 230 285 224 284 268 304 214 292 251 315 227 311 295 393 143 384 282 496 115 499 249 576 151 577 244 601 161 599 243 744 160 757 241 837 174 877 230 855 168 891 276 900 201 935 
241 297 252 289 257 290 262 293 234 285 227 284 221 284 267 303 211 292 250 315 225 310 295 393 141 384 282 496 114 498 246 575 154 575 244 601 161 599 243 744 159 756 241 836 174 876 229 854 168 891 276 897 201 934 
240 296 251 288 256 290 261 292 232 285 226 284 220 284 265 303 209 292 248 315 223 310 293 393 140 384 282 498 112 498 246 572 161 574 244 603 161 601 243 744 159 756 240 836 174 874 228 855 168 888 277 897 202 934 
237 296 249 288 254 290 259 292 230 284 224 284 218 283 264 303 208 292 247 315 221 310 293 393 139 385 283 500 112 501 249 572 162 579 244 604 161 603 243 744 159 757 240 836 174 874 228 855 168 888 280 897 202 935 
236 296 247 288 252 289 257 292 229 284 222 284 216 283 262 303 206 292 246 314 220 310 293 393 138 386 283 505 112 501 250 576 161 579 247 607 162 605 243 747 159 757 239 838 174 874 228 855 169 888 280 899 202 935 
236 296 247 288 252 289 257 292 228 284 222 284 216 283 261 302 205 292 245 314 220 310 293 394 137 389 283 507 112 501 253 582 151 597 249 609 163 607 242 748 160 758 239 840 175 874 227 856 172 887 280 901 202 935 
235 296 245 288 250 289 255 291 227 284 221 284 214 283 259 302 203 292 244 314 219 310 292 394 137 391 283 509 109 501 255 593 141 602 250 611 165 609 242 749 162 759 238 841 177 874 227 857 174 887 279 900 201 935 
234 296 244 288 249 289 254 291 226 284 220 284 214 283 258 302 202 292 243 314 218 310 291 395 137 390 284 510 106 494 256 593 137 577 251 611 166 610 242 750 162 760 237 843 179 874 226 858 176 887 277 902 201 935 
234 296 244 288 249 289 254 291 226 284 220 284 214 284 258 302 202 292 243 314 219 311 291 396 137 390 284 509 105 491 261 597 138 569 252 614 168 611 242 752 162 760 236 849 179 873 225 862 176 887 277 905 200 935 
235 297 244 288 249 289 253 291 227 284 220 284 214 284 256 302 202 293 243 314 219 312 291 397 138 390 285 509 97 485 280 595 148 448 253 616 171 614 242 753 165 761 236 850 179 873 225 863 176 887 278 905 200 935 
233 297 242 288 247 289 251 291 225 285 219 284 213 284 254 302 200 293 241 314 217 312 290 399 138 390 288 509 98 482 282 594 158 431 253 616 171 614 242 753 165 761 236 849 179 874 225 862 174 888 280 904 202 935 
233 298 241 288 246 289 251 291 225 285 218 285 212 285 253 301 199 293 240 315 217 313 290 399 138 390 290 509 99 480 282 594 167 427 253 617 171 616 241 753 165 765 236 849 179 875 225 862 174 889 281 903 203 937 
233 298 241 288 246 289 250 291 225 285 218 285 212 285 252 301 199 293 240 315 217 313 290 400 138 390 295 509 103 479 290 593 185 430 253 617 171 615 241 753 166 762 236 849 179 875 225 862 173 890 280 903 203 937 
232 298 239 288 244 289 249 291 224 285 217 285 211 285 251 301 198 293 239 315 217 314 290 401 138 390 297 509 107 480 291 594 197 437 253 618 171 616 242 753 166 762 236 849 180 875 225 863 173 890 279 903 203 937 
231 298 238 288 243 289 248 291 223 285 216 285 210 285 250 301 198 293 238 316 216 315 287 400 138 389 296 507 107 480 292 594 198 429 253 617 171 616 242 753 166 759 236 850 180 874 224 864 172 889 279 903 204 935 
231 299 238 288 243 289 247 291 223 285 216 285 210 285 249 301 197 293 237 316 216 315 287 399 139 386 298 504 110 478 299 590 200 426 253 617 171 616 242 753 168 758 236 851 181 874 224 864 173 888 278 903 205 934 
231 299 237 288 242 289 247 291 222 286 216 286 210 286 248 301 197 294 237 316 216 316 286 399 139 385 297 502 114 477 297 610 207 428 253 617 171 616 242 753 168 756 235 851 181 873 224 864 173 888 278 903 206 932 
230 299 237 288 242 289 246 291 222 286 216 286 209 286 248 300 197 294 237 316 216 316 285 398 140 384 295 502 119 476 296 624 211 427 252 615 171 614 242 752 170 752 235 851 182 873 223 864 174 888 278 901 210 931 
230 300 237 288 242 289 246 291 222 286 216 286 209 286 247 300 197 294 236 316 216 316 281 398 140 382 294 501 119 473 295 620 209 427 248 613 169 612 242 751 170 751 234 851 183 872 222 864 174 889 278 900 213 930 
230 300 236 288 241 289 245 291 222 286 215 286 209 287 247 300 196 294 236 317 215 317 277 397 140 382 294 500 120 471 293 619 213 425 244 613 166 611 242 751 169 751 233 851 183 872 222 864 174 889 277 900 214 930 
230 300 236 288 241 289 245 291 222 287 215 286 209 287 245 300 196 294 235 317 215 317 273 396 140 380 292 496 121 470 292 616 214 426 241 610 165 608 241 747 169 747 232 850 183 872 221 864 174 889 280 896 213 930 
229 301 236 289 240 290 244 291 221 287 215 286 209 287 245 300 195 294 234 317 215 317 265 396 140 379 280 496 124 469 286 618 217 427 237 610 163 608 241 746 168 747 232 850 182 872 221 865 173 889 281 897 212 930 
229 301 236 289 240 290 244 291 221 287 215 287 209 287 244 300 195 294 234 318 215 317 265 394 140 378 282 500 126 468 285 616 215 427 237 608 163 605 241 743 167 747 232 849 182 873 221 865 173 889 282 895 213 930 
229 302 235 291 240 292 243 293 221 288 215 287 209 287 243 301 195 294 233 318 215 317 253 394 140 378 273 498 128 468 285 616 224 426 234 607 163 606 241 742 167 747 232 849 181 874 221 865 171 890 285 892 213 930 
230 303 236 292 240 293 243 294 222 289 216 288 209 288 243 302 195 294 234 319 215 318 246 395 140 378 260 498 133 466 281 617 234 421 230 607 162 606 240 742 166 748 232 849 181 875 220 865 170 891 289 887 214 930 
231 305 237 294 241 295 245 296 224 290 218 289 212 288 244 304 196 294 234 321 217 319 239 395 140 378 241 499 138 465 257 619 240 421 225 607 162 606 239 741 165 749 231 849 181 876 220 865 170 893 289 887 214 931 
232 305 239 294 242 295 246 296 225 291 219 289 213 288 244 304 196 294 234 321 219 319 243 395 140 378 250 510 144 465 267 618 244 421 227 607 161 606 239 740 165 751 231 848 181 876 220 865 170 893 289 888 215 931 
234 305 240 294 243 295 247 296 227 291 221 290 214 289 244 304 197 295 235 321 221 319 243 395 140 378 256 509 147 465 277 608 249 421 227 607 161 607 239 739 164 752 231 848 181 877 220 864 171 894 288 889 216 932 
236 306 241 294 244 295 248 296 228 292 222 291 216 289 244 304 197 295 237 321 223 319 243 395 140 378 242 506 150 465 269 608 251 422 227 607 161 607 239 739 164 753 232 848 181 878 220 864 171 894 288 889 216 933 
236 306 241 294 245 295 248 296 228 292 222 291 216 290 244 304 198 295 238 321 224 319 245 394 141 378 249 502 154 464 274 605 255 421 227 607 161 607 239 739 165 754 232 848 181 878 220 864 171 895 288 890 216 934 
237 306 242 295 246 295 249 296 229 292 224 291 217 290 244 304 199 295 239 322 225 320 246 394 141 378 251 497 157 464 273 598 259 421 228 607 161 607 239 738 165 754 232 848 181 878 221 864 172 895 288 890 216 934 
239 306 243 294 246 295 249 296 230 292 225 291 218 290 244 303 199 295 241 321 226 319 248 393 141 378 252 495 159 464 271 594 261 421 230 607 163 608 239 738 165 754 233 848 181 878 222 864 172 895 288 890 216 934 
241 306 244 294 247 295 250 296 231 292 226 291 220 290 244 302 201 295 242 321 228 319 253 393 141 378 252 495 162 464 270 596 265 422 233 606 164 607 240 738 166 754 234 848 182 878 222 864 174 895 286 892 216 934 
242 306 245 294 248 295 251 296 233 292 228 292 222 291 244 302 203 295 244 322 229 320 255 392 141 378 253 494 166 464 270 596 267 421 235 605 164 607 240 738 166 754 234 848 182 878 222 864 175 894 283 895 214 934 
243 306 246 295 249 295 251 296 234 293 229 292 224 291 245 302 205 296 245 322 231 320 259 393 142 379 257 495 169 464 274 572 268 421 237 604 164 607 240 737 166 753 234 848 182 878 223 863 177 893 282 895 214 934 
245 307 246 295 249 295 251 296 235 293 231 293 226 292 245 303 207 296 247 322 233 321 261 394 142 379 260 495 173 464 279 539 273 422 237 604 164 606 240 738 166 753 234 848 182 877 223 863 177 893 281 896 210 934 
246 307 247 295 250 295 252 296 237 293 232 293 227 292 245 303 207 297 248 322 235 321 263 394 142 380 267 497 177 465 286 546 277 422 237 604 164 606 240 739 165 753 234 850 182 877 223 864 177 892 278 899 207 934 
249 307 249 295 251 295 253 296 239 293 234 293 229 292 245 303 209 297 250 323 237 321 263 394 143 380 273 500 183 465 300 534 286 421 237 607 164 608 239 745 164 756 232 854 180 878 222 867 174 893 275 903 206 936 
251 306 250 294 252 294 254 295 241 293 236 292 231 292 245 302 211 297 251 322 239 321 263 394 145 380 275 499 187 465 308 539 286 421 237 607 164 608 239 745 163 756 232 854 180 878 222 867 174 894 276 903 207 937 
253 306 251 294 253 294 255 295 243 292 238 292 233 291 245 301 213 297 252 322 241 320 264 394 147 379 278 498 191 465 313 534 291 420 237 607 165 608 239 745 163 756 233 853 181 878 222 867 175 894 276 902 207 936 
254 306 252 293 254 294 256 294 244 292 239 291 234 291 245 301 214 296 254 321 242 320 264 395 149 379 280 498 196 463 323 541 298 417 237 609 165 609 239 746 163 757 233 853 181 878 223 867 175 894 276 902 206 936 
255 306 253 293 255 294 256 294 245 292 240 291 235 291 245 301 215 296 254 321 243 320 264 396 150 379 282 498 200 462 332 544 299 416 238 609 166 609 239 747 163 758 233 854 180 878 223 867 175 894 276 902 205 936 
256 305 254 292 255 293 257 293 246 291 241 291 237 290 245 300 216 296 255 320 244 319 264 396 152 379 280 497 205 461 336 545 308 413 238 609 167 609 238 746 163 757 233 854 180 878 223 867 175 894 276 902 205 936 
256 304 254 292 256 292 257 293 246 290 242 290 237 290 245 300 217 296 255 320 244 319 264 398 153 379 281 497 209 460 352 549 311 413 237 611 167 610 238 751 163 759 233 856 180 878 223 869 175 894 276 903 205 935 
257 304 255 292 256 292 257 293 247 290 243 290 238 290 245 300 218 296 255 320 245 319 263 399 154 379 280 497 214 460 356 550 315 413 237 611 167 610 238 750 163 759 233 855 179 878 223 869 174 894 278 903 205 935 
257 304 255 292 257 292 258 293 247 290 243 290 238 290 245 300 218 296 255 320 245 320 262 399 156 379 280 497 222 460 360 550 318 412 237 611 168 610 238 749 163 759 234 855 179 878 223 869 173 894 279 902 206 935 
257 304 255 292 256 292 258 293 247 290 243 290 238 290 245 300 218 296 255 320 245 320 260 398 158 379 280 496 226 460 359 550 328 410 237 610 169 610 238 746 164 757 234 854 179 878 223 869 172 894 280 900 206 935 
257 304 255 291 256 292 258 292 247 290 243 290 239 289 244 299 219 296 255 320 245 319 259 398 159 379 280 496 229 459 367 551 331 409 237 610 170 610 238 746 164 756 234 854 177 878 222 869 170 894 281 899 206 935 
257 305 255 292 257 292 258 293 248 291 244 290 239 290 244 299 220 296 255 320 245 319 257 398 160 379 280 496 233 459 364 549 337 407 237 609 171 609 237 745 162 756 233 854 176 878 222 869 169 894 281 898 206 935 
258 306 256 293 257 293 258 293 249 292 245 291 241 290 243 300 220 296 255 321 246 320 256 398 161 379 279 494 235 459 361 541 340 407 237 609 171 609 237 743 162 755 233 854 176 878 221 869 169 894 281 898 206 935 
259 307 257 293 257 294 258 294 250 292 246 292 242 291 243 300 221 296 255 321 247 320 256 396 162 379 280 491 240 458 367 533 345 405 237 608 172 608 237 743 162 753 231 854 175 876 220 869 168 893 279 899 205 934 
259 307 257 293 258 294 258 294 250 292 247 292 243 291 243 300 222 296 256 321 248 320 254 396 163 378 281 490 242 458 370 532 348 404 237 607 173 607 238 740 163 751 231 854 175 876 220 869 167 893 280 898 207 934 
260 307 257 293 258 294 258 294 251 292 247 292 243 291 242 300 223 296 256 322 248 320 253 396 165 378 281 489 243 457 370 525 349 404 237 604 174 605 238 737 163 750 231 853 175 876 219 868 167 893 280 897 207 935 
260 306 257 293 258 293 258 293 251 292 247 291 243 291 242 299 223 296 256 321 249 320 251 396 166 378 282 488 245 457 374 523 349 404 236 604 175 605 238 737 162 750 231 852 175 877 219 867 167 893 281 895 208 935 
261 306 257 293 258 293 258 293 251 292 248 291 244 291 241 299 223 296 257 321 250 320 248 396 168 378 282 484 249 457 371 524 352 404 235 604 175 605 238 736 162 750 231 852 175 878 219 867 165 895 282 895 209 935 
261 305 257 292 258 292 258 293 251 291 248 291 244 290 241 299 223 296 257 321 251 319 245 396 170 378 281 484 252 457 371 526 354 404 235 604 176 605 240 735 162 750 231 850 175 878 219 865 165 895 285 892 209 935 
262 306 258 292 258 292 258 293 252 291 249 291 245 290 241 299 224 296 257 321 251 320 246 396 171 378 281 483 251 456 370 527 354 403 235 603 177 605 241 735 163 750 232 850 175 878 220 865 165 896 286 890 210 935 
262 306 258 292 259 292 259 293 253 291 249 291 245 290 241 299 225 295 258 321 252 320 246 396 171 378 281 483 253 456 368 527 356 402 235 603 178 604 241 735 164 749 232 850 175 878 219 865 165 896 286 891 210 935 
262 306 259 293 259 293 259 293 253 291 249 291 245 290 241 299 225 295 258 321 252 320 245 396 173 378 281 484 256 456 368 527 358 400 235 603 179 604 241 735 165 749 232 852 175 879 219 868 163 898 286 891 211 936 
263 308 259 294 260 294 260 294 254 292 250 292 246 291 242 300 226 295 258 323 252 322 245 396 174 378 281 484 261 456 368 527 359 398 234 603 180 604 241 735 165 749 231 853 174 880 219 869 161 899 286 891 211 936 
264 308 260 294 260 294 260 294 255 292 251 292 248 291 242 300 228 296 260 323 255 322 244 397 177 378 281 485 264 456 368 528 361 397 233 604 180 605 241 735 166 749 231 854 173 880 218 870 160 899 286 891 211 936 
266 308 261 294 261 294 260 294 257 292 253 292 249 291 242 300 229 296 261 323 256 322 243 399 179 378 280 486 266 456 368 528 361 397 233 604 180 605 241 735 166 749 231 854 173 880 218 869 160 899 287 890 211 936 
267 308 262 294 261 294 261 294 258 292 254 292 250 291 242 300 230 296 262 323 258 322 243 401 182 378 280 488 270 456 368 528 362 396 232 604 180 605 241 735 166 749 231 854 173 880 218 869 160 899 287 890 211 936 
268 308 263 294 262 294 261 294 259 292 255 292 252 291 242 300 231 296 263 323 259 322 243 401 183 378 280 488 270 455 368 528 361 396 232 604 180 605 242 735 168 750 232 853 173 880 219 869 160 899 287 890 211 936 
269 308 264 294 263 294 262 294 261 293 257 292 253 291 243 300 233 296 264 323 260 322 243 402 185 378 281 488 272 455 368 528 361 396 232 604 180 605 242 733 169 750 232 853 173 880 219 869 160 899 288 889 210 936 
269 308 264 294 264 294 263 294 261 293 257 292 253 292 245 300 233 296 264 324 260 322 243 402 186 378 281 488 272 456 368 529 360 399 232 603 181 604 242 733 169 750 232 852 173 880 219 868 159 899 288 888 210 936 
271 308 266 294 266 294 265 294 262 293 259 292 255 292 246 300 234 296 266 323 262 322 243 402 186 378 283 488 271 457 368 529 357 404 232 602 181 603 242 733 169 749 233 852 173 880 220 868 159 899 289 888 210 936 
272 308 268 294 267 294 267 294 263 293 260 292 255 292 248 300 235 296 267 324 263 322 244 403 187 378 283 489 270 459 368 531 356 408 233 602 182 603 242 732 170 749 234 851 173 880 221 867 159 899 291 886 210 935 
274 308 270 294 269 294 269 294 265 293 262 292 257 292 250 300 237 296 269 324 264 322 245 402 189 378 283 491 270 460 367 536 356 411 233 602 181 603 242 731 171 748 234 849 173 880 222 866 159 898 293 882 210 934 
275 308 271 294 271 294 270 294 267 293 263 292 259 292 251 300 238 296 270 324 266 322 245 402 189 378 283 492 269 462 365 541 354 416 232 602 182 603 242 731 172 750 234 849 173 880 222 866 159 898 293 883 210 934 
276 308 272 294 272 294 272 295 268 293 264 292 260 292 252 300 239 296 271 324 267 322 246 403 190 379 284 493 269 465 364 548 354 419 232 603 182 605 241 732 172 755 234 850 173 881 221 867 159 899 291 886 210 935 
278 309 274 295 274 295 273 295 270 294 266 293 262 292 253 301 241 297 273 325 268 323 247 403 191 379 284 495 268 466 356 553 353 421 231 603 181 606 241 732 172 756 233 850 172 881 221 867 159 899 288 887 210 935 
280 310 276 297 276 297 276 297 272 296 269 295 264 295 256 302 244 298 275 326 270 324 247 403 192 380 283 495 266 471 350 554 351 428 231 603 181 606 241 732 173 759 233 850 172 882 220 867 159 900 288 887 210 935 
280 311 277 298 277 298 277 298 272 297 269 296 264 295 257 302 244 299 276 327 270 325 248 402 193 380 278 497 265 475 344 558 350 432 231 604 181 608 241 733 176 759 233 852 172 882 220 869 159 900 285 892 210 935 
281 312 277 298 277 298 277 298 273 297 269 296 265 296 257 303 244 299 276 328 271 326 248 401 194 381 274 498 262 476 339 559 348 434 231 604 181 609 242 733 179 759 233 852 171 882 220 869 159 900 285 892 210 935 
281 313 277 298 277 298 277 298 273 298 269 297 265 296 257 303 245 300 276 329 272 327 248 401 193 381 268 500 258 478 336 561 345 437 230 605 181 609 242 734 180 760 233 852 170 882 220 869 157 900 284 893 210 934 
281 313 277 299 277 299 276 299 273 298 269 297 265 296 257 304 244 300 276 330 271 328 248 401 192 382 265 501 252 481 334 562 341 439 230 606 181 612 242 737 183 760 233 853 167 881 220 869 152 898 284 893 208 932 
281 314 277 300 277 300 276 300 272 299 269 298 265 297 257 304 244 301 275 331 270 329 247 401 189 383 261 501 248 486 333 564 336 440 229 606 180 613 242 737 187 760 233 853 166 876 219 869 150 891 282 895 206 926 
278 316 274 301 275 301 274 301 270 300 266 299 263 298 256 305 243 301 273 332 267 330 244 400 185 384 255 502 241 485 328 563 331 440 228 607 179 614 242 738 187 760 233 853 163 872 219 869 144 887 282 895 202 919 
272 317 270 302 270 302 270 302 264 301 261 300 257 299 253 306 238 302 268 333 261 331 242 399 182 384 252 501 237 486 325 562 323 441 227 607 177 614 242 735 186 754 233 852 155 861 219 869 131 877 282 894 190 909 
267 316 265 302 265 302 265 302 259 301 255 300 252 299 250 307 232 302 264 333 256 331 237 398 177 384 246 501 233 488 317 562 314 442 223 609 175 614 241 735 183 754 233 853 152 863 219 870 126 879 283 893 190 908 
263 317 260 302 261 303 261 303 255 301 251 301 248 300 245 307 227 303 259 333 252 331 232 398 172 385 244 501 229 488 312 559 308 441 219 609 172 614 238 735 177 753 233 853 151 864 220 871 128 880 285 891 188 906 
257 317 255 303 256 303 256 303 249 302 245 301 241 300 241 308 219 303 253 333 245 331 229 398 164 385 239 501 222 488 309 557 301 439 214 609 165 614 233 735 170 753 233 853 151 864 220 871 130 881 286 888 186 906 
252 317 250 303 250 304 251 304 244 302 240 301 235 300 236 308 213 303 248 333 240 331 226 397 159 385 235 500 214 487 302 545 293 434 211 609 160 614 230 735 164 753 233 853 147 864 220 871 126 880 287 888 184 906 
246 318 245 304 245 304 246 304 238 303 233 302 227 301 232 309 206 303 242 334 234 331 222 397 153 384 231 500 210 487 299 542 287 429 208 608 155 611 228 734 158 751 233 853 148 864 220 872 128 881 289 888 183 906 
242 318 240 305 241 305 242 305 233 303 229 302 223 301 228 309 202 303 238 334 230 332 218 397 149 384 227 500 206 487 297 542 280 425 205 605 151 609 226 734 155 748 232 853 149 861 220 872 130 878 288 888 182 905 
237 318 236 305 237 305 237 305 229 303 225 302 219 301 223 309 197 303 233 334 225 332 215 397 144 384 223 499 204 485 297 538 275 418 203 604 147 606 225 734 153 745 231 854 149 861 219 873 130 878 286 891 181 905 
230 318 230 305 231 305 232 305 222 303 217 302 211 301 218 309 191 303 226 334 218 332 213 396 139 384 220 499 201 484 297 531 274 410 201 603 145 605 224 734 152 745 227 854 150 861 215 872 131 879 283 890 181 906 
223 317 223 304 225 304 226 305 215 302 209 301 203 300 213 309 183 303 220 332 211 331 209 396 133 383 217 497 198 479 298 524 267 405 201 602 143 605 224 734 152 746 223 850 151 862 211 867 138 879 280 889 182 906 
215 317 217 304 219 304 221 305 206 302 200 301 193 300 210 309 175 303 213 332 202 330 208 395 127 383 216 496 193 473 297 515 262 400 201 602 141 606 223 734 151 746 221 850 151 862 209 867 140 879 278 889 182 906 
208 317 211 303 214 304 216 304 199 302 192 301 185 300 208 309 168 303 207 331 195 330 207 395 123 383 217 494 188 468 298 511 259 391 199 602 137 606 222 734 149 747 218 848 151 862 206 864 141 879 271 889 182 907 
202 316 206 303 209 303 212 304 193 301 187 300 180 299 205 309 163 303 203 331 189 329 207 395 119 383 216 494 182 466 298 503 253 385 199 603 135 607 219 736 148 750 212 847 151 861 200 862 141 878 263 889 182 907 
196 314 201 301 205 302 208 302 188 299 181 299 174 298 203 309 158 302 198 330 183 328 206 395 115 380 217 494 177 463 299 499 248 380 198 603 134 607 219 737 148 750 209 845 150 858 197 860 141 875 259 889 181 906 
194 312 199 300 202 300 206 301 185 298 178 298 171 297 201 308 156 302 196 329 181 327 206 394 113 379 219 490 173 463 299 478 239 380 198 603 133 607 217 737 147 751 206 842 150 859 193 857 141 876 255 888 182 906 
192 311 197 299 200 300 204 300 183 297 176 296 169 296 200 307 154 301 194 328 180 325 207 393 111 378 222 488 171 462 303 466 234 376 199 603 134 607 215 737 146 750 205 841 149 858 193 856 141 875 254 888 181 905 
189 310 195 298 198 298 202 299 181 296 174 295 167 294 199 306 152 299 192 327 176 324 207 393 111 378 231 483 167 463 292 440 229 376 199 603 135 607 212 736 145 749 204 841 148 857 192 857 141 874 252 888 181 904 
188 309 194 297 198 297 201 298 180 295 173 294 166 293 199 305 151 299 191 327 175 323 207 392 109 378 240 481 164 463 281 415 224 374 199 602 135 607 211 735 143 746 205 840 148 857 193 857 140 874 255 887 181 903 
187 308 193 296 197 296 201 297 180 294 173 293 166 292 200 305 151 298 191 326 174 322 210 392 108 378 248 479 161 461 290 424 222 372 199 602 135 607 210 734 142 745 206 840 148 857 194 857 140 874 256 886 181 903 
188 307 194 295 198 296 202 296 180 293 173 292 167 292 200 304 152 297 191 326 175 322 213 392 107 378 255 479 156 461 296 421 217 372 200 602 135 607 210 734 141 745 205 839 148 857 194 856 141 874 255 886 181 904 
186 306 193 294 197 295 201 295 179 292 172 291 166 291 200 303 151 297 189 325 173 321 214 391 107 378 260 478 154 460 308 423 213 373 201 602 135 607 210 734 141 745 205 838 147 857 194 855 141 875 254 886 181 904 
186 306 192 293 196 294 200 295 179 292 172 291 166 290 200 303 151 296 189 325 173 321 217 391 107 378 265 475 155 460 320 417 213 370 201 601 135 606 210 733 140 743 205 838 147 857 194 855 140 875 253 886 181 904 
186 305 192 293 196 294 200 294 179 291 172 291 166 290 200 302 151 296 189 325 173 320 222 391 107 378 275 471 156 460 323 412 211 368 201 601 135 606 210 733 140 743 205 837 147 857 194 853 140 875 252 886 181 904 
185 305 192 293 196 293 201 294 179 291 172 291 166 290 200 302 152 296 189 325 173 320 226 391 108 378 280 466 154 460 321 413 209 367 202 601 135 606 209 733 140 743 205 836 147 858 194 853 141 875 250 886 182 905 
185 305 192 293 196 293 201 294 178 291 172 291 165 290 201 302 152 296 189 325 173 320 228 391 108 378 286 464 155 460 333 410 209 365 203 601 135 606 210 733 139 742 204 834 147 857 193 850 141 874 249 886 182 905 
185 305 192 292 197 293 201 294 179 291 172 291 166 290 202 302 152 296 190 325 173 320 230 391 109 380 289 461 156 461 334 409 209 364 205 601 135 606 210 732 139 742 204 832 147 857 193 847 141 874 248 885 182 905 
186 304 193 292 197 293 201 294 179 291 172 291 166 290 204 302 152 296 190 325 173 320 231 391 109 381 293 457 156 461 334 411 206 364 205 601 135 605 210 731 140 741 204 832 147 857 193 846 140 874 248 885 182 906 
186 304 193 292 197 293 202 294 179 291 173 291 166 290 206 302 152 296 191 325 174 320 232 390 109 381 297 455 155 461 332 404 205 364 206 600 135 605 210 731 140 741 204 831 148 856 193 846 141 874 249 883 183 906 
186 304 193 292 198 293 202 293 179 291 173 290 166 290 208 302 152 296 191 325 174 321 236 390 110 381 304 453 154 461 328 399 205 363 207 600 136 605 210 731 140 741 203 831 150 855 192 846 142 873 248 883 182 905 
187 303 193 292 199 292 204 293 179 291 173 290 166 290 211 302 152 296 194 324 175 321 236 391 110 382 307 451 151 461 327 399 204 362 209 600 137 605 210 731 140 741 203 831 150 855 192 846 143 873 247 883 182 906 
187 303 194 292 200 292 205 293 180 290 173 290 167 290 211 302 153 297 195 324 176 321 237 391 111 382 308 449 150 461 334 402 203 362 209 600 137 605 210 731 140 741 203 831 150 855 192 846 143 873 248 883 182 906 
188 303 195 292 201 292 206 293 180 290 174 290 167 290 212 302 154 297 196 324 176 321 238 391 112 382 312 447 148 461 340 399 202 362 211 600 139 605 210 732 140 741 203 832 149 853 192 847 143 870 247 884 181 905 
189 303 196 291 202 292 207 293 181 290 175 290 168 290 213 302 156 298 197 324 178 321 240 391 114 383 314 446 145 462 339 397 200 363 212 600 140 604 210 732 140 741 203 832 149 853 192 847 142 870 246 884 181 905 
189 303 197 291 203 292 208 293 181 290 175 290 169 290 213 302 157 297 197 324 179 321 240 393 115 383 317 445 141 464 352 389 197 364 213 600 141 604 210 732 140 741 203 832 149 853 192 847 142 870 246 884 181 905 
191 303 199 291 204 292 209 292 183 290 176 290 170 290 214 301 158 297 199 323 180 320 240 393 116 383 321 443 141 466 350 387 194 365 213 600 141 604 211 733 140 742 202 832 148 854 192 847 141 871 248 884 181 905 
191 303 200 291 205 291 210 292 183 290 177 290 170 290 214 300 158 296 199 322 181 320 240 391 116 382 320 439 136 469 348 388 192 366 213 601 142 604 211 733 140 743 202 832 148 854 192 847 140 871 248 884 181 905 
191 302 200 290 205 291 210 291 183 289 177 289 170 289 214 300 159 295 199 320 181 318 241 390 117 382 323 438 135 471 348 380 190 367 214 600 143 604 212 733 141 743 202 832 148 854 191 847 140 871 248 884 182 905 
191 302 200 290 205 291 210 291 184 289 177 289 171 289 216 300 161 295 199 320 181 318 242 388 117 382 320 438 133 471 351 383 188 367 215 599 143 603 213 733 142 743 202 832 149 854 191 847 141 872 249 884 184 906 
191 304 200 292 205 293 211 294 184 290 178 290 172 289 216 302 164 295 199 323 181 319 243 388 117 382 319 436 130 474 347 389 185 368 215 599 143 603 213 733 142 744 202 833 149 855 191 848 141 873 250 884 184 906 
194 320 206 303 211 304 215 306 189 300 184 299 179 298 218 311 172 304 199 340 184 337 243 394 118 384 318 437 131 473 352 390 184 368 216 601 144 605 214 734 143 746 203 835 149 857 192 849 141 874 251 884 184 907 
193 347 199 334 211 319 215 320 185 333 180 333 176 333 206 339 165 340 197 355 184 354 241 402 120 395 314 436 131 463 350 380 181 350 216 603 145 606 214 734 143 746 203 835 149 858 192 849 141 875 250 884 185 907 
198 334 206 322 214 315 219 315 191 321 186 320 182 320 216 329 173 327 203 348 187 348 243 402 122 395 318 436 129 472 351 373 178 357 217 604 145 607 214 735 143 746 203 836 151 858 192 850 143 875 248 887 186 907 
198 334 206 318 213 316 218 316 191 318 186 318 181 317 216 325 173 324 203 347 187 349 241 401 123 396 309 433 128 472 350 366 174 358 218 604 146 607 215 735 144 746 204 836 151 857 193 850 143 874 250 887 187 907 
198 332 206 315 213 315 217 315 191 313 186 313 181 312 218 322 173 317 205 344 187 346 243 400 124 394 310 434 122 483 348 367 164 372 219 603 147 606 216 735 144 746 205 836 151 856 193 850 142 874 251 887 187 907 
197 329 205 313 212 313 217 314 190 311 185 311 181 310 218 321 172 315 205 342 187 344 244 398 125 393 300 437 118 492 335 397 159 385 219 603 147 606 217 735 144 746 206 836 151 856 194 850 142 874 252 887 187 907 
197 329 205 312 212 312 217 312 190 310 185 310 181 309 218 317 172 315 206 340 187 343 248 394 126 393 301 437 116 495 338 364 147 396 219 601 147 604 217 735 144 745 206 836 150 856 194 850 141 873 252 887 187 907 
197 323 205 307 212 307 217 307 190 305 185 304 180 304 218 312 172 309 206 337 187 339 247 392 126 392 275 466 113 498 300 519 143 404 220 600 148 604 217 735 144 745 206 836 150 856 194 850 141 873 253 887 187 907 
195 320 204 304 210 304 216 304 189 303 185 303 180 302 218 309 172 307 205 333 186 335 248 390 126 392 279 457 109 497 312 458 132 406 221 599 148 602 217 735 144 745 206 836 150 856 194 850 141 873 254 887 187 907 
197 315 205 300 210 301 216 300 190 300 186 300 181 299 220 306 173 304 206 329 188 330 249 389 127 389 286 455 108 497 319 444 127 413 221 598 148 601 218 734 143 743 205 836 150 856 194 851 141 873 254 887 187 907 
197 315 205 301 211 301 216 301 191 300 186 300 182 299 221 307 174 304 206 329 189 330 248 389 127 390 277 453 106 496 284 449 126 417 221 598 148 601 218 733 142 742 205 836 150 856 193 851 142 873 251 888 185 907 
198 315 206 301 211 301 216 301 191 300 187 300 182 299 221 307 174 304 207 329 190 329 249 388 127 389 281 444 104 496 299 434 126 421 222 598 148 601 218 733 142 742 205 836 150 855 193 852 142 872 251 888 183 907 
200 314 206 300 211 300 216 301 192 299 187 299 182 299 221 306 174 303 208 328 190 328 249 386 126 389 272 442 103 496 298 456 127 430 222 597 148 601 220 733 142 742 205 836 150 855 194 852 142 872 252 887 183 906 
201 311 208 298 213 299 218 299 194 297 188 296 183 296 222 305 175 299 209 325 192 324 249 386 125 386 261 471 102 496 281 527 123 425 222 597 148 601 220 732 142 742 205 836 150 855 194 852 142 872 252 887 184 906 
204 306 210 295 215 295 219 295 196 294 190 294 185 294 223 302 176 298 211 319 195 319 255 377 128 380 291 412 103 495 328 430 115 431 223 593 148 595 220 732 143 742 205 838 150 859 193 852 142 876 252 888 185 907 
208 302 214 292 218 292 223 293 199 292 193 292 187 292 227 300 178 298 214 315 197 316 266 374 132 374 297 421 104 490 323 442 115 427 223 589 149 588 220 732 143 736 205 838 151 859 193 852 143 877 250 888 186 907 
209 303 215 292 220 292 225 293 200 292 194 292 188 293 229 299 178 298 215 316 198 317 267 375 132 374 282 468 104 490 275 538 115 425 224 588 148 587 220 731 143 733 205 836 151 859 193 851 143 876 250 887 186 907 
211 303 218 292 223 293 227 293 203 292 197 292 191 292 231 300 180 298 216 317 198 318 265 376 132 374 268 482 103 489 260 553 113 433 224 588 148 588 219 730 143 731 204 835 150 859 192 850 140 877 249 886 189 907 
212 304 220 292 225 293 229 294 205 292 199 292 193 293 233 300 182 298 217 318 199 318 266 376 132 375 272 477 102 489 270 539 110 458 224 588 148 589 219 730 143 731 204 835 150 859 191 850 140 876 247 886 189 907 
214 304 222 293 227 294 231 294 208 292 202 293 196 293 236 302 184 299 219 318 201 318 268 384 132 375 269 484 102 488 263 550 98 472 224 589 148 589 219 730 143 730 204 833 149 859 190 848 138 877 247 885 189 907 
216 304 224 293 228 294 233 295 209 293 203 293 197 293 238 304 185 301 221 319 202 319 271 391 132 379 280 477 102 489 300 538 86 470 223 592 148 591 219 730 144 730 203 832 149 860 190 846 138 877 243 885 189 908 
216 304 225 293 229 295 234 296 211 293 205 293 199 293 240 305 187 301 222 320 203 319 275 397 131 383 281 501 100 494 258 579 93 479 223 596 146 594 218 731 144 736 203 832 149 861 190 846 139 878 242 885 189 908 
218 305 227 294 232 296 236 297 213 293 208 293 202 293 242 307 189 301 223 321 204 319 275 400 131 386 282 505 97 496 249 582 95 491 223 598 146 596 218 731 144 736 203 831 149 861 190 845 139 878 240 885 188 908 
218 306 229 296 233 297 237 299 215 293 209 293 203 293 243 308 191 302 224 323 204 320 277 402 131 387 282 508 97 496 259 583 93 488 223 599 146 596 218 731 144 736 203 829 148 861 190 844 139 878 239 885 186 908 
218 307 229 297 234 299 238 301 215 294 210 294 204 294 245 310 192 302 224 325 204 322 279 405 131 386 281 511 96 493 248 582 93 495 223 600 145 597 218 731 144 736 203 829 149 861 190 844 140 878 239 885 186 908 
220 308 231 298 235 299 240 301 217 295 211 295 205 295 247 310 194 304 225 326 206 323 282 406 133 387 283 511 95 491 255 590 95 490 223 603 145 599 218 732 145 738 203 828 149 863 190 843 140 880 240 884 186 909 
223 310 234 299 238 300 242 302 220 296 214 296 209 296 249 311 198 304 229 327 209 324 283 405 133 389 283 510 95 493 257 590 114 511 224 607 146 602 218 732 146 739 204 828 149 865 192 843 139 883 243 885 187 910 
226 311 236 300 240 302 245 304 223 297 218 297 212 297 251 313 201 304 231 329 212 325 283 405 133 391 287 506 94 493 262 583 112 514 225 609 147 604 218 732 147 741 206 828 149 865 195 843 140 884 246 884 188 910 
227 316 238 305 242 308 247 310 224 301 219 300 213 299 252 317 203 305 231 334 213 330 284 405 133 392 288 505 94 496 263 580 118 525 226 612 149 606 219 734 147 741 207 828 149 866 196 843 139 885 251 883 190 910 
227 321 239 310 243 312 249 314 225 305 221 303 215 302 254 321 205 307 231 340 213 335 283 407 134 393 277 504 95 497 252 579 122 536 226 613 153 607 221 733 147 741 208 827 149 866 196 843 139 884 259 881 191 909 
228 325 240 315 245 317 250 319 227 309 223 307 218 306 255 326 208 312 232 344 214 338 283 409 137 394 277 506 97 500 251 577 123 541 226 612 155 607 221 733 147 741 208 827 149 864 196 843 139 882 258 880 191 908 
228 330 241 319 246 321 251 324 228 314 224 313 219 312 257 331 210 317 233 347 215 342 283 411 140 394 278 511 98 501 250 577 122 540 226 612 156 607 221 734 147 741 208 828 150 863 196 844 139 881 257 880 191 908 
230 334 242 323 248 325 252 328 229 317 225 316 221 314 259 335 213 320 234 350 217 345 283 414 141 395 280 513 99 503 255 581 121 549 226 613 157 609 221 734 147 743 208 828 150 862 196 844 138 879 256 880 190 907 
233 336 246 326 251 329 256 331 232 320 228 318 224 317 261 338 215 322 237 353 220 347 282 416 142 397 284 518 99 509 273 584 125 564 226 612 157 609 222 734 148 743 209 826 150 859 196 843 138 873 256 881 190 906 
232 344 245 334 250 336 255 338 232 328 228 325 224 323 261 344 218 327 236 360 219 352 282 418 142 400 285 522 99 512 276 592 124 562 227 604 159 604 223 732 150 741 210 825 150 857 197 843 138 871 257 880 190 904 
233 352 246 343 251 345 256 347 233 337 229 335 225 333 261 351 219 334 236 368 220 361 282 422 145 402 287 523 101 513 287 595 124 570 227 602 159 603 223 732 150 741 210 826 150 856 197 843 138 869 255 881 187 904 
234 360 247 350 252 352 257 353 234 344 229 341 225 339 262 356 220 339 237 376 221 367 282 425 147 404 290 526 102 512 291 596 124 571 227 603 159 603 223 732 151 740 210 826 151 855 197 843 140 868 254 882 187 904 
235 368 248 356 253 358 258 360 234 350 230 348 226 345 263 362 221 344 238 383 222 374 282 427 148 407 291 532 103 515 297 603 122 578 227 603 159 603 223 733 151 740 211 826 151 855 197 844 141 868 253 883 185 904 
237 374 250 363 255 365 259 366 236 356 231 353 227 351 264 367 222 348 240 388 225 380 282 430 149 409 291 535 104 518 297 611 122 584 227 603 159 603 222 733 151 740 211 827 152 855 197 844 144 868 252 883 181 904 
240 382 252 370 257 371 261 372 237 364 233 361 228 358 265 373 222 354 242 395 227 390 282 435 150 414 291 540 107 526 300 618 123 606 227 605 159 607 223 732 152 739 212 827 156 854 199 844 153 864 253 883 174 903 
241 390 254 377 258 378 262 379 239 372 234 369 229 366 265 379 222 360 243 403 228 399 282 437 150 417 291 544 107 532 299 621 122 613 224 606 156 611 226 730 150 739 214 827 154 852 199 844 150 860 256 883 170 903 
246 396 258 384 262 384 265 385 243 378 238 375 233 372 267 384 224 365 247 409 231 405 282 440 149 422 291 545 108 538 299 625 122 623 222 606 154 611 229 722 151 739 216 824 152 851 199 843 145 860 259 882 164 903 
245 403 257 390 262 391 265 392 243 383 238 380 233 377 266 392 224 370 246 415 231 410 281 445 149 428 288 551 109 547 299 632 120 631 218 606 151 611 231 718 154 733 217 824 152 845 201 843 145 856 260 882 160 903 
244 410 256 398 261 399 265 400 242 391 237 387 232 384 266 400 223 377 245 422 230 417 281 452 148 433 286 561 109 556 299 647 119 647 216 611 149 617 231 718 154 734 218 825 150 846 201 844 141 858 260 883 159 904 
245 417 257 404 261 405 265 406 242 398 237 394 232 390 267 405 223 383 247 428 231 424 281 457 148 439 284 568 109 563 300 654 115 662 216 615 147 623 254 716 154 739 217 825 148 847 200 844 140 858 259 883 160 905 
247 427 258 414 262 415 266 415 243 408 238 404 232 400 267 411 223 392 248 437 232 434 281 462 147 446 282 576 109 569 301 662 114 668 215 617 146 624 258 717 154 740 217 825 144 848 199 844 133 864 260 884 162 911 
248 436 259 422 263 422 267 422 244 417 238 414 232 410 267 418 223 401 249 447 232 444 281 470 143 456 280 581 109 579 301 670 114 680 215 620 146 627 253 726 155 740 218 828 143 850 200 846 132 868 261 884 163 913 
248 444 259 430 263 430 267 430 243 425 238 422 232 418 267 428 222 411 249 456 232 453 280 478 141 463 280 588 110 589 301 680 114 688 213 619 144 625 250 728 155 740 218 832 140 851 199 849 129 868 262 887 164 913 
246 456 259 441 263 441 267 441 242 435 236 431 230 428 267 439 219 421 247 468 229 464 280 487 139 470 280 598 110 596 299 693 113 696 213 619 145 624 260 729 154 738 217 834 136 851 199 849 120 871 261 888 163 913 
244 467 258 451 262 451 266 452 241 445 235 442 230 438 267 447 218 430 245 477 227 473 278 493 138 476 279 606 110 602 297 703 108 708 209 618 140 624 264 724 155 729 217 833 135 850 200 849 121 866 262 889 163 912 
241 475 256 459 261 460 265 460 239 454 234 450 228 447 266 455 217 438 242 484 225 480 277 500 136 484 278 613 110 608 296 708 105 713 205 613 136 617 260 721 152 729 217 834 136 851 200 850 123 866 265 889 161 912 
240 478 255 464 260 465 264 465 238 457 232 453 227 450 266 461 217 442 241 489 224 483 277 507 135 490 277 619 109 613 292 716 101 719 201 611 131 611 247 722 149 729 216 833 137 851 198 848 124 864 262 887 161 912 
237 482 253 470 258 472 262 472 237 461 231 457 226 453 264 469 217 446 237 494 221 487 276 512 134 493 274 625 109 618 285 729 99 730 198 613 128 611 242 722 146 729 217 832 137 849 200 848 124 862 265 883 165 912 
234 487 250 476 255 478 259 479 235 467 230 463 225 459 263 475 217 451 234 498 218 492 276 520 134 500 273 628 109 624 284 731 96 737 194 613 125 617 232 729 150 746 215 827 148 842 197 836 138 846 255 880 170 900 
229 491 247 481 252 483 256 484 232 470 228 466 224 461 261 482 217 455 230 503 214 496 276 528 133 507 271 639 109 629 282 741 96 741 193 617 126 617 229 738 159 763 213 796 160 813 197 795 156 809 238 850 176 870 
225 493 243 483 248 486 253 488 230 472 226 468 223 464 259 486 217 459 226 505 212 497 275 536 133 509 269 647 107 632 277 747 94 742 193 620 127 618 231 747 167 760 221 805 176 813 210 812 174 811 240 860 189 868 
226 498 244 489 249 491 253 493 230 479 226 474 223 470 259 492 217 464 227 510 213 503 275 544 133 514 267 654 106 637 272 758 93 753 193 620 126 619 232 749 164 760 217 796 170 798 208 794 169 793 232 849 185 852 
227 501 244 493 249 496 254 497 230 482 226 477 223 473 259 496 218 467 228 514 213 506 274 547 133 516 267 658 106 639 272 765 92 753 192 621 126 619 230 757 163 764 206 790 167 804 199 784 162 800 215 842 170 859 
227 508 245 500 250 502 254 503 230 489 227 485 223 480 259 502 219 474 228 521 214 513 274 551 133 523 266 662 106 645 273 769 92 760 191 621 124 619 222 755 159 764 203 766 164 792 196 754 159 786 207 813 160 842 
228 510 245 503 250 505 254 507 231 492 227 487 224 483 260 506 220 478 229 523 214 515 274 557 133 526 265 666 106 647 274 776 93 758 192 621 124 618 216 756 154 766 191 730 139 769 184 711 134 760 190 766 132 811 
228 512 246 505 251 508 256 510 231 493 228 489 225 485 263 512 221 480 229 526 214 517 274 561 134 529 265 670 106 650 274 779 93 762 192 621 124 616 218 758 154 765 195 796 133 807 187 790 128 800 204 851 126 864 
230 517 248 511 253 513 258 515 233 499 230 495 227 491 265 516 223 486 231 531 216 522 274 568 138 532 265 676 107 652 276 784 94 767 192 621 124 616 220 762 158 759 208 811 135 814 203 808 129 812 212 864 133 870 
232 518 250 512 255 515 259 517 236 501 233 496 230 492 266 518 226 486 233 533 219 523 275 571 140 535 266 678 109 656 277 783 100 774 191 634 124 621 223 778 154 765 183 789 135 804 175 773 129 797 170 833 133 851 
233 516 250 510 255 514 260 517 238 499 235 495 232 491 268 520 229 487 233 530 220 520 275 575 143 539 266 683 110 663 281 783 103 781 189 636 123 621 226 772 143 761 187 769 114 795 178 751 107 790 178 812 109 841 
239 519 257 513 262 516 267 518 244 502 240 498 236 494 272 521 230 489 238 536 223 526 276 578 145 540 268 687 112 666 289 787 110 784 188 634 123 617 226 771 131 754 190 763 107 782 180 746 100 776 187 806 113 831 
241 519 258 513 264 516 268 518 245 502 240 497 237 493 275 523 229 489 239 536 224 525 277 576 148 541 270 688 114 667 293 786 116 783 186 633 123 616 226 771 128 749 188 748 94 769 181 731 85 761 174 789 92 815 
242 519 259 512 265 515 269 518 246 502 242 498 238 494 276 523 231 490 241 537 226 526 277 577 150 542 272 689 118 668 296 787 119 785 187 633 123 616 226 769 123 750 192 735 99 759 191 719 91 748 184 771 102 804 
249 521 265 514 270 516 274 519 252 505 247 501 243 497 280 522 234 492 246 538 232 530 278 574 155 544 274 684 125 667 300 784 126 785 185 632 122 616 227 768 120 750 179 710 106 724 178 689 99 703 161 731 110 758 
250 520 266 514 271 516 275 518 253 504 248 500 244 497 281 522 236 492 247 538 233 529 278 573 155 545 275 683 128 667 300 783 128 787 181 632 120 617 225 768 112 749 157 704 105 719 155 683 100 699 132 723 109 754 
252 519 268 513 272 516 277 518 254 503 249 499 245 495 282 521 237 491 250 536 234 527 278 572 159 544 276 682 131 667 302 782 132 788 181 631 119 618 225 767 119 763 169 720 132 737 165 702 130 719 156 748 146 775 
254 519 271 513 275 515 280 517 255 503 250 499 246 495 285 520 238 491 253 536 236 526 278 571 161 544 278 681 133 667 305 781 137 790 181 631 119 619 226 764 122 778 174 737 175 776 169 724 178 764 164 775 198 816 
259 519 276 513 281 515 284 517 259 502 254 498 250 494 288 520 242 490 258 536 240 526 279 570 166 543 280 679 138 666 313 778 147 792 179 630 118 620 233 763 132 780 163 738 154 791 156 723 154 778 146 777 166 847 
262 519 279 512 283 515 286 516 263 502 257 498 253 494 289 519 245 490 261 534 244 525 279 568 169 543 280 675 140 665 314 773 155 790 176 630 117 621 233 762 137 776 168 737 147 789 160 721 145 770 154 778 157 835 
265 518 280 512 284 514 287 516 265 502 260 497 255 493 290 519 246 490 264 534 247 524 280 567 171 542 281 674 142 668 317 772 160 791 177 630 117 621 233 761 137 773 176 735 147 754 169 718 145 737 167 775 155 797 
269 518 284 512 287 514 290 516 269 502 263 497 258 493 292 519 248 490 267 534 250 524 280 567 175 542 282 672 146 669 320 768 167 789 173 633 114 624 234 757 144 772 176 759 142 775 166 748 134 761 170 815 147 833 
270 518 285 512 289 514 292 516 270 501 264 497 260 493 294 519 250 490 268 534 252 524 281 567 177 542 282 669 147 670 322 767 171 790 171 634 113 624 236 750 152 771 168 785 144 836 151 778 134 827 169 850 154 904 
272 518 286 511 290 514 293 515 272 501 266 497 261 493 295 519 251 490 270 534 253 524 281 566 179 542 284 669 151 671 326 767 176 792 170 634 112 625 239 745 171 770 170 786 143 865 152 782 130 867 180 852 160 917 
272 518 287 511 290 513 294 515 272 501 267 497 262 493 295 518 252 490 270 533 253 524 281 566 180 542 285 668 154 670 329 767 179 792 167 636 111 628 241 744 167 771 185 807 143 875 162 808 122 879 207 874 160 922 
274 518 288 511 291 513 295 515 274 501 268 497 264 493 296 518 254 490 271 533 255 524 281 566 181 542 286 667 157 670 328 764 183 791 165 638 109 630 242 742 161 771 190 816 138 863 167 819 116 865 212 886 158 918 
277 518 290 511 294 513 297 515 277 501 272 497 267 493 297 518 256 490 273 533 258 524 281 565 181 542 287 666 160 670 330 765 190 791 165 638 108 630 241 743 164 766 192 845 139 865 169 850 118 868 215 921 158 922 
278 518 292 511 295 513 298 515 278 501 273 497 268 493 297 518 257 490 274 533 259 524 280 565 181 542 287 666 160 670 332 762 193 791 163 639 107 633 241 744 165 762 192 847 139 868 165 851 118 873 206 901 159 921 
279 518 292 511 295 513 299 515 279 501 274 497 268 493 298 518 257 490 274 533 259 524 279 564 183 542 288 664 162 669 334 758 196 787 162 639 106 634 240 741 166 764 191 842 141 869 164 846 119 877 207 912 160 922 
279 517 293 510 296 512 299 514 279 500 274 496 269 492 298 518 258 490 275 532 259 523 279 564 184 542 288 664 165 670 337 756 203 787 162 640 105 636 240 741 164 767 195 846 139 869 171 852 116 874 219 895 160 922 
280 515 293 508 296 511 300 513 280 499 274 495 269 491 299 517 258 489 275 531 259 522 279 563 185 542 290 663 169 669 341 755 206 783 162 641 105 637 242 741 164 768 198 843 137 869 176 848 113 872 222 893 158 920 
280 515 294 508 297 510 301 512 280 499 275 495 270 491 300 516 259 489 276 530 260 522 279 563 186 542 291 663 172 669 340 751 211 780 161 643 105 639 244 741 163 772 201 848 136 869 180 854 114 870 221 896 157 920 
281 513 294 506 298 509 301 511 281 497 275 493 270 490 301 515 260 488 277 529 260 520 278 563 187 542 292 663 174 669 344 752 215 780 161 645 105 641 244 741 163 772 208 850 134 869 187 857 115 868 234 895 156 920 
281 512 295 506 298 508 302 510 281 496 276 493 271 489 301 515 260 488 278 528 260 520 278 563 189 543 293 663 177 670 346 750 219 779 161 646 104 642 244 741 163 768 215 853 134 871 195 861 115 876 246 892 156 921 
282 512 295 505 299 507 302 509 282 496 277 492 272 489 301 514 261 488 280 527 262 519 278 563 190 543 294 663 179 671 347 747 222 778 161 648 104 644 248 740 163 767 221 857 134 872 200 860 115 877 251 895 156 922 
285 512 297 505 300 507 304 509 284 496 279 492 274 489 302 514 262 488 282 527 264 519 277 563 190 543 295 664 181 671 349 746 225 777 161 649 104 645 252 739 170 768 223 856 134 870 202 856 115 873 249 920 155 923 
286 512 297 504 301 507 304 508 285 496 280 492 275 489 301 512 262 488 283 526 265 519 276 561 190 543 297 664 183 672 349 744 231 777 161 649 104 645 252 739 172 768 220 856 134 871 199 857 113 875 249 910 155 924 
287 512 298 505 301 507 304 508 286 497 281 494 276 490 301 512 262 488 283 526 267 520 275 560 191 544 296 664 186 672 351 740 236 774 160 651 104 647 251 742 176 769 219 856 133 869 197 854 109 873 245 923 155 923 
288 512 299 505 302 507 304 508 287 497 282 494 276 490 301 512 262 488 284 526 268 520 275 559 191 544 296 662 188 672 351 735 238 772 159 650 103 647 256 741 177 770 217 854 133 869 196 853 107 873 244 924 154 922 
287 512 299 504 302 506 305 508 286 497 281 493 276 490 302 512 262 488 284 526 267 519 275 558 192 544 296 661 190 672 352 735 241 770 159 650 103 647 258 740 176 769 215 852 133 868 195 852 107 872 241 920 155 921 
287 511 298 504 302 506 304 507 286 496 281 492 276 489 302 511 263 487 283 525 267 518 273 558 193 543 296 659 191 670 351 731 244 766 157 650 102 648 258 741 177 769 214 852 133 868 195 852 107 872 239 918 158 921 
287 510 298 503 301 505 304 507 286 495 281 491 276 488 302 511 263 486 283 525 267 517 273 556 194 541 295 656 192 669 351 728 246 762 156 650 102 648 255 742 176 770 214 850 133 867 197 852 108 872 241 916 158 921 
287 510 298 503 301 505 304 506 286 495 281 491 276 488 302 510 263 486 283 524 266 517 271 556 195 540 292 654 193 668 350 724 251 760 155 650 102 647 251 743 176 769 216 850 133 867 197 854 108 873 241 916 158 922 
287 509 298 502 301 504 304 506 286 494 281 490 276 487 302 510 264 485 283 524 266 516 271 556 195 537 291 653 194 666 349 721 254 758 155 650 102 647 253 744 178 767 215 849 133 866 196 855 108 873 240 917 158 921 
286 507 298 501 301 503 304 504 286 492 281 489 276 485 302 509 265 483 283 522 266 513 270 554 196 536 289 648 196 665 344 718 259 757 153 649 102 647 259 737 181 766 216 847 135 866 195 855 109 872 255 898 159 921 
286 506 298 500 302 502 304 503 286 491 281 487 276 484 302 508 265 482 283 521 266 512 270 552 197 536 287 644 199 665 341 712 261 755 153 648 102 648 259 734 182 767 217 845 135 865 195 854 109 872 259 893 159 921 
286 504 298 498 302 500 304 502 286 488 281 485 277 482 302 506 266 480 283 520 266 509 269 550 197 534 286 644 202 663 341 713 268 755 152 648 101 648 263 728 184 767 219 841 136 864 195 853 110 872 264 888 160 921 
287 504 299 497 302 499 305 500 287 487 282 484 277 481 303 505 266 479 283 519 267 509 269 549 197 533 284 642 204 660 340 708 272 753 151 646 101 648 261 730 184 766 219 842 136 864 195 854 110 872 267 888 160 921 
288 502 300 494 303 496 306 498 287 485 282 482 278 479 303 503 266 478 284 517 268 507 268 547 198 532 283 638 207 660 338 705 275 750 151 645 101 648 263 730 187 766 220 842 136 864 197 856 110 872 269 888 160 921 
289 499 301 491 304 493 307 495 288 482 283 479 279 476 303 499 266 475 285 515 270 504 267 546 198 530 281 637 207 657 336 702 277 746 151 644 101 648 262 730 188 766 221 844 136 864 199 857 110 872 270 889 161 920 
291 497 303 488 305 490 308 492 291 480 285 477 280 474 303 496 267 473 287 512 272 502 267 545 198 529 280 635 208 657 335 700 279 742 151 643 101 648 266 729 191 766 222 845 136 863 201 857 110 872 271 888 161 920 
291 490 302 483 305 485 308 487 291 474 286 471 281 468 303 492 267 468 286 506 272 495 267 542 198 525 281 632 210 653 333 694 281 735 151 643 101 648 270 727 192 766 223 845 137 863 201 857 111 872 271 888 161 920 
291 489 302 481 305 483 308 485 291 472 286 469 281 467 303 490 267 467 287 505 272 494 267 541 198 524 281 631 211 652 333 693 282 734 151 642 101 648 270 728 193 766 224 845 137 863 202 857 111 872 273 888 161 920 
292 488 303 479 305 481 308 483 291 471 286 468 281 465 303 486 268 465 287 504 273 493 267 536 199 522 280 627 212 650 332 688 283 730 151 640 101 647 269 729 192 767 224 845 137 864 202 856 111 873 271 888 162 920 
292 482 302 473 305 475 308 477 291 464 286 462 282 459 303 482 268 460 287 499 273 489 266 533 200 520 280 622 212 647 332 684 287 726 151 639 101 647 268 729 192 767 224 845 136 864 202 856 111 873 271 888 163 920 
292 476 302 467 305 470 307 472 291 459 286 457 281 454 303 477 268 455 287 492 273 482 266 531 200 516 281 619 211 643 332 679 286 719 151 639 102 646 267 732 190 767 224 845 136 864 202 856 112 873 270 899 163 919 
291 468 301 461 304 464 306 466 290 452 285 449 281 447 302 472 267 448 286 485 272 474 265 526 200 511 281 615 211 639 333 675 288 713 152 638 102 644 265 733 190 765 224 845 137 864 202 856 113 873 270 896 163 919 
290 461 300 454 303 457 306 460 289 446 284 443 280 440 302 467 266 440 286 479 271 468 265 524 199 505 281 612 211 635 334 670 290 707 153 635 102 641 265 733 189 763 224 843 137 865 201 855 113 877 271 890 166 920 
289 454 300 447 303 450 306 452 288 439 284 437 279 434 301 458 265 434 286 472 270 461 265 518 198 499 281 607 211 631 334 666 293 700 153 632 103 637 262 730 188 759 223 842 137 865 200 853 113 878 271 888 168 919 
290 448 300 440 303 442 306 445 288 432 284 429 279 427 300 450 265 427 286 466 270 456 263 512 197 494 280 603 211 626 334 662 295 691 153 630 104 636 259 730 188 756 223 842 137 866 200 855 112 881 271 887 169 919 
289 441 299 433 302 436 305 438 288 426 283 423 279 421 299 444 265 422 285 459 270 449 262 505 196 488 280 596 211 620 334 657 298 684 154 626 105 632 253 726 187 755 223 842 138 866 200 855 114 882 271 884 171 919 
288 435 298 427 301 429 304 431 286 418 282 416 278 414 299 438 264 416 285 452 269 443 262 498 195 483 279 591 211 613 333 655 299 676 155 623 107 629 248 726 182 755 219 839 138 866 198 852 115 882 271 878 170 919 
288 429 297 420 300 423 303 425 286 413 282 410 277 408 298 430 264 409 284 446 269 436 262 495 193 477 279 586 210 605 332 651 300 665 156 621 107 624 240 727 173 753 216 840 134 869 197 853 115 883 271 879 166 920 
286 422 296 414 299 416 302 419 284 406 280 403 275 401 297 425 262 403 283 439 267 430 260 488 193 471 277 578 207 598 331 642 299 654 157 618 107 621 235 727 168 751 214 840 133 869 197 854 115 883 272 879 164 920 
284 415 294 407 297 409 300 412 283 400 278 397 273 395 295 417 260 396 280 432 265 423 259 481 192 465 275 570 205 592 330 634 299 644 157 617 107 619 233 730 167 750 213 840 133 870 196 854 115 884 271 879 164 920 
282 409 292 401 295 403 297 406 280 394 276 391 271 388 293 411 258 390 279 425 263 417 258 477 190 460 274 566 199 586 328 627 299 635 158 617 108 619 232 732 168 748 210 844 133 871 192 856 114 884 263 881 164 920 
281 400 290 393 293 396 295 398 278 386 273 383 268 381 291 404 255 383 278 417 261 409 258 472 190 455 272 560 196 582 327 619 297 625 160 615 109 617 233 733 169 748 210 845 132 871 193 859 111 884 262 882 164 920 
279 393 287 386 290 388 293 390 275 379 270 376 265 374 290 395 253 376 276 410 260 403 258 466 190 448 271 554 195 576 327 611 296 618 162 614 110 617 230 735 164 748 211 848 132 872 193 863 111 888 263 882 164 921 
278 388 286 380 289 382 292 384 274 374 269 371 264 368 287 389 251 370 275 405 259 398 258 459 189 443 269 545 193 571 326 602 296 609 162 611 110 613 229 735 164 748 211 848 133 874 194 864 112 890 262 882 164 921 
276 382 283 375 286 377 289 378 272 368 266 366 261 364 285 383 249 365 273 399 257 392 258 456 186 438 269 540 191 567 325 596 294 602 164 611 111 612 227 737 161 748 210 850 133 873 194 865 112 889 258 885 164 921 
272 374 281 367 284 369 287 371 269 360 263 358 258 356 284 377 247 359 271 392 254 385 257 451 186 432 267 533 190 561 324 591 294 593 166 609 112 611 225 738 161 749 210 850 133 873 194 865 114 889 259 886 164 920 
272 370 280 361 283 363 286 365 268 355 262 353 257 351 282 370 245 353 270 388 254 380 256 447 184 428 268 526 189 556 323 583 292 586 169 608 114 610 224 738 159 748 209 850 133 873 193 864 114 889 259 886 165 920 
269 364 277 355 281 357 283 359 264 349 259 347 253 345 280 365 242 348 267 382 251 374 256 443 182 425 268 522 188 554 321 575 291 578 170 607 115 610 223 737 157 748 207 850 132 874 192 865 114 889 259 888 163 920 
267 357 275 347 278 349 280 350 262 341 257 339 251 337 277 356 239 341 265 374 249 368 255 435 180 420 268 512 187 545 320 561 290 565 175 604 120 607 223 736 151 748 207 850 132 876 190 866 114 890 259 888 163 921 
263 351 271 341 274 343 277 344 258 336 253 334 248 333 274 350 235 336 262 368 246 362 255 429 178 414 271 509 185 539 319 553 287 556 179 602 123 604 220 734 150 746 207 848 132 874 191 864 115 889 260 888 165 921 
261 348 270 338 273 340 276 342 256 333 251 331 246 330 274 348 233 333 261 366 244 360 255 427 178 412 271 507 184 538 318 552 286 555 180 602 124 605 217 733 150 746 207 847 133 873 190 863 118 889 261 888 166 921 
260 345 268 335 272 337 275 338 255 330 249 328 244 327 273 345 231 330 259 363 243 357 255 424 177 409 271 503 183 533 318 547 285 549 183 601 127 604 215 733 147 745 206 846 133 871 189 863 119 887 261 888 166 921 
259 342 266 333 270 334 273 336 253 328 247 326 242 325 271 342 229 328 258 360 242 355 255 423 175 406 272 502 181 530 317 543 282 540 185 602 128 603 215 733 146 743 206 845 133 871 190 862 122 886 261 888 166 921 
257 339 265 329 268 330 271 332 251 325 246 323 241 322 269 338 228 326 257 357 240 352 255 421 174 403 273 501 180 528 317 539 281 535 190 602 131 602 215 732 147 742 206 845 133 870 191 863 121 885 262 888 165 921 
254 336 262 326 265 328 269 329 248 322 242 321 237 320 267 336 225 323 254 354 237 349 256 418 170 402 274 497 180 525 317 534 281 528 194 601 133 601 213 732 148 739 206 844 132 867 192 863 121 883 262 888 164 920 
251 333 260 322 263 324 267 325 245 318 240 316 235 316 266 332 223 319 252 351 235 346 256 413 169 399 275 491 181 524 317 527 282 520 196 601 136 602 213 731 148 740 208 842 132 866 193 861 121 882 262 888 164 919 
250 329 258 318 262 320 265 321 244 314 238 313 233 312 264 328 221 316 251 347 233 343 256 411 168 396 275 490 181 521 317 523 282 515 197 601 137 602 212 731 148 740 209 841 133 866 195 860 122 882 262 887 167 919 
250 327 257 316 261 318 264 319 243 312 237 311 232 310 262 325 219 314 251 345 233 341 255 409 166 395 274 489 181 519 317 514 283 508 199 602 138 602 211 731 147 740 210 841 133 866 196 860 123 882 262 886 167 919 
247 326 254 315 258 316 261 317 240 311 234 309 229 309 260 323 216 312 248 344 231 340 255 405 164 392 269 487 181 515 313 504 284 502 199 602 139 602 212 730 147 740 211 841 134 866 197 860 124 882 262 886 168 920 
245 323 252 313 255 314 259 315 238 309 232 307 227 306 258 321 214 310 246 341 229 337 253 403 163 390 265 486 182 511 313 498 286 497 200 602 140 602 211 730 146 740 211 841 134 866 197 860 125 881 262 886 168 920 
244 323 251 312 254 313 257 314 237 308 231 307 226 306 256 319 213 309 245 341 229 337 253 403 161 389 271 486 183 508 320 496 290 493 202 602 141 603 211 730 146 742 209 840 135 867 194 860 125 882 262 885 168 920 
242 321 248 310 252 312 255 313 235 306 229 305 224 304 254 318 210 308 243 338 227 335 252 402 160 388 273 485 184 506 322 490 292 488 202 602 141 603 210 731 146 743 207 840 136 867 193 858 125 882 262 884 168 920 
240 318 247 308 251 309 254 311 234 304 228 303 222 302 252 316 209 306 242 336 226 332 250 400 160 387 272 485 186 505 326 485 294 485 203 602 143 603 210 731 146 744 206 840 137 868 192 858 125 882 262 882 169 920 
241 319 247 308 251 309 254 310 234 304 228 303 222 302 252 316 209 306 242 335 226 332 247 398 159 387 272 484 189 503 326 479 297 478 203 602 144 603 210 733 146 745 204 840 137 868 191 858 126 883 259 884 169 920 
241 316 247 306 250 307 254 308 233 302 228 300 222 299 250 313 208 304 241 333 226 330 247 398 159 385 272 484 192 500 329 477 297 472 205 602 145 603 210 733 145 746 204 840 138 868 190 857 128 883 259 884 169 920 
241 315 247 304 250 306 254 307 233 300 227 299 221 298 250 312 207 304 241 332 226 329 246 398 158 385 273 485 196 497 333 480 298 462 206 602 146 603 210 733 144 747 203 837 138 868 190 855 127 883 259 884 168 920 
240 314 246 304 250 305 253 306 232 300 226 299 220 298 249 311 206 303 241 331 225 328 246 397 158 385 274 485 200 495 340 479 301 454 207 602 148 603 210 733 143 747 203 837 138 868 190 855 129 883 259 884 168 920 
238 314 245 304 249 305 252 306 231 300 225 299 219 298 249 311 205 303 239 331 223 328 246 397 158 384 274 483 203 490 341 476 303 446 209 601 149 602 210 731 143 746 203 837 138 868 190 855 129 883 259 883 168 919 
238 313 245 303 249 304 252 305 231 299 225 298 219 297 248 311 204 302 239 330 223 327 246 398 158 383 276 484 205 488 349 473 305 439 210 601 150 601 210 731 141 747 203 837 138 868 191 855 129 883 259 883 167 919 
239 312 245 303 249 304 252 305 231 299 225 298 219 297 248 310 204 302 239 329 223 326 246 398 159 382 276 484 209 486 349 471 309 431 211 600 151 601 210 729 141 746 204 836 138 867 192 855 129 883 259 883 166 919 
239 312 245 302 249 303 252 304 231 299 225 297 219 297 248 310 204 302 240 328 224 326 246 397 159 382 276 484 212 482 348 469 311 425 211 600 152 601 211 729 139 746 204 834 138 867 192 854 130 883 259 881 166 917 
239 311 245 302 249 303 252 304 231 298 225 297 219 296 247 309 204 301 240 327 224 325 245 396 159 381 274 483 215 480 352 453 313 419 212 600 153 601 211 727 139 744 204 834 138 867 192 853 130 883 259 880 166 917 
238 311 245 302 248 303 252 304 231 298 224 296 218 296 247 309 204 301 239 327 223 325 245 395 159 381 274 482 219 473 355 454 314 409 213 600 154 601 212 726 139 743 204 832 138 866 192 852 129 883 258 877 167 917 
238 310 245 301 248 302 252 303 231 297 224 296 218 295 248 309 203 301 239 327 223 324 245 395 160 380 275 482 220 471 356 458 314 407 213 600 154 601 212 725 139 743 204 831 138 866 193 851 129 883 259 876 168 917 
238 310 245 301 248 302 252 303 231 297 224 295 218 295 248 309 203 301 239 327 223 324 246 395 160 380 277 481 222 469 361 455 315 403 215 600 155 601 213 725 139 743 205 831 138 866 193 851 130 883 258 876 168 916 
237 310 244 301 248 302 252 303 230 296 223 295 217 295 248 309 203 301 238 327 222 323 247 395 162 380 277 481 223 465 359 455 314 399 216 601 156 601 214 725 139 744 205 831 138 867 193 851 130 883 257 876 168 916 
237 310 244 301 248 302 251 303 229 296 222 295 216 295 248 309 202 301 238 327 222 324 248 395 162 380 280 479 223 462 357 453 314 397 217 601 157 601 214 725 140 744 205 831 138 867 193 851 130 883 257 876 167 916 
236 310 244 301 248 302 251 303 229 296 222 295 216 294 248 309 202 301 237 327 221 324 250 395 162 379 287 479 223 462 359 448 314 398 219 601 158 601 214 725 140 744 205 832 138 867 193 851 129 883 257 878 168 917 
236 310 244 301 248 302 251 303 229 296 222 295 216 294 248 309 202 300 237 327 221 324 251 395 162 379 291 479 222 462 359 450 314 400 221 600 159 600 215 725 142 744 206 832 138 867 194 851 129 884 258 878 168 917 
236 310 244 300 248 302 251 303 229 296 222 295 216 294 249 309 202 300 238 327 221 323 254 395 163 379 294 482 222 464 358 453 314 404 224 600 161 600 216 725 143 744 206 832 138 865 194 851 129 881 258 878 168 917 
236 310 244 300 248 302 252 303 229 296 222 295 216 295 250 309 203 300 238 327 221 324 257 395 163 379 292 483 214 465 349 466 310 411 226 602 163 601 216 727 144 745 206 832 138 864 193 850 129 879 257 878 168 917 
236 310 244 300 248 301 252 303 229 296 223 295 217 295 252 309 204 300 239 327 222 324 259 395 163 379 292 482 206 470 353 469 301 434 227 602 164 601 216 730 146 745 206 833 138 864 193 850 128 879 257 879 169 918 
240 310 246 300 251 301 254 303 232 296 226 295 219 295 253 309 207 300 243 327 226 324 259 395 164 379 291 479 200 479 340 480 295 452 228 602 165 601 217 731 149 745 206 835 138 864 193 851 126 879 259 880 169 919 
245 311 251 301 255 302 258 303 237 297 231 296 225 295 257 309 213 300 248 328 232 324 265 395 164 382 296 484 174 500 346 500 279 479 230 602 167 601 222 733 158 746 206 838 138 863 191 851 126 878 258 884 169 921 
249 313 254 302 258 302 262 303 240 298 234 297 229 296 260 309 216 301 252 329 235 326 269 396 164 384 299 491 165 507 360 513 276 504 231 602 167 601 224 735 162 747 206 838 138 863 189 851 125 878 258 885 170 922 
251 314 256 302 259 303 263 304 242 299 236 298 230 297 261 310 218 301 255 330 238 326 270 398 164 384 300 495 164 507 364 516 275 506 231 602 167 601 225 736 163 748 206 839 139 863 188 851 125 878 258 885 171 923 
254 314 258 302 262 303 265 304 245 300 239 299 233 298 263 310 221 302 258 330 241 327 273 399 164 385 301 493 160 509 370 526 270 528 231 602 167 602 229 737 167 750 206 839 140 863 188 851 126 877 257 885 175 923 
258 316 262 304 265 305 268 306 248 301 243 300 237 299 265 311 224 303 261 332 245 329 275 400 166 385 306 493 157 512 373 540 262 545 231 602 168 605 230 739 174 754 204 839 143 863 185 851 126 878 254 886 186 923 
259 317 263 305 267 305 270 306 250 302 244 301 238 300 268 312 226 304 263 333 247 330 277 400 168 386 307 496 154 515 375 555 247 565 231 602 169 605 233 739 178 755 202 839 146 867 182 851 129 883 254 887 195 925 
261 320 265 307 269 308 272 309 252 305 246 304 240 303 269 314 228 306 265 336 249 333 279 401 169 388 308 502 153 521 374 566 237 583 231 602 169 605 235 739 178 757 204 840 149 868 183 852 132 885 255 888 198 927 
263 322 267 309 270 310 274 310 253 307 248 306 242 306 270 315 229 309 267 338 251 336 281 401 169 391 307 504 152 525 373 573 226 599 231 600 169 605 239 739 180 757 209 839 157 871 190 851 140 889 265 887 209 932 
266 325 269 311 272 312 275 312 256 310 250 309 244 308 271 316 230 311 269 341 253 339 281 401 169 397 307 504 149 532 367 578 219 617 231 600 169 606 273 731 182 758 216 832 165 874 198 849 148 892 277 877 219 933 
267 332 270 317 273 317 276 317 257 316 252 315 246 315 271 320 231 317 269 347 254 346 282 401 169 402 304 503 145 539 356 581 210 627 230 600 168 610 270 733 183 760 219 832 171 879 203 849 154 895 282 875 224 936 
267 338 270 323 273 323 276 323 257 322 252 322 245 321 270 325 230 323 268 353 253 353 282 401 168 408 301 504 142 545 346 584 200 639 229 600 168 612 263 733 187 760 218 830 179 880 203 848 161 896 283 870 230 936 
267 346 269 330 272 330 275 329 257 330 252 329 245 328 269 332 229 330 268 359 253 360 281 402 166 417 294 504 137 558 336 587 181 668 227 603 168 618 241 733 188 761 217 820 182 879 197 841 160 895 280 865 232 935 
266 356 269 340 272 339 275 339 257 340 251 339 245 338 268 339 227 338 268 367 253 370 280 402 163 423 287 504 137 566 329 584 175 684 227 608 169 628 248 742 186 772 217 833 182 885 197 851 158 902 279 883 234 939 
265 359 268 343 271 342 274 341 256 343 250 342 243 341 267 341 225 341 267 370 252 373 280 402 163 424 286 503 138 566 328 584 174 682 227 611 170 630 254 746 184 774 217 833 180 886 190 851 157 902 266 883 233 942 
261 370 265 353 268 352 271 351 252 353 245 352 239 351 266 349 220 348 263 381 247 384 277 402 162 430 284 503 139 573 323 582 166 695 227 609 170 630 256 736 184 773 216 833 179 885 191 850 156 898 267 883 229 935 
257 374 262 357 265 356 269 355 248 357 242 356 235 354 266 352 217 351 260 385 243 388 276 402 162 433 279 501 140 582 317 579 165 710 226 605 170 628 250 718 184 759 226 833 178 863 206 850 163 874 277 883 228 915 
255 378 260 361 264 360 267 358 246 361 240 360 233 359 263 355 215 356 258 389 241 391 273 399 162 437 273 495 141 587 309 578 164 725 225 594 169 623 242 711 187 747 241 831 180 846 225 849 167 856 295 877 227 904 
254 383 259 366 262 365 266 363 245 366 239 364 232 362 262 358 214 358 256 394 240 395 270 398 160 442 269 492 141 590 304 577 163 730 223 589 167 616 231 702 187 735 243 829 188 853 228 848 168 852 299 874 226 903 
253 390 258 372 262 371 265 369 245 371 238 370 231 368 261 363 212 362 254 401 238 402 266 395 159 446 267 489 146 595 300 576 165 730 219 578 162 604 232 672 185 699 235 779 159 772 224 793 143 776 279 822 184 828 
253 394 258 376 262 374 265 372 245 376 238 374 231 372 257 365 212 366 253 406 238 405 259 395 158 450 264 490 149 600 298 576 169 728 215 582 161 606 229 688 185 717 224 796 174 803 219 806 164 784 289 842 222 860 
254 398 259 380 262 378 265 376 247 381 241 379 234 376 255 367 212 370 253 409 238 408 253 397 158 452 260 490 154 603 294 575 170 728 213 582 161 609 225 696 185 734 214 820 176 857 208 837 165 864 278 857 231 905 
255 402 260 385 262 383 265 380 250 385 244 383 238 381 253 370 213 372 253 412 238 412 247 398 158 454 257 490 157 606 291 574 177 727 207 583 160 612 218 718 186 758 210 839 178 901 199 855 163 914 273 875 231 945 
258 402 263 385 265 383 267 380 254 387 249 385 243 383 253 369 217 372 253 411 241 411 244 400 157 453 253 491 157 604 289 573 185 723 205 593 160 617 212 727 187 766 204 838 179 893 190 853 163 912 264 875 234 942 
266 401 270 385 270 383 270 381 265 386 261 385 256 384 253 370 228 373 257 410 249 410 239 400 157 450 247 492 155 602 285 570 193 719 203 599 159 621 208 733 188 774 205 844 180 901 191 858 163 923 265 877 235 946 
271 402 275 386 275 384 274 382 271 387 267 386 263 384 254 370 235 372 261 409 254 410 240 401 155 449 245 494 152 601 285 572 196 717 202 601 156 622 204 736 188 776 203 845 180 901 189 859 162 923 261 878 235 946 
272 402 276 388 276 386 275 384 272 388 269 387 265 386 255 371 238 373 262 409 256 409 239 400 155 448 246 494 151 600 286 572 197 715 201 601 156 622 204 738 189 774 203 844 181 899 188 859 163 921 261 878 234 945 
275 402 278 387 278 386 277 383 275 388 272 387 269 386 256 371 241 374 265 409 260 409 239 400 155 448 245 496 149 600 286 573 201 712 200 600 155 623 207 736 189 777 204 842 181 898 189 858 164 920 262 878 235 945 
277 402 279 387 279 385 278 383 276 388 273 387 270 386 256 371 243 375 266 408 261 409 235 400 155 448 245 496 149 602 287 573 207 712 196 600 153 624 208 740 190 776 205 842 181 897 190 858 164 920 262 877 235 944 
278 402 281 387 280 385 279 383 278 388 275 387 272 386 256 372 244 375 267 409 263 409 235 400 155 447 245 497 148 601 288 573 212 701 194 599 151 623 211 738 184 776 205 842 182 897 190 858 164 921 262 877 235 945 
279 401 281 387 281 385 280 383 279 387 277 386 274 385 257 372 247 374 267 408 264 408 234 401 155 444 244 497 148 601 289 573 219 693 191 597 147 619 211 726 184 775 206 838 184 897 191 855 165 918 269 869 236 945 
280 401 282 386 281 385 280 383 280 387 277 386 274 385 257 372 247 374 268 408 265 408 232 398 155 442 243 492 148 598 293 569 231 677 192 588 146 610 215 719 184 769 211 838 187 894 196 855 166 917 283 867 237 944 
280 401 282 386 281 385 280 383 280 386 277 385 274 384 257 371 247 374 268 407 265 408 228 397 155 439 244 488 148 595 300 560 246 647 190 587 146 612 215 719 187 768 212 838 186 893 199 852 166 917 281 866 238 943 
280 399 282 385 281 384 279 382 279 386 277 385 274 384 256 371 247 374 268 406 265 406 224 396 156 439 246 486 149 592 310 552 257 620 190 588 147 612 205 723 187 768 211 838 186 893 196 853 166 917 281 870 239 942 
280 397 281 383 280 381 279 380 279 384 276 384 273 383 255 371 247 374 267 406 264 406 223 396 156 437 248 480 155 585 321 543 272 583 191 588 147 613 206 725 187 766 210 835 186 891 192 852 166 915 279 871 239 939 
280 393 282 378 281 376 280 375 279 379 277 378 274 378 255 367 247 369 267 403 264 403 225 396 155 435 252 478 156 579 326 529 284 557 193 591 148 614 208 727 186 766 210 836 185 891 193 852 166 915 280 877 239 939 
282 384 283 368 282 367 281 365 281 369 278 368 275 367 258 359 248 358 270 394 266 394 228 398 154 428 255 479 161 569 332 506 275 518 193 594 148 616 208 728 183 766 208 835 184 892 191 851 166 916 278 877 239 939 
283 382 283 366 283 364 281 363 281 366 278 365 275 364 259 357 248 355 271 391 267 391 230 399 154 426 258 479 164 566 335 503 274 516 193 596 148 617 207 728 180 765 207 835 184 892 189 851 166 915 278 877 239 937 
282 380 283 364 282 362 281 361 281 364 278 362 275 361 259 355 247 352 270 391 267 390 231 402 154 423 265 479 170 561 334 497 273 502 192 600 147 618 206 728 178 765 206 836 184 894 189 852 166 915 275 878 239 938 
282 371 283 355 282 353 281 352 280 355 277 354 273 353 259 348 246 346 270 382 267 383 234 402 154 421 275 479 178 557 335 488 278 492 192 601 147 618 206 728 178 764 205 836 184 895 189 852 166 916 275 873 239 938 
279 368 280 353 280 352 280 350 276 353 272 351 267 350 258 345 242 343 269 379 263 380 234 402 154 420 276 472 180 556 333 476 277 491 192 602 147 618 206 729 178 764 205 836 184 895 189 853 167 917 277 869 239 938 
278 363 278 347 278 346 278 345 273 347 269 346 265 344 255 340 239 338 268 374 262 374 236 400 153 418 278 465 186 554 333 471 277 492 192 602 147 617 206 729 178 763 205 836 184 895 189 853 167 917 277 868 239 937 
277 354 276 339 276 338 275 336 272 339 268 337 263 335 251 332 236 331 267 366 261 365 237 397 153 417 279 464 187 551 317 475 278 497 192 601 147 617 206 730 178 762 205 836 183 895 189 853 167 917 278 867 239 937 
273 350 272 335 272 335 271 333 267 335 262 333 257 331 247 330 232 328 264 363 257 362 237 394 153 416 278 463 186 552 307 474 276 504 192 601 147 616 205 729 177 755 205 835 182 894 189 853 167 915 279 866 239 936 
270 347 269 332 268 331 268 330 263 331 259 330 254 328 243 326 228 324 261 360 254 359 237 390 153 414 277 460 184 551 299 475 275 509 192 601 149 616 204 727 177 751 204 833 182 893 188 852 167 915 277 863 239 934 
269 343 267 327 267 327 266 326 262 327 258 325 253 323 242 323 227 321 260 355 253 354 236 390 153 410 259 479 182 549 291 479 274 514 194 601 151 616 205 727 176 752 204 833 181 894 188 852 167 915 276 864 239 934 
267 338 264 322 264 322 263 321 259 322 255 321 250 319 240 320 226 318 259 351 252 350 233 390 153 406 245 479 164 548 288 481 268 527 199 604 159 617 206 728 176 755 203 832 179 894 186 851 165 915 275 864 239 934 
265 336 262 320 262 319 262 319 256 320 252 318 248 317 240 318 224 316 258 349 250 348 233 388 153 405 244 479 153 548 291 487 260 542 202 604 161 617 206 733 179 764 200 832 179 895 183 852 165 915 270 865 239 935 
264 334 261 318 261 318 261 317 255 318 251 317 246 316 239 317 222 315 258 348 250 347 231 388 153 404 241 478 145 546 293 491 254 558 204 605 162 617 212 735 179 764 202 834 179 895 185 852 164 914 273 866 238 935 
264 332 261 317 261 316 260 315 255 316 250 315 246 314 239 316 223 314 258 346 250 345 230 385 154 403 241 476 142 545 295 494 250 562 205 605 162 616 214 736 179 763 204 837 179 895 186 855 164 915 274 868 237 937 
262 331 259 316 260 315 259 315 253 315 248 315 244 313 239 316 222 313 257 345 249 344 230 385 154 401 240 476 138 541 295 499 240 574 207 605 162 616 221 739 180 764 207 840 178 894 188 856 161 914 275 871 237 938 
262 330 259 314 259 314 259 313 252 314 247 313 242 312 239 315 221 313 257 343 249 342 230 386 154 399 235 476 131 537 294 505 230 584 207 605 162 616 226 739 180 764 208 835 178 894 189 853 160 913 276 871 237 939 
261 329 259 314 259 314 259 313 252 314 247 313 242 312 240 315 221 312 257 343 249 342 231 386 155 397 234 479 124 535 294 511 222 590 207 606 163 616 225 738 180 764 207 832 177 892 189 850 159 911 276 870 237 939 
262 327 259 312 259 312 259 311 253 312 248 311 243 310 240 314 222 311 257 342 249 341 234 388 155 396 235 482 117 532 293 516 209 589 209 606 162 615 224 740 180 764 207 832 176 890 189 850 157 909 276 870 235 939 
262 326 259 311 260 310 260 310 253 310 248 310 243 309 240 313 222 310 257 340 249 340 234 388 156 396 233 481 111 528 292 516 201 586 209 607 162 615 224 740 180 767 207 832 176 890 189 850 159 912 275 871 235 940 
262 324 260 309 260 308 260 308 253 308 249 308 244 307 240 312 222 309 258 339 250 338 235 389 157 396 231 481 108 527 290 516 196 584 210 607 163 615 224 740 180 767 202 831 176 889 184 849 159 909 273 871 235 940 
262 323 260 308 260 308 260 307 253 307 249 307 244 306 240 312 222 308 258 337 250 337 235 389 157 395 229 481 105 522 290 517 193 581 210 607 163 615 224 740 181 767 200 831 176 889 182 849 159 909 272 870 235 940 
262 322 260 308 260 307 260 307 254 307 249 306 244 306 240 311 222 308 258 337 250 337 235 390 157 395 230 481 102 519 290 517 191 580 209 607 163 616 223 740 181 766 198 831 177 888 180 849 159 907 267 870 235 940 
262 321 259 306 259 306 259 306 252 306 248 305 243 305 240 311 222 307 257 336 250 336 235 391 155 394 229 482 103 517 290 518 198 571 210 608 163 617 222 740 185 766 197 834 178 887 180 852 160 907 267 871 235 939 
261 321 258 306 258 306 258 306 251 306 246 305 242 304 238 310 221 307 257 336 249 336 235 391 154 394 230 482 106 517 291 517 200 561 210 609 163 618 221 740 188 766 197 836 178 885 180 854 160 903 265 876 234 935 
260 320 256 305 256 305 256 305 250 305 245 304 240 304 236 309 220 306 256 335 248 335 234 391 153 392 228 482 108 516 290 517 211 547 210 609 163 618 218 740 192 763 197 839 177 880 180 855 159 899 265 878 232 931 
259 320 255 305 255 305 255 305 249 305 245 304 240 303 236 309 220 306 255 335 248 334 234 391 152 392 227 483 108 515 290 517 215 543 210 609 163 618 216 740 193 761 197 840 176 878 181 856 158 897 265 879 230 929 
257 321 253 305 253 305 253 305 247 305 243 304 239 304 234 309 219 306 253 335 246 335 232 390 151 392 220 485 109 516 283 517 227 530 209 609 163 618 211 739 193 758 196 840 174 875 180 856 156 893 258 879 229 924 
254 321 250 306 250 305 249 305 244 305 240 304 236 303 230 309 215 306 249 335 242 335 229 390 149 393 220 488 113 517 282 516 230 508 208 609 162 618 207 738 193 755 194 840 172 870 179 856 152 888 257 875 229 911 
250 321 246 306 246 305 246 305 241 305 237 304 233 303 227 309 212 305 245 335 238 335 226 390 146 392 221 488 123 516 283 515 230 488 207 608 161 615 207 737 192 752 192 840 166 865 175 857 148 885 256 875 229 904 
248 321 244 305 244 305 244 305 239 305 235 304 231 303 225 309 209 304 242 335 236 334 219 390 144 392 220 488 138 517 276 512 229 470 202 605 160 612 203 734 192 748 188 838 161 861 172 855 143 882 251 874 227 900 
246 320 242 305 242 305 241 305 237 305 233 304 229 303 222 309 206 304 239 335 233 334 214 390 142 393 221 488 149 519 277 511 229 455 201 602 159 609 207 732 185 743 189 833 154 861 173 850 140 881 248 873 222 899 
243 320 239 305 239 305 238 305 234 305 230 304 226 303 218 309 203 304 236 335 230 334 214 390 136 394 221 491 154 518 275 510 228 444 202 600 156 606 208 730 173 740 191 833 152 861 174 850 139 882 250 873 216 900 
239 321 236 306 236 305 235 305 231 305 228 304 224 303 214 309 199 304 231 335 225 334 206 390 133 394 218 490 157 511 272 509 229 431 201 600 154 607 209 730 164 742 192 833 150 862 175 850 137 882 248 875 211 900 
233 321 230 306 230 306 230 305 225 305 222 304 218 303 210 309 193 304 225 335 219 335 204 390 129 394 214 490 160 499 268 507 239 415 202 600 152 605 211 728 155 727 195 833 150 860 180 850 139 880 249 876 208 899 
228 321 226 307 226 307 225 307 221 306 218 305 214 304 205 310 189 305 220 336 214 335 203 390 126 394 205 490 162 493 266 507 242 414 202 600 150 606 213 728 152 730 198 831 151 857 182 849 140 878 248 875 206 898 
224 323 222 309 222 309 221 308 217 309 213 308 209 307 201 310 185 307 216 337 210 337 199 390 123 394 202 490 163 491 262 507 243 414 201 600 147 606 214 728 153 733 198 832 151 856 182 849 140 876 248 876 204 898 
223 322 221 308 220 308 220 307 216 308 212 307 208 306 199 310 184 307 216 337 210 337 198 390 123 394 202 490 164 488 263 507 246 413 201 600 146 607 215 728 153 734 198 830 151 856 182 847 139 876 246 876 205 898 
221 322 218 308 218 308 218 307 213 308 210 307 205 306 198 310 181 307 213 337 206 337 197 389 122 394 201 490 166 488 263 508 246 412 201 601 145 607 215 728 152 733 199 830 151 856 183 847 140 876 246 876 206 898 
218 322 216 308 215 308 215 307 210 308 206 307 202 306 195 310 178 307 211 337 204 337 195 389 120 394 201 490 169 490 261 508 246 413 201 601 145 607 215 728 152 733 199 830 151 856 183 848 140 876 246 876 204 898 
214 322 212 308 212 308 212 307 206 308 202 307 198 306 192 310 174 307 207 337 200 337 193 387 118 395 200 489 171 491 259 508 244 412 201 601 146 607 215 727 151 734 199 830 151 856 184 847 139 876 248 875 204 898 
211 322 209 308 209 308 209 307 203 308 199 307 195 306 189 310 171 307 204 337 196 337 191 387 116 396 200 488 170 492 258 510 244 408 200 600 146 607 216 726 152 734 200 828 151 856 184 847 139 876 248 874 205 898 
209 322 207 308 206 308 206 307 201 308 197 307 192 306 186 310 169 308 202 337 195 337 190 385 114 397 199 487 169 493 257 509 243 405 200 599 146 607 216 724 152 735 201 828 151 856 186 846 140 876 251 873 204 898 
207 322 204 308 204 307 204 307 199 308 195 307 191 306 184 310 167 308 200 337 194 337 187 384 114 399 199 483 168 493 255 507 240 404 200 597 146 605 217 721 153 732 202 826 151 856 187 845 140 876 253 872 205 898 
206 323 203 308 202 308 202 307 198 308 194 308 190 307 182 310 166 309 199 337 193 337 187 384 113 400 199 481 168 494 255 507 237 402 199 597 146 605 217 721 153 732 203 826 151 855 189 845 140 876 256 872 204 898 
205 323 202 308 201 308 201 307 196 308 192 308 188 307 181 310 165 309 198 337 192 338 186 384 112 401 198 480 168 494 254 506 234 403 199 597 147 605 217 722 153 733 204 826 152 856 189 845 141 876 257 872 204 897 
204 325 202 310 202 309 202 308 197 310 193 309 188 308 182 310 164 309 198 338 191 338 184 384 110 402 199 480 167 494 255 504 227 405 199 597 147 606 223 720 154 733 207 825 152 856 192 844 141 876 261 870 205 897 
205 326 203 311 203 310 202 309 198 311 194 310 189 309 182 311 165 310 198 339 192 339 183 384 107 402 199 478 163 495 261 502 221 407 199 597 147 608 224 720 154 735 212 824 152 856 196 844 141 876 265 869 204 897 
205 326 203 311 203 310 203 309 198 311 195 311 190 310 183 311 166 310 199 339 193 339 183 384 106 402 199 479 160 495 269 496 219 407 200 597 147 609 225 720 155 737 213 820 154 856 198 840 145 875 267 860 204 898 
206 326 204 311 204 310 204 309 199 311 195 311 190 310 183 311 166 310 200 339 193 339 183 385 106 401 201 478 159 496 273 495 219 407 200 597 148 610 227 719 155 740 215 819 155 856 200 839 145 875 268 859 203 898 
206 327 204 311 204 310 204 309 200 312 196 311 191 310 184 311 167 310 200 339 193 339 183 386 106 401 204 478 155 497 281 491 218 407 200 598 148 610 229 718 156 740 215 817 155 856 201 837 145 875 271 854 202 898 
207 327 206 312 206 311 205 310 202 312 199 311 195 310 185 312 169 310 201 339 195 340 184 389 106 401 210 478 150 497 290 486 216 407 200 599 149 612 229 717 156 740 225 815 155 856 215 835 145 875 286 845 202 898 
208 331 207 315 207 315 207 314 203 315 200 314 196 313 188 314 169 312 202 342 195 342 186 391 105 401 215 478 145 499 297 479 213 407 201 599 149 612 229 716 157 740 230 811 155 854 220 832 145 873 295 839 201 897 
209 332 208 317 208 317 208 316 204 317 201 316 197 315 190 316 170 314 203 344 196 344 191 393 105 400 227 477 143 501 311 471 211 407 201 599 150 612 229 717 158 740 237 808 155 852 227 830 145 872 301 835 201 897 
210 334 210 319 210 319 210 318 205 319 202 318 197 317 193 318 170 315 204 347 197 347 195 395 105 399 234 477 141 504 320 461 207 407 202 601 150 615 229 717 160 742 244 806 157 852 232 828 145 872 310 826 202 897 
211 338 210 322 210 321 210 320 206 322 202 320 197 319 194 319 171 317 206 351 198 351 199 395 105 399 241 476 140 505 325 451 204 405 202 603 150 617 229 719 162 744 245 803 158 851 235 823 145 872 315 816 203 897 
212 339 211 323 212 322 212 321 206 323 202 321 197 320 197 320 171 317 207 353 198 353 203 396 105 399 247 474 137 505 328 440 203 403 202 604 150 618 229 718 162 745 245 798 158 851 236 818 145 872 318 809 203 897 
214 340 214 324 214 323 215 322 207 324 202 322 197 321 202 321 171 317 211 355 199 354 208 397 105 398 253 471 135 505 328 424 200 403 203 604 151 619 231 717 164 745 251 792 158 850 242 813 144 871 323 804 204 896 
215 341 216 325 217 324 218 322 208 325 203 323 198 321 205 321 173 318 213 355 201 355 211 397 106 396 258 470 135 505 326 416 198 403 206 604 151 619 233 717 165 743 258 792 158 850 248 812 143 871 326 806 203 896 
217 341 217 324 218 323 219 322 209 324 204 323 199 321 206 321 174 318 214 354 203 354 213 397 109 395 261 469 136 505 325 411 199 404 207 603 151 617 236 716 166 743 255 793 158 849 244 813 142 871 321 810 204 896 
218 340 218 323 219 321 220 320 211 323 206 322 201 320 206 320 176 317 215 354 204 354 214 397 109 395 261 468 137 506 325 410 199 405 207 603 151 616 237 716 166 742 256 793 158 849 244 813 142 871 322 812 204 896 
220 340 220 323 221 321 222 320 213 323 209 321 203 320 209 320 178 316 217 354 206 353 217 397 111 394 263 469 137 506 323 409 200 406 209 600 151 614 238 712 166 739 254 794 158 849 243 814 142 870 319 813 204 896 
222 338 224 321 225 320 226 319 216 321 211 320 206 318 213 320 180 315 220 352 209 351 221 396 114 393 265 469 140 506 322 409 203 406 212 599 151 612 241 710 166 738 253 795 157 849 241 815 141 870 316 823 203 896 
227 339 228 321 229 320 229 319 221 321 217 320 212 318 216 320 185 315 224 352 214 351 225 394 117 393 268 468 140 507 320 412 204 409 216 598 153 610 246 710 166 738 254 795 158 848 240 815 142 867 311 835 203 896 
231 338 232 321 233 320 233 319 225 320 221 319 216 317 220 320 189 313 228 351 218 350 229 394 122 391 274 469 141 507 319 414 208 413 219 596 155 607 247 710 166 738 253 799 159 848 239 818 143 866 306 845 203 896 
234 334 234 319 235 318 236 318 228 318 224 316 219 314 223 319 193 312 230 346 222 345 232 394 126 391 276 469 141 507 312 415 212 416 220 596 156 606 247 711 166 737 252 805 158 848 235 824 143 866 302 852 203 897 
237 332 238 318 238 318 239 317 231 317 227 315 223 314 226 319 197 312 233 344 226 343 237 395 129 391 278 470 141 510 311 420 215 427 223 596 158 606 248 713 164 736 251 809 158 848 232 827 145 866 299 856 203 897 
242 332 241 318 242 318 242 317 236 317 232 315 227 314 227 319 201 312 238 343 231 342 238 395 134 392 283 472 141 511 316 426 222 442 227 596 161 605 248 714 164 735 249 812 158 848 231 830 145 866 296 858 203 897 
244 330 242 317 243 317 243 317 237 316 232 314 227 313 230 318 202 312 241 341 232 340 238 393 140 392 283 473 141 512 318 441 228 455 229 596 164 604 248 716 165 734 247 815 159 849 230 833 146 867 295 861 203 898 
249 329 247 315 248 315 248 315 241 314 236 313 231 311 235 317 207 311 247 340 238 339 241 390 148 393 273 473 140 514 319 477 239 488 234 596 170 603 249 718 166 733 246 817 159 849 229 834 146 868 294 864 203 898 
252 324 251 311 252 311 252 311 243 310 239 309 232 309 241 315 210 311 251 336 241 336 249 389 153 393 275 472 140 515 334 496 247 520 244 596 178 602 250 720 168 732 246 820 159 849 230 837 147 868 294 867 203 898 
257 321 256 308 256 308 257 308 249 308 245 307 239 306 245 312 218 309 256 334 247 333 256 389 158 393 280 473 141 515 346 516 242 546 248 595 181 602 253 720 173 732 247 820 160 850 230 837 148 868 295 868 203 898 
259 319 258 306 258 306 259 306 250 306 246 305 241 304 247 311 220 307 257 331 248 331 260 389 158 393 286 476 141 515 351 519 239 546 249 595 182 602 254 722 173 732 247 819 160 851 231 836 149 869 295 867 203 898 
261 317 261 305 262 305 263 305 252 304 247 303 241 302 254 310 222 306 261 331 250 330 265 389 163 392 290 479 142 515 350 530 239 567 250 595 184 602 257 722 176 732 248 819 161 851 231 836 149 869 294 868 203 897 
264 317 264 304 266 305 268 305 254 303 249 302 243 302 260 309 226 306 264 331 252 330 270 389 167 392 291 482 143 515 350 545 225 588 251 592 188 600 260 721 178 729 248 820 161 849 231 837 149 868 294 869 202 896 
267 317 269 304 271 305 273 305 258 303 253 302 247 302 266 309 231 306 268 331 255 330 275 389 170 391 295 485 144 514 350 552 206 600 254 590 194 598 261 718 182 729 248 820 161 848 232 837 149 867 294 868 202 896 
271 317 273 304 275 305 277 305 263 303 258 302 252 302 270 310 236 305 272 331 259 330 282 389 175 390 300 489 146 512 352 563 191 606 257 590 195 598 262 719 187 729 248 819 162 848 232 837 149 867 294 869 202 896 
275 317 278 305 280 305 282 305 267 303 262 302 256 302 276 310 240 305 276 331 263 330 289 390 177 391 306 491 148 514 353 568 176 615 262 590 199 598 261 719 187 731 248 819 162 848 232 836 149 867 293 869 202 896 
277 318 280 305 283 305 285 305 269 303 263 303 257 302 281 310 243 305 278 331 265 330 296 390 181 391 310 492 152 513 353 573 162 615 264 590 201 597 262 719 191 731 248 819 163 848 233 836 150 866 293 869 202 896 
278 318 282 305 285 305 288 306 270 304 265 303 259 302 285 310 246 305 281 331 266 330 301 391 184 391 314 492 153 510 353 574 151 614 270 590 203 597 264 721 197 731 248 819 165 846 233 836 152 864 293 870 201 896 
278 318 283 305 286 306 289 306 270 304 265 303 260 302 286 311 248 305 281 331 267 331 303 392 186 391 317 492 154 510 353 573 143 613 270 590 203 596 264 721 201 730 248 818 167 843 233 835 153 860 292 870 201 896 
280 318 285 305 288 306 291 306 272 304 267 303 262 302 290 312 252 305 283 331 269 330 309 393 191 390 320 492 155 507 355 574 132 606 273 589 206 593 267 721 206 727 248 818 175 843 234 834 160 860 292 870 203 895 
281 318 286 305 290 306 293 306 273 304 268 303 263 302 293 312 253 305 286 331 270 330 313 393 194 389 324 492 156 503 356 574 128 601 274 588 207 590 269 720 210 723 249 815 182 841 236 831 167 858 292 870 209 893 
283 318 288 305 292 306 295 306 275 303 270 303 265 302 295 312 255 305 288 332 272 330 315 394 195 389 326 493 157 501 359 573 123 599 276 588 207 590 271 720 213 723 253 815 190 841 238 831 178 857 293 869 220 893 
284 318 288 305 292 306 295 306 275 303 270 303 265 302 294 312 254 305 288 331 273 330 315 395 195 389 325 493 157 500 360 572 122 599 277 588 209 590 271 720 213 723 254 815 191 841 239 831 179 857 293 869 221 893 
285 317 289 305 293 306 296 306 277 303 272 302 266 302 295 312 255 305 289 331 274 329 315 395 196 388 326 493 157 500 361 571 123 598 277 588 209 589 272 720 213 723 255 815 195 841 240 830 186 857 292 869 229 893 
285 317 290 305 293 305 296 306 277 303 272 302 266 302 296 312 255 305 289 331 274 329 317 396 197 388 327 494 159 498 363 571 124 595 278 588 210 589 272 719 213 722 255 814 199 842 241 828 190 858 290 869 235 892 
284 316 289 304 293 305 296 306 276 302 271 302 265 301 296 312 254 305 288 331 273 329 320 396 198 387 331 494 160 497 365 572 124 592 278 587 210 588 273 717 213 719 255 814 203 842 241 828 194 858 289 869 242 890 
284 315 288 304 292 304 296 305 276 302 270 301 265 301 296 312 254 304 288 331 272 329 320 396 198 387 332 494 161 497 368 573 123 592 279 587 211 587 273 716 215 717 255 813 208 839 241 827 199 856 288 869 244 889 
283 315 288 304 292 304 295 305 276 302 270 301 265 301 296 312 253 304 287 331 272 329 320 397 198 386 333 495 162 497 371 574 123 592 279 586 212 587 273 716 216 718 255 811 210 840 241 825 201 856 288 868 250 889 
283 315 288 303 291 304 295 305 275 301 270 301 264 300 296 312 253 304 287 331 270 328 320 397 198 386 334 495 162 497 373 574 123 592 280 586 213 587 273 717 217 718 255 811 213 839 241 825 203 855 288 868 250 889 
282 314 288 302 291 303 295 304 275 300 269 300 264 299 296 311 253 303 287 329 269 327 319 397 197 386 334 495 163 497 375 575 123 593 280 587 212 587 271 718 217 718 255 812 214 838 241 825 204 853 287 868 251 888 
280 313 287 302 291 302 295 303 273 300 267 299 262 299 295 310 251 303 285 329 267 327 319 397 197 387 334 496 163 497 375 575 124 593 280 587 212 587 269 722 216 720 255 817 214 838 241 828 205 853 285 869 250 888 
278 312 286 301 289 302 293 302 271 299 265 299 260 298 295 309 250 303 283 328 265 326 319 398 197 387 334 496 163 497 374 576 125 593 280 587 212 587 266 722 216 720 254 819 214 838 241 830 206 853 285 869 249 889 
277 312 285 301 288 301 292 302 270 299 264 298 259 298 294 309 248 303 282 327 264 325 319 398 196 387 334 496 163 498 374 575 125 593 279 587 212 587 265 722 214 720 253 819 215 838 241 830 207 853 284 869 250 889 
277 311 284 300 288 301 292 302 270 298 264 298 258 298 294 309 248 303 281 327 264 325 318 398 196 387 334 496 163 498 373 575 126 593 279 587 212 587 265 722 214 720 253 819 215 839 240 830 207 854 284 869 251 889 
274 311 282 300 286 301 290 302 267 298 262 298 256 297 292 309 246 302 279 326 261 325 318 398 195 387 334 496 163 498 373 576 126 594 279 587 212 587 265 722 213 719 253 820 215 839 241 832 206 854 284 870 250 889 
272 310 279 300 284 300 287 301 266 298 260 297 254 297 290 308 244 302 277 325 260 324 318 398 193 387 334 496 163 499 372 576 126 595 279 587 211 587 265 722 213 718 253 820 214 837 241 833 206 851 284 870 250 889 
272 308 278 298 283 299 286 300 265 296 259 296 253 296 288 306 243 302 277 323 260 322 318 398 192 388 333 496 163 499 372 576 126 596 279 587 211 587 264 722 213 718 253 821 214 835 241 834 205 850 285 870 250 888 
271 307 277 298 282 299 285 299 264 296 258 296 252 296 287 306 242 301 276 323 259 322 317 398 191 388 333 496 163 499 371 576 127 596 279 587 210 587 264 722 213 716 253 821 214 835 241 833 205 850 285 869 250 888 
271 307 276 298 281 298 284 299 263 296 257 296 252 296 286 306 241 301 276 322 259 321 317 398 190 389 332 496 163 500 370 576 127 596 278 587 209 587 264 722 213 716 253 821 214 835 242 833 205 850 285 869 250 888 
271 307 276 297 280 298 284 299 262 296 257 296 251 296 285 306 240 301 275 322 259 321 317 398 189 389 332 496 163 501 369 577 128 597 278 587 209 587 264 722 213 716 253 821 214 836 243 833 206 850 285 869 250 888 
271 307 276 297 280 298 283 299 262 296 257 296 251 296 284 306 240 301 275 322 259 321 316 398 189 390 331 496 163 502 369 577 128 598 278 587 208 587 264 722 213 716 254 821 214 836 243 833 206 850 285 869 250 888 
270 307 275 297 279 298 283 299 262 296 256 296 251 296 283 306 239 301 275 322 259 321 316 398 188 390 330 496 163 502 369 577 128 598 278 588 208 587 264 722 213 716 254 821 214 836 244 833 205 851 285 869 250 887 
270 307 274 297 279 298 282 299 261 296 256 296 250 296 283 306 239 301 274 322 258 321 316 398 188 390 330 496 162 502 368 577 128 598 278 588 208 588 264 722 213 717 254 820 214 836 244 833 206 850 285 869 250 887 
269 307 274 297 278 298 282 299 261 296 255 296 250 296 282 306 238 301 274 322 257 321 315 397 188 390 329 496 162 502 368 577 128 598 278 588 208 588 264 722 212 717 255 820 214 835 244 833 205 850 285 869 250 886 
268 307 273 297 278 298 281 299 260 296 255 296 249 296 282 306 238 301 273 322 257 322 315 397 187 390 329 496 162 502 368 577 128 598 278 588 208 588 264 722 212 717 255 820 214 835 245 833 206 849 284 869 250 886 
268 307 273 298 277 298 281 299 260 296 254 296 248 296 282 306 237 301 273 322 256 322 315 397 187 390 329 496 162 502 368 577 128 597 278 588 208 588 264 723 211 718 255 820 214 835 245 833 206 849 283 870 248 886 
268 307 273 298 277 298 281 299 259 296 254 296 248 296 282 306 237 301 273 322 256 322 314 397 187 390 329 496 162 502 368 577 128 597 278 588 208 588 264 723 211 718 255 820 214 835 245 833 206 849 283 870 248 886 
267 308 273 298 277 298 280 299 259 296 254 296 248 296 282 306 237 301 272 323 255 322 314 397 187 391 329 496 162 503 368 577 128 597 278 588 208 588 264 723 211 718 255 820 214 835 245 833 206 849 283 870 248 885 
267 308 272 298 276 298 280 299 259 296 253 296 248 296 281 306 236 301 272 323 255 322 314 397 186 391 329 496 161 503 367 577 128 597 278 588 207 588 264 723 210 718 255 820 214 835 245 832 206 849 283 870 248 885 
267 308 272 298 276 298 280 299 259 296 253 296 247 296 281 306 236 301 271 323 254 322 313 397 186 391 329 496 161 503 367 577 128 597 278 588 207 588 264 722 210 718 255 820 214 835 244 832 206 849 283 870 248 885 
266 308 271 297 276 298 280 299 258 296 253 296 247 296 281 306 236 301 271 323 254 322 313 397 186 391 329 497 160 502 367 578 128 597 278 588 207 588 264 722 210 718 254 820 214 835 243 832 207 849 283 870 248 886 
266 308 271 297 275 298 279 299 258 296 252 296 246 296 281 306 236 302 270 323 254 322 313 397 185 391 329 497 160 502 367 578 128 597 277 588 207 588 264 722 210 718 254 820 215 835 243 832 207 850 284 870 250 886 
266 308 271 298 275 298 279 299 258 296 252 296 246 296 280 306 235 302 270 323 254 322 313 397 185 391 328 496 159 502 367 578 128 597 277 588 207 588 264 722 210 718 254 820 215 835 243 832 207 850 284 870 253 886 
266 308 271 298 275 298 279 299 257 296 252 296 246 296 280 306 235 302 270 323 254 323 312 397 185 391 328 496 159 502 366 578 128 597 277 588 207 588 264 722 210 718 254 820 216 835 243 832 208 850 284 870 253 886 
265 308 270 298 275 298 278 299 257 296 252 296 246 296 280 306 235 302 270 323 253 323 312 398 185 391 327 496 158 502 366 578 128 597 277 588 207 588 264 722 210 718 253 821 216 834 242 833 208 849 284 870 253 886 
265 309 270 298 274 298 278 299 257 296 251 296 246 296 279 306 235 302 270 324 253 323 311 398 185 391 327 496 157 502 365 578 128 598 276 588 206 588 264 722 209 718 253 821 216 835 241 833 208 849 284 870 253 886 
265 309 270 298 274 298 278 299 257 296 251 296 246 296 279 306 235 302 270 324 253 323 310 398 185 391 326 496 157 502 365 578 127 598 276 588 206 588 264 722 209 718 252 820 216 836 241 833 208 851 285 870 255 886 
265 309 270 298 274 298 278 299 257 296 251 296 246 296 279 306 235 302 269 324 253 323 310 398 185 390 326 496 156 502 365 578 127 598 276 588 206 588 264 722 208 718 252 821 216 837 241 833 208 852 285 870 255 887 
265 309 270 298 274 298 278 299 257 296 251 296 245 296 279 306 234 302 269 324 253 323 309 398 185 390 326 496 156 501 364 578 127 598 275 588 206 588 263 721 207 718 251 821 216 838 239 832 208 853 284 870 254 888 
264 309 269 298 273 298 277 299 256 296 250 296 245 296 278 306 234 302 268 324 252 323 309 398 184 390 325 496 155 501 364 578 127 598 275 588 206 588 263 721 207 718 251 821 216 838 239 833 209 854 284 870 254 888 
264 309 269 298 273 298 277 299 256 296 250 296 244 296 278 306 234 302 268 324 251 323 308 398 184 390 325 496 154 501 364 578 126 598 275 588 206 588 263 721 205 718 251 820 216 838 239 832 209 854 284 870 254 888 
263 309 268 298 273 298 277 299 256 296 250 296 244 296 278 306 234 302 268 324 251 323 308 398 183 390 325 496 153 501 364 578 126 598 275 588 205 588 263 721 205 718 250 819 216 838 238 831 209 853 283 870 253 888 
263 309 268 298 273 298 276 299 255 296 250 296 244 296 277 306 233 302 268 324 251 323 307 398 183 390 325 496 151 501 364 578 126 598 274 588 205 588 263 721 204 718 250 818 216 838 237 831 209 854 283 869 254 888 
263 309 268 298 272 298 276 299 255 296 250 296 244 296 277 306 233 302 268 324 251 323 306 398 182 390 325 496 150 501 364 577 126 598 274 588 205 588 263 721 204 718 250 818 216 837 237 831 209 853 283 869 252 887 
262 308 267 298 272 298 275 299 254 296 249 296 243 296 276 306 232 302 267 324 250 323 306 398 182 390 326 496 147 500 364 577 126 593 274 588 205 588 263 721 205 718 250 818 216 837 238 831 209 853 283 869 252 887 
261 308 266 298 271 298 275 299 254 296 248 296 243 296 276 306 231 302 266 324 249 323 305 397 181 390 326 495 144 500 365 576 125 593 275 588 205 588 263 721 205 718 250 818 216 838 238 831 209 853 283 869 252 887 
260 309 266 298 270 298 274 299 253 296 247 296 242 296 275 306 231 302 265 324 248 323 305 397 179 390 327 495 142 500 365 576 125 595 275 588 206 588 263 721 205 717 252 818 216 836 240 831 209 851 284 869 252 886 
260 310 265 298 270 299 273 300 252 297 247 296 241 296 274 307 230 302 264 325 248 324 305 397 178 390 328 494 140 500 366 574 125 596 275 588 206 588 264 721 205 717 252 818 216 835 241 830 209 849 284 869 250 886 
260 311 266 299 270 299 273 300 253 297 247 297 241 296 274 307 230 302 264 326 248 324 304 396 177 390 329 493 139 500 366 574 125 596 276 588 206 589 264 721 206 718 253 817 216 835 242 830 209 849 285 869 251 886 
260 311 266 299 270 300 273 300 253 297 247 297 241 297 274 307 230 302 264 326 248 324 304 396 177 390 329 493 138 499 366 573 125 596 276 589 206 589 264 721 206 718 254 819 214 833 243 831 207 847 285 870 244 885 
260 311 266 299 270 300 273 300 253 297 247 297 241 297 274 307 230 302 264 326 248 324 304 396 177 390 330 492 138 499 366 570 126 597 275 589 206 590 264 721 206 718 254 819 214 832 245 831 207 846 285 870 242 885 
260 311 266 299 270 300 273 300 252 297 247 297 241 296 274 307 229 302 264 326 247 325 304 396 176 390 330 492 137 500 366 569 126 599 275 590 205 592 264 723 206 719 255 819 213 831 245 831 207 844 285 871 240 885 
259 311 266 299 270 300 273 300 252 297 246 297 241 297 274 307 228 302 264 326 247 325 304 396 176 390 331 491 137 500 366 569 127 600 275 590 205 592 264 722 206 719 255 818 213 830 245 830 206 843 284 871 239 885 
259 311 266 299 269 300 273 300 252 297 246 297 240 297 273 307 228 302 263 326 247 325 303 395 175 390 331 491 137 500 366 569 128 600 275 590 205 592 264 723 206 719 255 818 212 830 245 830 206 842 284 871 239 885 
259 311 265 299 269 300 272 301 252 297 246 297 240 297 273 307 228 302 263 326 246 325 303 395 175 390 331 491 137 500 365 569 129 600 275 590 204 592 264 723 206 720 255 818 212 829 245 829 206 842 284 871 238 885 
259 311 265 299 269 300 272 301 252 297 246 297 240 297 273 307 228 302 263 326 246 325 303 395 175 391 331 491 137 501 364 570 130 602 275 591 204 593 264 723 206 720 255 818 211 828 245 829 206 841 283 871 238 885 
259 311 265 299 269 300 272 301 252 297 246 297 240 297 273 307 228 302 263 326 246 325 303 395 175 391 331 491 137 501 364 570 130 603 275 592 204 593 264 723 205 721 255 818 211 827 245 829 206 839 283 871 237 884 
258 311 265 299 269 300 272 301 251 297 245 297 240 296 273 307 228 302 263 326 246 325 303 395 175 391 331 491 137 501 363 571 130 603 274 592 203 593 264 723 205 722 255 818 212 826 245 829 207 838 283 871 237 884 
258 311 265 299 269 300 272 301 251 297 245 297 240 296 273 307 228 301 263 326 245 325 303 395 175 391 331 491 137 501 363 572 131 604 274 592 203 594 264 723 206 722 255 818 213 826 245 829 207 838 283 871 237 884 
258 311 265 299 269 300 272 301 251 297 245 297 240 296 273 307 228 301 262 326 245 325 303 395 175 391 331 491 137 501 363 572 131 604 274 592 203 594 264 723 206 721 255 817 213 826 245 829 207 838 283 871 238 883 
258 311 265 299 269 300 272 301 251 297 245 297 240 296 273 307 227 301 262 326 245 325 303 395 175 391 331 491 137 501 362 572 131 604 274 592 204 594 264 722 206 721 255 817 213 826 245 828 207 838 283 870 238 883 
258 311 265 299 269 300 272 300 251 297 245 297 239 296 273 307 227 301 262 326 245 325 303 395 175 391 331 491 137 501 362 573 131 604 274 592 204 594 264 722 206 722 255 817 213 827 245 828 207 840 284 870 239 883 
258 311 265 299 269 299 272 300 251 297 245 296 239 296 273 307 227 301 262 326 245 325 303 395 175 391 331 491 137 501 362 574 132 604 274 592 204 594 264 723 206 722 255 817 214 828 245 829 208 840 284 870 239 883 
258 311 265 299 269 299 272 300 251 297 245 296 239 296 273 307 227 301 262 326 245 324 303 395 175 391 331 491 137 501 362 574 132 605 274 592 204 594 264 723 206 722 255 818 213 828 245 830 207 841 284 870 239 884 
258 311 265 298 269 299 272 300 251 297 245 296 239 296 273 307 227 301 262 326 245 324 303 395 175 391 331 491 137 501 362 574 132 607 275 592 204 594 265 723 207 722 255 818 213 828 245 830 207 842 284 870 240 884 
258 310 265 298 269 299 272 300 251 297 245 296 239 296 273 307 227 301 262 326 245 324 303 395 175 391 331 491 137 501 361 574 132 607 275 592 204 594 265 723 207 722 255 818 213 828 245 830 207 842 285 870 241 883 
258 310 265 298 269 299 273 300 251 296 245 296 239 296 273 306 227 301 262 326 245 324 303 395 175 391 331 492 137 501 361 574 132 607 275 592 204 594 265 723 207 722 255 818 213 828 245 830 207 842 285 870 243 883 
258 310 265 298 269 299 273 299 251 296 245 296 239 296 273 306 227 301 263 325 246 324 303 395 175 391 331 492 137 501 361 574 133 607 275 592 204 595 265 723 207 722 255 818 213 829 245 830 206 843 285 870 243 884 
258 310 265 298 269 299 273 299 251 296 245 296 240 296 274 306 227 301 263 325 246 324 303 395 175 391 332 492 137 501 361 575 133 608 275 592 205 594 265 723 207 722 256 818 212 829 245 830 206 843 285 870 241 884 
258 310 265 298 269 298 273 299 251 296 245 296 240 296 274 306 228 301 263 325 246 324 303 395 175 391 332 492 138 501 360 575 134 608 275 592 205 594 265 722 207 722 255 818 211 829 245 830 205 843 285 870 240 884 
258 309 265 298 269 298 273 299 251 296 245 296 240 295 274 306 228 301 263 325 246 324 303 395 175 391 332 492 138 501 360 575 134 608 275 592 205 594 265 723 207 722 255 818 211 829 245 830 204 843 285 870 239 884 
258 309 265 298 269 298 273 299 251 296 245 296 240 295 274 306 228 301 263 325 246 324 303 395 175 391 332 492 138 501 360 575 134 608 275 592 205 594 265 723 206 722 255 818 210 829 245 830 204 843 285 870 239 884 
258 309 265 298 269 298 273 299 251 296 245 296 239 295 274 306 228 301 263 325 245 323 303 395 175 391 332 492 138 501 360 575 135 608 275 592 205 594 265 722 206 722 255 817 210 829 245 830 204 843 285 870 239 884 
258 309 265 297 269 298 273 299 251 296 245 295 239 295 274 306 228 300 262 325 245 323 304 395 175 391 332 492 138 501 360 576 135 608 275 592 205 595 265 722 206 722 256 817 211 828 246 830 204 842 285 870 239 883 
258 309 265 297 269 298 273 299 251 296 245 295 239 295 274 306 228 300 262 325 245 323 304 395 175 391 332 493 138 501 360 576 135 608 276 593 205 595 265 723 207 723 256 818 211 828 246 830 205 842 285 871 239 883 
258 309 265 297 269 298 273 299 251 296 245 295 239 295 274 306 228 300 262 325 245 323 304 395 175 391 332 494 138 501 360 576 135 608 276 593 205 595 265 723 207 723 257 819 211 828 246 831 205 842 285 871 239 883 
258 309 265 297 269 298 273 299 251 296 245 295 239 295 275 306 228 300 262 325 245 323 304 395 176 391 332 494 139 501 360 577 136 608 276 593 205 595 265 723 207 723 257 819 211 828 246 831 205 842 285 871 239 882 
257 309 265 297 269 298 273 299 251 296 245 295 239 295 275 306 228 300 262 325 245 323 304 395 176 391 331 494 139 501 360 577 137 607 276 593 205 595 264 724 207 723 257 820 211 828 246 831 204 842 285 871 239 882 
258 308 265 297 269 298 273 299 251 296 246 295 240 295 275 306 228 300 263 324 246 322 304 396 176 391 331 495 140 501 360 577 137 606 276 592 205 595 264 723 207 723 257 820 211 828 246 831 204 842 285 871 239 882 
259 308 266 297 270 298 274 299 252 295 246 295 240 295 275 306 229 300 263 324 246 322 305 396 176 391 330 496 141 501 360 578 137 606 276 592 205 594 264 723 207 723 256 820 210 830 246 832 204 846 285 872 239 883 
259 307 266 297 270 298 274 298 252 295 246 295 240 295 276 306 229 300 264 323 247 321 305 396 177 391 330 497 141 502 360 580 137 606 276 592 205 594 264 724 207 723 256 821 210 830 246 832 204 845 284 872 239 883 
259 307 266 297 270 297 275 298 252 295 246 295 241 295 276 306 229 300 264 323 247 321 305 397 177 391 329 498 142 502 360 581 137 605 276 592 206 593 264 723 208 723 256 821 210 830 246 833 204 845 284 872 239 883 
260 307 266 297 270 297 275 298 252 295 246 295 241 295 276 306 229 300 264 323 247 321 306 397 177 391 327 499 143 502 360 582 137 605 276 592 206 593 264 722 208 723 256 820 210 830 245 832 204 845 284 872 239 883 
260 307 266 297 271 297 275 298 252 295 246 295 241 295 276 306 229 300 264 323 248 321 306 397 178 391 327 499 144 503 360 582 137 605 277 592 206 593 264 722 208 722 256 819 210 830 245 831 204 845 284 872 240 883 
260 307 267 297 271 297 275 298 252 295 247 295 241 295 276 306 230 300 265 323 248 321 306 397 178 391 326 499 145 503 360 582 137 605 276 592 206 593 264 722 208 722 256 820 211 829 245 832 204 844 284 872 240 883 
261 307 267 297 271 297 276 298 253 295 247 295 241 295 276 306 230 300 266 323 249 321 306 397 178 391 325 499 145 506 360 582 137 608 276 592 206 593 264 722 207 722 256 820 211 829 245 831 204 844 284 872 240 883 
261 307 267 297 271 297 276 298 253 295 247 295 241 295 276 306 230 300 266 323 249 321 306 397 178 391 324 499 146 506 360 582 137 610 276 592 206 593 264 722 207 721 256 820 211 829 245 831 204 843 284 872 240 882 
261 307 267 297 271 297 276 298 253 295 247 295 241 295 276 306 230 300 266 323 249 321 306 398 178 392 323 499 147 509 359 582 137 617 276 593 206 594 265 722 207 722 256 820 212 829 245 831 205 843 284 872 240 882 
261 307 267 296 271 297 276 298 253 295 247 295 241 295 277 306 230 300 266 323 249 321 306 398 178 392 323 499 147 511 359 582 137 621 276 593 206 595 265 722 207 722 256 820 212 829 245 831 205 843 284 872 240 882 
263 307 268 297 272 297 276 298 254 295 249 295 243 295 277 306 231 300 267 323 251 321 306 398 179 392 323 499 148 511 359 582 137 619 276 593 206 595 265 723 207 722 256 820 211 830 245 831 205 844 284 871 240 883 
263 307 268 297 272 297 276 298 254 295 249 295 243 295 277 306 231 300 267 323 251 322 306 398 179 392 323 499 149 511 359 582 136 618 276 593 206 595 265 723 207 722 256 820 211 830 245 831 204 846 284 872 240 884 
262 307 268 297 272 297 276 298 254 295 248 295 242 295 277 306 231 300 267 323 250 322 306 398 180 392 323 499 149 510 360 581 135 618 276 593 206 595 265 723 206 722 256 819 211 831 245 830 205 846 284 872 240 884 
261 307 268 297 272 297 276 298 253 295 248 295 242 295 277 306 231 300 266 323 250 322 307 398 180 392 323 499 150 510 360 581 135 618 276 593 206 595 265 723 206 722 256 819 211 830 244 830 204 845 284 871 240 883 
261 308 268 297 272 297 276 298 253 295 248 295 242 295 278 306 231 300 266 324 249 322 307 398 180 392 323 498 150 510 360 579 134 616 276 593 206 594 265 723 206 721 256 819 211 830 244 830 204 845 284 871 240 882 
261 308 268 297 272 297 276 298 253 295 248 295 242 295 278 306 231 300 266 324 249 322 307 398 181 392 323 498 151 509 361 578 132 612 276 592 206 594 265 723 206 721 255 819 211 830 244 830 204 845 283 871 240 882 
261 308 268 297 272 297 276 298 253 295 248 295 242 295 278 306 231 300 266 324 249 323 307 398 181 392 323 498 151 509 361 578 132 610 276 592 206 593 266 723 207 720 255 819 211 830 243 830 205 845 283 871 240 882 
261 308 268 297 272 297 276 298 253 295 248 295 242 295 278 306 231 300 266 324 249 323 307 398 181 392 324 498 151 509 362 578 131 609 277 592 206 593 266 723 207 719 255 818 211 830 243 829 205 845 283 871 240 882 
261 308 268 297 272 297 276 298 253 295 248 295 242 295 278 306 231 300 266 324 249 323 307 398 181 392 324 498 152 509 362 578 130 609 277 592 206 593 266 723 207 719 255 818 212 831 243 829 205 846 283 871 241 883 
261 308 268 297 272 298 276 298 253 295 248 295 242 295 279 306 231 301 266 325 249 323 308 398 182 392 325 498 153 509 362 578 129 609 277 592 206 593 266 723 207 719 255 818 212 831 243 829 205 846 283 871 242 883 
260 309 268 297 272 298 276 298 253 295 248 295 242 295 279 306 231 301 266 325 249 323 308 398 182 392 326 498 153 509 363 578 128 609 277 592 206 592 266 723 207 719 255 817 212 830 243 828 205 845 282 871 241 883 
260 309 268 297 272 298 276 298 253 295 248 295 242 295 279 306 231 301 266 325 249 323 309 398 182 392 326 499 153 509 363 578 127 609 277 592 206 592 266 724 207 719 255 816 212 830 242 827 205 844 282 870 241 883 
261 309 268 297 272 297 277 298 254 295 248 295 242 295 279 306 232 301 266 325 249 323 309 398 182 392 326 499 154 509 364 578 127 609 277 592 207 592 266 724 208 719 254 817 213 830 242 827 206 844 282 870 241 883 
261 309 268 297 273 298 277 298 254 295 248 295 243 295 280 307 232 301 267 325 249 323 310 398 183 392 327 499 154 509 364 578 127 609 277 592 207 592 266 724 208 719 254 817 213 830 242 827 206 844 282 870 241 883 
262 309 269 297 273 298 278 298 254 296 249 295 243 295 280 307 233 301 267 325 250 323 310 398 183 392 327 499 154 509 364 578 127 609 277 592 207 592 267 724 208 719 255 817 213 830 242 827 206 844 282 870 241 883 
262 309 269 297 274 298 278 299 255 296 249 295 244 295 281 307 233 301 268 325 250 323 311 398 183 392 327 499 154 509 364 578 127 608 277 592 207 592 267 724 208 718 255 818 214 829 243 828 206 842 282 871 239 882 
263 309 270 297 274 298 279 299 255 296 250 296 244 295 281 307 234 301 268 325 251 323 311 398 183 392 327 499 154 509 364 578 127 608 278 592 207 592 268 724 208 718 255 819 214 829 244 829 207 842 282 872 238 882 
263 309 270 297 275 298 279 299 256 296 250 296 244 296 281 307 234 301 268 325 251 323 311 398 184 392 327 499 154 508 364 578 128 607 278 592 207 592 268 724 208 718 255 819 214 829 245 830 207 842 282 872 237 882 
264 309 271 297 275 298 280 299 256 296 251 296 245 296 282 307 235 301 269 325 251 323 312 398 184 392 327 499 155 508 364 578 128 607 278 592 207 592 268 724 209 718 256 819 214 829 245 830 207 842 282 872 238 881 
264 309 271 297 276 298 280 299 256 296 251 296 245 296 282 307 235 301 269 326 252 323 312 398 184 392 327 499 155 508 364 578 128 607 278 592 207 592 268 724 209 717 256 819 214 829 245 830 207 842 282 872 239 881 
264 309 272 297 276 298 280 299 257 296 252 296 246 296 283 307 236 301 270 326 252 323 312 398 185 392 327 499 155 508 364 578 128 605 278 592 207 592 268 725 209 717 255 819 214 833 244 829 207 847 282 872 243 885 
265 309 272 297 277 298 281 299 258 296 252 296 247 296 283 307 237 301 270 326 253 323 313 398 185 392 327 499 155 507 364 578 128 604 278 592 207 592 268 725 209 718 255 818 215 834 244 829 208 848 282 871 244 886 
266 309 273 298 277 298 281 299 259 296 253 296 248 296 283 308 238 301 271 326 254 323 313 399 185 392 327 499 155 507 364 578 128 603 278 592 207 592 269 725 209 718 255 818 217 834 244 828 210 848 283 870 247 886 
267 310 273 298 278 298 282 299 259 296 254 296 248 296 284 308 238 301 272 326 255 323 314 399 186 392 328 499 156 506 364 578 128 602 278 592 207 592 269 725 210 718 255 818 217 834 244 828 211 848 283 870 247 886 
267 310 273 298 278 298 282 299 260 296 254 296 248 296 285 308 239 301 272 326 256 324 314 399 187 392 328 499 156 506 365 578 128 602 278 592 207 592 269 726 210 719 255 818 217 836 243 828 210 851 283 870 248 886 
267 310 274 298 278 298 283 299 260 296 254 296 249 296 285 308 239 301 272 326 256 324 315 399 188 391 328 499 157 505 365 578 128 601 278 592 207 592 270 726 210 719 255 817 217 838 243 828 210 852 283 869 250 886 
267 310 274 298 279 299 283 300 260 296 255 296 249 296 286 308 240 301 273 326 256 324 315 399 189 391 328 500 157 504 365 578 128 601 278 592 207 592 270 726 211 719 255 817 217 838 243 828 210 852 284 869 251 886 
269 310 275 298 280 299 284 300 262 297 256 296 250 296 287 308 241 301 275 326 258 324 317 399 190 390 328 500 158 503 366 578 129 600 278 592 207 591 270 726 211 719 254 817 217 838 242 828 210 852 284 869 251 887 
270 311 276 299 281 300 285 301 262 297 257 297 251 296 288 309 242 301 275 326 258 324 318 399 191 390 328 500 158 502 366 578 129 600 278 592 207 591 270 726 211 720 253 816 217 839 240 828 210 854 284 868 253 888 
270 311 277 299 282 300 286 301 263 297 258 297 252 296 288 309 242 301 275 327 259 324 318 399 192 390 328 500 159 502 366 578 129 600 278 591 207 591 270 726 211 720 253 816 217 840 240 827 210 855 284 868 255 888 
271 311 278 299 282 300 287 301 264 297 258 297 252 297 289 309 243 301 276 327 259 325 318 399 193 389 328 500 160 502 366 578 130 600 278 591 208 590 270 726 211 720 253 816 217 840 239 827 210 855 284 868 254 888 
272 311 279 299 283 300 287 301 265 297 260 297 254 297 289 309 244 302 277 327 261 325 319 399 193 389 329 500 161 501 366 578 130 599 278 591 208 590 270 726 211 719 253 817 216 840 239 829 209 855 284 869 254 888 
275 312 281 300 286 300 289 301 268 298 263 297 257 297 290 309 246 302 280 327 264 325 320 399 195 389 331 500 162 500 367 579 130 599 279 591 208 590 270 726 211 719 253 820 216 839 240 832 209 854 284 870 252 888 
278 312 284 300 288 301 291 302 271 298 265 298 260 297 292 310 249 302 283 327 267 325 322 399 196 389 332 500 163 500 368 579 131 599 279 591 208 589 270 726 211 719 253 820 216 839 240 832 209 854 284 870 253 888 
281 312 287 300 291 301 294 302 274 299 268 298 263 298 294 310 252 302 286 327 270 325 323 399 197 389 333 501 164 499 368 579 132 599 279 590 208 588 270 726 211 720 253 820 216 839 240 832 208 854 285 870 252 888 
285 312 291 301 294 302 298 303 278 299 272 298 267 298 298 310 256 303 290 327 274 325 326 399 199 389 334 501 164 499 370 580 133 599 280 590 209 588 270 726 211 720 253 820 216 839 241 832 208 854 285 870 252 888 
287 312 293 301 297 302 300 303 280 299 275 298 270 298 301 310 259 303 292 327 276 325 328 400 201 389 335 502 165 499 371 580 133 599 280 590 209 588 270 726 211 720 254 818 216 839 243 830 208 854 286 869 252 888 
289 312 295 301 299 302 303 303 282 299 277 299 272 298 303 311 262 303 294 327 278 325 330 401 202 388 336 502 165 499 371 581 133 599 280 591 209 588 270 725 210 721 255 816 216 839 243 828 208 854 287 868 252 888 
291 313 297 302 301 303 305 304 284 299 279 299 274 298 306 311 264 303 296 327 279 325 332 401 205 388 338 503 167 499 374 581 135 596 280 591 209 588 270 725 210 721 255 815 215 839 243 828 207 854 286 868 250 888 
292 313 299 302 303 303 307 304 286 299 281 299 276 298 308 311 267 303 297 327 281 325 335 401 208 387 339 502 169 497 376 581 136 593 280 591 209 586 270 724 210 719 255 815 215 839 244 828 207 854 287 868 250 889 
292 313 299 302 303 303 307 304 286 300 281 299 275 298 309 312 266 303 296 328 280 325 336 401 209 387 340 502 169 496 376 581 136 592 280 590 209 585 271 724 211 719 255 814 214 839 244 827 206 854 287 868 250 889 
292 313 300 302 304 303 309 305 287 300 282 299 276 298 311 313 267 303 297 328 281 326 337 401 212 386 341 502 171 495 377 581 136 591 280 590 210 585 272 724 211 719 255 815 214 838 244 828 206 854 288 868 249 889 
295 313 303 303 307 304 311 305 289 300 285 299 279 298 313 313 270 303 299 329 283 326 338 402 214 385 342 502 172 493 379 581 136 586 280 590 210 585 273 723 212 719 255 815 214 838 243 828 205 854 288 868 249 889 
297 314 305 303 309 304 314 305 292 300 287 299 281 299 315 313 272 303 302 329 285 326 339 402 216 385 344 503 173 492 380 581 136 586 280 590 210 585 273 723 212 719 256 816 214 837 243 830 205 854 290 869 247 889 
299 314 307 303 311 304 315 306 294 300 289 299 283 299 317 313 274 303 303 329 287 326 340 403 217 385 345 503 173 492 383 581 137 585 281 590 211 585 275 723 213 719 256 816 213 838 243 830 205 854 291 869 243 891 
301 314 309 303 313 304 317 306 295 300 290 300 285 299 319 313 275 303 305 329 289 326 342 403 218 385 346 504 174 492 386 582 139 584 281 591 211 585 275 722 213 719 256 816 208 838 243 830 200 854 291 869 237 893 
304 314 312 304 316 305 320 306 298 300 293 300 288 299 321 314 278 303 308 329 292 326 343 404 221 384 347 505 176 490 390 582 140 583 281 591 211 584 275 723 207 721 256 815 200 843 242 828 192 859 291 869 226 900 
306 314 314 304 318 305 322 306 300 301 295 300 290 299 324 314 280 303 310 330 294 327 344 404 224 383 349 505 179 488 393 583 145 578 282 590 211 583 277 721 204 721 256 812 194 843 240 827 186 859 292 868 217 902 
308 314 316 304 320 305 324 307 302 301 297 300 292 299 325 314 282 304 312 330 295 327 345 404 226 382 351 505 180 487 395 583 146 577 282 590 211 583 278 719 200 721 256 811 190 845 240 827 182 861 293 868 210 906 
309 315 317 304 321 305 325 307 303 301 298 300 292 299 327 314 282 304 313 330 296 327 346 405 227 382 352 505 180 487 396 583 147 577 283 590 211 583 279 719 196 721 256 809 184 850 239 825 175 864 293 867 205 909 
311 315 319 305 323 306 327 307 305 301 299 300 294 300 329 315 284 304 315 330 298 327 347 405 228 381 353 505 180 487 398 583 148 574 283 590 211 583 279 719 190 725 256 809 174 862 238 827 165 875 294 868 197 915 
314 315 321 305 325 306 329 308 308 302 302 301 297 300 330 315 286 304 317 330 301 327 347 405 230 381 354 505 181 486 398 581 149 572 283 590 211 582 280 719 187 725 255 811 168 861 235 829 159 873 293 868 186 917 
315 315 322 306 326 307 330 308 309 302 303 301 298 300 331 315 287 304 318 330 302 327 348 405 230 380 355 505 182 485 400 581 149 571 283 590 212 582 280 719 186 725 254 813 167 863 233 831 157 874 294 869 184 920 
316 317 323 307 327 308 331 309 310 304 305 303 300 302 332 316 288 305 320 331 303 328 349 405 231 380 356 504 182 484 401 580 150 569 283 589 212 581 280 719 184 725 254 814 160 866 233 832 149 879 294 869 180 922 
318 318 325 309 328 310 332 311 312 306 307 305 301 304 333 316 289 307 321 333 305 330 350 405 232 380 357 504 183 483 402 580 151 567 283 588 212 580 280 718 181 725 253 815 154 868 233 833 143 881 294 869 175 921 
319 321 326 311 329 312 333 313 313 309 308 307 302 306 333 318 290 309 322 336 306 333 350 405 233 379 359 504 184 482 405 580 152 566 283 587 212 580 280 718 179 724 253 815 149 867 233 833 137 881 294 870 165 921 
321 324 328 314 331 314 335 315 315 311 310 309 304 308 335 319 292 310 324 338 308 335 351 405 234 379 359 504 185 481 405 580 152 566 283 587 211 579 280 709 177 720 253 813 145 865 232 832 134 880 294 870 159 920 
322 327 329 316 332 317 336 318 317 313 312 312 306 310 336 322 294 312 324 341 310 337 351 405 237 378 360 504 187 476 406 580 153 556 283 585 211 577 280 706 175 716 253 813 139 865 232 832 128 879 294 870 153 920 
325 329 331 318 334 319 337 319 319 315 315 314 309 312 336 324 296 314 326 343 312 339 351 405 238 378 360 504 187 473 407 580 154 552 283 584 211 574 280 707 174 714 253 813 135 864 232 832 125 879 294 870 151 919 
325 330 332 319 335 320 338 320 320 316 315 315 310 313 338 325 297 315 327 344 313 340 351 406 239 377 360 504 188 471 409 580 154 548 282 584 210 574 280 707 173 713 253 813 134 861 232 832 130 878 294 870 149 919 
327 330 333 319 336 320 339 321 322 317 317 315 312 314 338 325 298 316 329 344 315 341 352 406 240 377 360 504 189 470 409 580 154 548 283 584 210 574 280 708 172 713 253 813 134 858 232 832 132 874 294 870 148 919 
327 331 333 320 336 321 339 322 322 317 317 316 312 314 339 325 298 316 328 345 314 341 352 406 240 377 360 504 189 470 411 580 154 548 282 584 210 573 280 709 170 713 253 813 130 857 231 832 122 873 294 870 145 916 
328 332 334 321 336 321 340 322 323 318 318 316 313 315 339 326 298 316 329 346 315 342 352 406 240 377 360 504 189 470 413 578 154 548 283 584 210 573 279 711 169 713 252 812 129 856 231 832 118 872 294 870 145 916 
328 332 334 321 337 321 340 322 323 317 318 316 313 314 339 326 298 316 329 346 315 342 352 406 240 377 360 503 189 470 414 575 154 549 283 583 211 572 280 710 170 709 254 812 129 854 231 832 119 870 294 870 143 916 
329 331 334 321 337 321 340 322 323 317 318 316 313 314 339 326 299 316 330 345 316 341 352 406 240 377 360 503 189 470 415 575 153 549 283 583 211 571 280 710 170 708 254 811 129 853 231 832 118 870 294 870 142 915 
329 330 335 320 337 320 340 321 323 317 319 315 313 314 338 325 299 316 330 344 317 341 352 406 240 377 361 503 189 471 416 573 152 550 283 583 211 571 280 710 170 709 254 812 127 853 231 833 116 871 294 870 143 914 
331 330 336 319 338 319 341 320 325 316 320 315 314 314 338 324 299 316 332 344 319 340 352 406 241 377 363 502 189 471 420 570 152 550 284 583 211 571 281 710 170 708 254 811 125 853 230 832 114 871 293 870 143 913 
332 329 336 318 338 318 340 319 325 315 320 315 314 314 338 323 299 315 332 343 320 340 352 405 240 377 364 500 189 471 424 564 152 550 284 583 212 571 282 711 169 709 253 811 125 853 228 831 113 871 293 870 144 913 
331 329 335 317 338 318 340 318 324 315 319 314 314 313 337 322 299 315 332 343 319 340 351 404 240 378 368 497 189 471 429 557 152 551 284 583 213 571 282 712 169 709 252 811 126 853 228 831 114 871 292 870 145 913 
331 329 333 317 336 317 338 317 323 315 318 314 312 313 334 321 297 315 332 343 319 340 350 402 240 378 375 491 189 472 438 540 152 551 285 583 215 572 282 712 170 709 252 811 127 851 228 831 115 869 292 870 145 911 
330 329 332 317 334 317 337 317 322 315 317 314 311 313 332 320 295 315 331 343 319 340 349 399 240 378 380 485 189 474 447 531 152 552 286 583 216 571 283 713 170 709 252 811 127 852 228 831 115 869 293 871 147 911 
330 327 331 314 333 314 335 315 321 313 316 312 310 312 330 318 294 314 331 341 319 338 349 398 239 379 385 483 189 476 453 524 152 557 287 583 217 572 284 714 170 709 252 811 127 852 229 829 116 870 293 870 147 911 
329 327 330 313 332 313 334 313 321 312 316 312 310 311 328 316 293 314 331 340 318 338 349 397 239 380 387 481 189 479 457 517 152 562 288 583 218 572 285 718 170 709 252 811 128 853 229 828 116 871 292 870 147 911 
329 326 329 312 331 312 333 312 320 311 315 311 309 310 326 315 292 314 331 339 318 337 349 396 238 381 389 479 189 481 462 513 152 564 289 583 219 572 286 718 171 709 252 811 128 855 229 828 116 874 292 870 148 911 
329 325 328 311 330 311 332 311 320 311 314 310 308 310 325 314 291 314 331 339 318 337 349 395 238 382 389 477 190 481 464 508 154 565 290 583 220 572 286 717 172 710 253 811 128 855 230 829 116 874 294 870 149 911 
329 324 328 311 329 310 331 310 319 310 314 310 308 310 324 314 290 313 331 338 318 336 349 394 237 382 390 476 190 482 465 508 155 566 291 583 221 572 286 717 174 710 256 811 129 856 234 830 116 874 298 870 151 911 
328 324 327 310 329 310 331 310 319 310 313 309 307 309 324 313 290 313 331 337 318 336 349 393 237 382 391 476 190 482 464 506 158 565 293 583 223 572 286 716 176 709 256 811 130 853 235 830 126 868 298 870 151 910 
328 323 327 309 329 309 331 309 319 309 313 309 307 309 323 313 290 313 331 337 318 335 349 393 237 383 390 476 190 483 464 504 161 565 294 583 224 572 285 716 177 710 256 811 131 853 235 830 123 868 298 870 152 911 
328 322 327 309 329 309 331 309 319 309 313 308 307 308 323 312 289 313 331 336 318 335 349 393 237 383 391 476 191 482 466 502 166 559 295 583 226 572 285 716 177 710 256 812 131 853 235 831 120 867 298 869 152 910 
328 322 327 309 329 309 331 309 319 308 313 308 307 308 323 312 289 312 331 336 318 334 349 393 237 383 391 477 191 480 465 499 171 550 296 583 227 572 285 716 179 710 256 812 131 852 235 831 119 866 298 869 153 910 
328 322 327 309 329 309 331 309 318 308 313 308 307 308 324 312 289 312 331 336 318 334 349 393 237 383 390 477 192 478 466 494 173 541 296 583 228 572 286 717 179 708 255 812 131 844 234 831 118 855 297 868 151 905 
328 322 327 309 329 309 331 309 318 308 313 308 307 308 325 313 289 312 330 336 318 334 350 393 238 383 390 477 194 473 466 489 179 527 297 583 228 572 286 717 179 708 254 812 130 840 234 831 116 850 297 868 148 904 
328 323 328 309 330 309 332 309 319 309 313 309 307 308 327 313 290 313 331 337 318 335 351 393 239 383 390 478 193 473 464 481 183 522 297 584 229 574 286 717 179 708 254 813 128 840 234 832 112 852 297 868 146 903 
329 323 329 310 331 310 333 310 319 309 314 309 308 309 328 314 292 313 331 337 319 335 352 394 239 383 390 479 191 473 463 474 188 514 298 585 230 574 286 719 179 708 254 813 126 841 234 831 110 853 297 868 144 903 
329 323 330 310 332 310 334 310 320 309 314 309 309 309 329 314 293 313 332 337 319 335 353 394 240 383 388 480 188 472 458 469 190 506 299 585 230 574 286 719 178 710 254 813 123 841 234 831 106 855 297 867 144 904 
331 323 331 310 333 310 335 310 321 309 316 309 310 309 330 314 294 313 333 337 321 336 355 395 240 383 386 482 186 473 451 466 195 497 300 585 231 574 286 719 178 710 254 813 120 842 234 831 101 858 296 867 143 904 
332 323 333 310 335 310 337 310 323 309 318 309 312 309 331 314 296 313 334 337 322 335 355 396 240 383 385 483 185 472 447 461 197 489 300 585 231 574 286 718 178 710 253 813 121 839 233 831 102 854 295 867 142 903 
333 323 334 310 336 310 338 310 324 309 319 309 314 309 332 314 297 313 335 337 323 335 356 396 240 383 384 484 184 472 446 460 198 488 300 586 231 574 286 718 178 710 252 813 121 838 233 831 103 853 294 867 142 902 
333 323 334 310 336 310 338 310 324 309 319 309 313 309 333 314 297 313 335 337 323 335 357 397 241 383 382 485 184 472 443 458 202 480 300 586 231 574 286 719 178 712 252 813 120 839 232 831 100 854 293 867 141 902 
333 323 334 310 336 310 339 310 324 309 319 309 313 309 334 315 297 313 335 337 323 335 357 397 241 382 382 486 183 473 439 455 210 470 300 586 231 574 286 719 178 712 253 813 117 839 233 831 100 855 293 867 138 901 
333 323 335 311 337 311 339 311 324 310 319 309 314 309 335 316 298 313 335 338 323 336 357 397 241 382 381 487 181 474 437 452 214 460 300 586 230 574 286 719 178 712 253 813 114 840 233 831 98 855 293 867 135 902 
333 324 336 311 338 312 340 312 325 310 320 309 315 309 336 316 298 313 335 338 323 336 357 397 241 382 381 487 180 476 436 448 216 455 300 585 230 573 286 719 180 712 253 813 113 839 233 831 96 854 293 867 133 901 
334 324 336 312 339 312 341 312 326 310 321 310 315 309 336 317 299 313 336 339 324 337 357 398 241 381 381 487 177 477 433 444 220 446 300 585 230 571 286 719 184 710 253 813 112 834 233 831 96 847 292 868 128 898 
334 325 337 313 339 313 341 313 326 311 321 310 316 309 337 317 299 313 336 340 324 338 357 398 241 380 382 487 176 477 432 441 221 441 300 584 230 569 286 718 187 708 253 813 111 828 233 831 95 838 292 868 125 894 
334 325 337 313 339 314 342 314 327 311 321 310 316 310 337 318 299 313 336 340 324 338 357 398 241 379 383 487 175 478 432 439 220 438 300 583 229 567 286 718 191 706 254 813 112 819 234 830 97 824 292 868 121 887 
334 325 337 313 339 314 342 314 326 311 321 310 316 309 337 318 299 313 336 340 323 338 357 398 241 379 385 486 174 478 433 434 221 435 300 583 229 566 286 718 195 704 255 813 113 810 235 830 103 813 292 868 117 878 
334 325 337 313 339 314 342 314 327 311 321 310 316 309 337 318 299 313 336 340 323 338 357 398 241 378 386 485 173 478 432 433 222 432 300 581 229 564 286 717 198 700 256 815 117 801 236 832 109 805 292 869 119 866 
334 325 337 313 339 314 342 314 326 311 321 310 316 309 337 318 299 313 335 340 323 338 357 397 241 378 387 485 173 478 432 432 223 430 300 579 229 561 286 713 202 695 256 814 121 795 236 832 111 799 291 869 120 858 
334 325 337 313 339 314 342 314 326 311 321 310 316 309 337 318 299 312 335 340 323 337 357 397 241 377 387 484 173 478 432 431 224 429 300 578 229 560 286 712 203 694 256 815 123 793 236 832 113 797 292 869 121 855 
334 325 337 313 339 313 342 314 326 311 321 310 316 309 337 318 299 312 335 340 323 337 357 397 241 377 389 483 173 478 432 429 223 427 300 577 229 559 286 712 204 691 257 815 128 785 236 832 121 789 291 869 121 850 
335 323 337 311 339 312 342 312 327 309 322 309 316 308 337 316 300 311 335 338 324 336 357 395 241 377 389 481 173 478 433 426 223 425 300 575 229 557 286 712 207 690 257 816 136 772 236 832 132 775 291 869 123 838 
335 322 337 310 340 311 342 311 327 308 322 308 316 307 337 316 300 310 335 338 324 335 357 395 241 377 390 479 172 477 433 423 224 421 300 575 229 557 286 712 207 689 257 816 139 771 236 830 136 773 289 868 125 834 
335 322 338 310 340 310 342 311 328 308 322 307 317 306 337 315 300 310 336 338 324 335 356 394 241 377 391 477 172 477 433 424 225 420 300 575 229 557 286 712 207 688 256 816 141 767 236 830 138 768 289 868 127 828 
335 322 338 310 340 311 342 311 328 308 323 307 317 306 337 315 300 310 336 338 325 335 356 394 241 377 393 477 172 477 433 424 226 418 299 574 229 555 286 709 208 679 256 815 148 758 236 829 145 761 287 867 133 818 
336 323 339 311 341 311 343 312 329 309 324 308 319 307 337 316 301 311 337 338 326 336 356 394 242 377 393 476 172 476 432 421 227 416 299 573 229 553 287 708 209 675 256 815 155 752 236 828 151 756 287 867 139 815 
337 323 339 311 342 311 344 312 330 309 325 308 319 307 338 316 301 311 337 338 326 336 356 395 242 377 395 477 172 475 432 421 228 415 298 571 229 552 287 709 210 676 255 814 159 744 234 828 154 741 287 867 142 807 
337 323 340 311 342 312 344 312 330 309 325 309 319 308 339 317 302 311 338 338 327 336 356 395 243 376 395 477 172 474 432 421 228 413 298 571 229 551 287 709 211 675 255 815 161 738 234 830 156 736 287 868 145 803 
337 324 341 312 343 313 345 313 331 310 326 309 320 308 340 318 303 311 338 339 327 337 356 396 244 376 395 479 172 473 432 422 230 410 297 570 228 550 287 708 212 672 255 814 161 737 234 830 155 735 289 868 146 798 
338 325 342 313 344 314 346 314 332 311 327 310 322 309 340 319 305 312 339 340 328 338 356 398 244 376 395 481 172 472 432 425 230 407 296 571 228 550 287 707 214 669 256 814 163 723 235 830 153 717 289 868 148 786 
339 325 343 313 345 314 347 314 333 311 328 310 323 309 341 319 306 312 340 340 329 338 356 399 244 376 395 484 172 470 432 430 231 405 295 571 227 550 287 707 216 668 256 814 163 722 235 830 153 717 290 869 148 786 
341 325 344 313 346 314 348 315 335 311 330 310 325 309 342 319 308 312 341 340 330 338 356 400 245 375 395 485 172 468 432 432 231 405 294 571 227 549 287 707 216 668 256 814 162 727 235 830 153 721 290 869 148 789 
341 325 345 313 347 314 349 315 336 311 331 310 326 309 343 320 309 312 342 340 330 337 356 401 245 375 393 488 172 467 433 436 231 403 294 570 226 548 286 707 215 666 256 814 161 726 235 830 152 720 290 869 148 789 
341 325 345 314 348 315 350 315 336 311 331 310 326 309 345 321 309 312 342 340 330 337 356 402 246 374 392 491 172 464 433 442 230 400 293 570 226 547 285 707 215 664 256 815 160 720 235 832 152 713 290 871 147 786 
342 325 346 314 349 315 351 316 337 311 332 310 327 309 346 321 312 312 343 340 331 337 356 404 247 374 389 493 172 461 434 445 230 397 293 569 226 545 285 707 215 663 255 815 160 721 235 833 150 715 290 871 146 786 
345 325 348 314 351 315 353 316 339 311 335 310 330 309 347 322 314 313 346 340 334 337 357 406 247 374 384 498 170 458 434 455 230 391 293 568 226 544 285 707 215 661 255 815 159 719 235 833 148 714 290 871 142 781 
347 325 350 314 352 315 355 316 341 311 337 310 333 309 348 322 316 313 347 340 335 337 357 408 248 374 379 501 170 454 433 459 229 388 292 568 226 543 283 707 215 659 255 817 157 711 235 834 144 704 290 871 138 772 
349 325 352 315 355 316 357 318 343 312 340 311 335 310 350 323 319 313 349 340 337 337 357 410 249 374 376 502 170 450 432 464 228 383 291 568 225 542 283 707 214 657 255 817 155 708 235 834 141 701 289 871 138 770 
351 326 354 316 356 318 358 319 346 313 342 312 338 310 352 323 322 314 351 341 340 337 358 411 250 374 372 504 170 447 431 467 228 381 291 568 225 541 283 707 214 655 254 817 154 709 235 835 141 704 289 871 138 771 
353 328 356 318 358 319 359 320 347 314 344 313 340 312 353 325 323 315 352 342 341 339 358 411 251 374 370 505 169 446 431 471 227 380 291 567 225 540 283 708 214 654 253 817 154 707 234 836 141 701 289 872 138 768 
353 331 357 320 359 322 360 323 348 316 345 315 341 313 354 326 325 315 352 343 341 340 359 412 252 373 369 506 169 444 431 472 227 376 290 567 225 539 283 708 213 654 253 818 154 702 234 836 141 696 289 872 137 763 
354 333 358 322 360 323 362 324 350 318 346 316 343 315 356 328 327 317 354 345 343 341 359 414 254 373 367 507 169 441 431 475 228 372 289 566 224 539 283 707 213 652 253 818 154 702 233 836 141 697 290 872 137 763 
356 334 360 323 362 325 364 326 352 319 348 317 344 315 358 329 329 317 355 346 344 342 359 415 254 372 366 509 170 440 431 477 228 370 287 566 222 538 283 705 212 650 253 818 152 704 233 837 139 698 290 871 138 764 
357 335 361 324 363 325 364 326 353 320 349 318 346 316 358 329 329 318 356 347 345 343 359 416 255 372 366 509 170 440 431 478 228 370 286 566 222 538 283 704 210 650 253 816 152 703 233 836 139 698 289 871 139 764 
358 336 362 325 364 326 366 327 354 320 350 318 347 317 360 331 331 318 357 348 346 343 359 417 256 372 366 509 171 438 431 480 229 371 284 565 220 538 283 702 208 650 253 815 152 702 232 836 139 696 290 871 139 762 
359 337 364 327 366 328 368 329 356 322 352 320 348 318 362 333 333 319 358 349 347 345 359 418 258 371 366 510 172 438 431 482 230 371 283 565 220 537 282 702 208 648 252 815 151 701 232 836 139 696 290 871 140 761 
360 338 365 328 367 329 369 330 357 323 353 321 349 318 364 334 334 320 359 350 347 345 360 420 259 371 366 513 172 436 431 484 231 372 282 565 218 536 282 701 207 644 252 816 150 701 230 836 136 695 290 871 140 760 
365 341 370 331 372 332 374 333 361 325 357 323 353 321 369 337 339 322 363 353 351 348 360 424 261 371 366 516 173 436 432 488 235 371 279 565 216 536 282 701 206 639 252 815 146 696 230 836 132 691 290 870 138 756 
368 342 373 332 375 334 377 335 364 327 360 325 356 323 371 339 342 324 366 355 354 350 360 427 264 371 366 520 174 434 434 491 239 370 278 565 215 536 282 704 204 638 253 815 143 694 230 836 129 685 290 870 134 755 
370 345 375 335 378 337 380 338 366 330 362 328 358 325 374 343 344 327 368 357 355 352 360 430 267 371 366 521 176 432 434 493 243 369 277 566 215 536 282 704 204 635 255 818 141 689 232 839 127 678 291 870 130 745 
371 347 377 338 379 339 381 340 368 333 364 330 360 328 375 345 346 329 369 360 357 354 360 433 269 371 366 524 178 430 434 497 246 367 275 567 213 536 282 705 201 634 255 819 137 688 232 839 124 679 290 870 125 747 
373 349 378 340 380 341 382 343 369 335 366 333 362 330 376 347 348 331 370 362 359 356 361 436 271 372 365 526 179 428 435 500 251 365 273 568 212 536 282 705 201 631 254 819 135 687 231 841 121 679 290 870 122 746 
373 351 379 343 382 344 383 346 371 337 367 334 363 332 378 350 349 332 371 364 359 358 361 437 273 373 364 528 181 426 435 503 254 362 272 568 211 536 282 704 198 632 254 819 134 680 231 841 120 670 290 870 118 737 
375 351 381 343 383 345 385 346 373 337 369 335 365 333 379 351 352 333 372 364 361 358 361 439 274 373 363 530 182 424 435 505 256 361 271 569 211 536 282 704 196 630 254 819 129 682 230 841 113 673 289 870 113 741 
376 351 382 343 383 345 385 347 373 337 370 335 366 333 379 352 352 334 373 364 362 357 361 441 276 374 362 531 183 423 435 507 258 360 270 570 210 536 282 704 196 629 253 819 127 683 229 842 111 675 287 870 113 741 
378 351 383 344 385 345 386 347 375 338 371 336 368 334 380 352 354 334 375 365 364 358 361 442 277 374 361 533 185 421 435 508 260 359 270 570 210 536 282 704 194 630 253 820 127 681 229 842 111 671 287 870 109 741 
380 353 384 345 386 347 387 349 377 340 373 338 369 336 380 352 355 336 376 366 366 360 361 444 279 374 361 533 186 419 434 510 262 357 269 570 209 535 281 704 194 629 253 821 125 674 229 844 109 663 287 870 105 736 
380 353 386 346 388 348 389 350 378 340 374 338 371 336 382 353 357 336 377 367 367 360 361 444 280 373 359 534 188 417 434 510 265 356 268 569 209 533 280 702 193 629 253 820 121 672 230 844 105 661 287 869 100 734 
382 354 387 347 389 349 391 350 379 341 375 339 372 336 383 354 357 336 378 368 368 360 361 445 280 373 358 535 188 415 433 511 266 354 267 567 209 531 276 700 193 629 251 821 118 671 229 844 102 659 287 870 96 732 
383 354 388 348 390 350 392 352 381 342 377 340 373 337 384 355 359 336 379 369 369 361 361 446 282 372 355 535 190 413 430 513 269 352 267 564 209 528 272 695 193 628 250 821 110 672 228 845 90 662 288 870 90 733 
384 355 389 349 391 351 392 353 382 343 378 340 374 338 385 357 360 337 380 369 369 361 360 446 283 372 354 536 190 411 429 514 270 352 266 563 209 527 268 693 194 626 250 823 108 670 228 846 84 662 289 869 90 733 
384 355 390 349 391 351 393 353 382 343 378 340 375 338 385 357 360 337 380 369 370 361 360 447 284 372 353 536 191 411 428 515 269 352 265 563 209 526 267 691 194 626 250 824 105 671 227 848 81 663 291 869 89 733 
385 355 390 349 392 351 393 353 382 343 379 340 375 338 386 357 361 337 381 369 370 361 360 447 285 373 352 536 191 411 428 517 269 353 264 562 209 525 268 685 197 624 250 821 103 671 227 845 78 663 290 867 86 734 
386 355 390 349 392 351 394 353 383 343 380 341 376 339 386 357 361 338 382 370 372 362 360 448 284 374 351 536 191 412 427 518 269 353 264 562 208 525 268 686 200 624 249 821 103 671 227 845 78 662 290 868 85 733 
386 355 390 349 392 351 394 353 383 343 379 341 375 338 386 356 360 338 383 370 372 362 360 448 284 375 352 536 190 413 427 519 268 358 264 562 208 525 268 684 205 624 249 821 105 669 226 845 82 661 290 868 84 733 
387 355 391 349 392 351 394 352 383 343 380 341 376 338 386 356 360 338 383 370 373 362 360 448 284 375 352 536 190 416 426 519 268 362 264 562 208 524 268 685 206 624 248 820 106 669 225 843 84 659 289 868 85 732 
387 355 391 349 392 350 394 352 383 343 380 341 376 338 386 356 360 338 384 370 373 362 360 448 284 375 352 536 190 418 426 518 267 364 264 561 208 523 269 685 211 624 247 820 105 669 225 843 84 659 290 868 86 732 
387 355 390 348 392 350 394 352 383 343 380 340 375 338 386 356 360 337 384 370 374 362 360 448 284 375 353 535 190 421 426 518 266 367 264 561 208 523 269 685 212 624 247 820 106 669 224 843 85 659 290 868 87 732 
387 353 390 347 392 348 394 350 383 341 380 339 375 336 386 355 359 337 384 369 374 362 361 448 284 375 353 535 190 425 426 515 263 372 265 561 209 523 269 686 216 624 246 822 106 670 223 845 85 659 291 868 87 732 
387 352 390 345 392 346 393 348 383 339 379 337 375 335 386 353 358 336 384 367 373 360 361 445 283 376 356 532 189 429 426 508 257 377 266 561 209 523 270 686 216 628 246 822 107 673 222 845 86 663 291 868 87 736 
386 350 390 342 391 344 393 345 382 337 378 335 373 332 385 350 355 333 383 366 373 359 362 441 280 375 358 528 187 434 427 502 250 385 267 561 210 524 270 685 217 632 245 821 109 676 222 845 90 666 292 868 92 740 
383 347 387 338 389 340 390 341 379 334 375 331 370 329 381 345 350 329 380 362 370 356 362 434 275 374 362 519 187 444 431 491 238 401 268 561 210 526 273 685 219 640 246 821 114 686 222 844 94 678 292 867 100 748 
381 345 385 337 387 338 388 339 377 332 372 330 367 327 379 343 348 327 377 360 368 354 362 432 273 373 364 515 188 446 433 488 235 404 269 561 210 528 274 685 218 643 246 821 118 687 222 844 99 679 292 868 103 749 
379 343 382 334 384 335 386 336 375 330 370 328 365 325 376 340 346 325 375 358 365 353 361 427 272 372 367 509 188 449 436 482 228 411 269 560 210 529 275 685 219 648 245 821 126 690 221 844 107 683 292 869 111 756 
372 339 376 329 377 330 379 330 367 325 363 323 358 321 371 334 340 323 369 353 360 350 361 420 268 372 375 501 188 454 443 466 218 430 271 560 211 535 276 688 225 660 246 821 136 699 221 844 119 692 292 870 121 764 
368 335 371 325 372 326 373 326 362 322 358 320 353 318 365 330 336 320 366 349 356 346 359 417 265 372 381 494 195 451 449 454 211 442 273 561 212 539 279 690 229 664 247 821 142 702 223 844 125 695 292 870 129 770 
364 333 366 323 368 323 369 323 358 320 354 318 349 317 360 327 332 318 362 347 353 345 357 413 263 372 386 486 198 454 453 448 206 455 274 562 213 544 281 694 232 669 248 821 148 707 224 844 131 699 292 870 138 774 
363 333 365 323 366 323 367 323 357 320 353 318 348 316 358 327 331 317 361 347 351 344 357 414 263 372 389 485 200 453 454 448 205 455 275 564 215 545 283 695 232 671 249 820 149 709 225 844 131 701 292 871 139 775 
361 332 362 321 363 322 364 322 355 319 350 318 345 316 355 326 327 317 358 346 349 344 356 412 261 373 391 478 205 452 458 439 200 468 277 565 217 547 285 696 233 673 250 820 154 713 225 843 135 707 291 871 145 779 
359 331 359 320 360 320 361 320 353 318 349 317 344 315 350 324 324 317 356 345 347 343 355 408 257 375 394 470 203 455 463 430 199 479 279 568 219 551 286 700 234 679 251 820 161 718 226 843 144 712 292 871 154 783 
354 331 354 319 355 320 356 320 347 318 343 316 338 315 346 323 318 317 351 345 342 343 354 402 251 379 402 456 202 461 467 413 198 497 285 572 223 556 289 704 236 688 251 819 169 730 227 841 153 721 289 871 165 794 
353 330 352 318 353 318 354 318 346 317 342 316 337 314 341 321 317 316 350 343 342 342 353 399 250 380 405 448 202 461 470 406 195 507 288 575 225 560 290 706 237 694 251 819 178 725 227 840 165 716 288 871 173 790 
350 330 350 319 352 319 353 319 343 317 339 316 334 315 341 322 315 316 348 344 339 342 352 397 249 381 407 441 202 464 471 401 192 517 289 577 227 564 291 709 238 698 252 819 184 725 228 840 174 717 288 871 180 789 
348 330 349 318 350 318 352 318 341 316 337 315 332 314 340 322 312 316 347 343 338 342 352 395 248 383 411 434 201 467 472 394 189 528 291 578 229 567 290 710 240 701 253 819 187 726 229 840 176 718 288 871 183 788 
348 330 348 318 349 318 350 318 341 317 336 316 331 314 338 322 311 316 346 343 337 342 352 394 247 386 413 427 201 471 473 389 186 543 292 579 230 569 290 712 240 701 254 819 189 728 230 840 179 719 288 871 188 787 
347 330 347 318 348 318 348 318 340 317 335 316 330 315 336 321 311 316 345 343 336 342 352 392 245 389 414 421 199 478 475 381 182 549 294 580 232 572 290 715 240 704 254 819 193 727 233 839 183 717 288 871 191 786 
346 330 346 318 347 318 347 318 338 317 334 316 329 315 335 322 310 317 344 343 335 343 351 390 244 390 414 416 197 483 477 376 179 560 295 581 232 574 290 716 241 708 255 819 197 727 235 839 187 716 289 871 195 786 
346 333 344 320 345 319 346 319 338 319 334 319 329 318 332 322 310 320 343 346 335 346 351 389 242 392 414 414 195 488 478 373 175 567 296 582 232 576 289 717 241 707 255 819 201 728 236 839 191 716 290 871 200 783 
345 335 343 321 344 321 345 321 337 322 333 322 328 321 331 323 309 323 342 348 334 348 350 388 241 394 414 411 194 491 478 371 173 571 297 582 232 577 289 716 240 709 257 819 206 732 238 838 196 721 290 871 205 783 
345 337 343 323 344 322 344 322 337 323 334 323 329 323 329 323 309 324 342 350 334 350 350 388 240 395 414 410 193 492 479 370 173 574 298 581 232 577 290 716 240 708 259 819 208 743 241 838 196 739 290 871 208 785 
345 339 342 324 343 323 343 322 336 324 333 324 328 324 328 324 309 325 341 351 333 351 349 388 239 396 414 408 192 496 479 369 171 577 299 582 232 579 292 715 236 707 263 819 211 749 245 837 201 748 292 871 215 786 
343 342 341 326 341 325 342 325 335 327 331 327 327 326 327 326 307 327 339 353 332 353 349 388 237 397 415 407 191 498 479 368 166 581 299 582 232 580 293 715 235 709 265 819 218 761 247 835 209 762 293 871 233 815 
341 345 339 330 340 329 340 328 333 330 329 330 325 329 327 329 305 329 338 355 330 356 349 389 236 401 416 404 188 504 481 368 158 591 300 583 232 584 297 715 235 719 269 818 247 795 250 834 243 812 295 871 274 842 
339 347 337 333 338 332 338 331 331 333 327 332 322 331 325 333 303 332 336 359 328 359 349 389 234 405 417 403 187 510 485 366 151 599 302 585 233 588 298 715 235 721 274 817 249 808 256 833 244 820 299 870 280 849 
337 350 336 336 336 335 337 334 329 335 325 335 320 334 324 335 301 334 334 361 326 361 348 389 232 408 419 403 186 514 487 366 146 607 303 589 234 591 299 716 235 722 274 817 249 790 254 832 243 796 298 871 278 838 
336 352 335 339 336 338 336 337 328 339 324 338 320 337 323 338 301 337 334 363 325 364 348 390 230 413 421 402 183 521 488 368 140 618 304 593 235 597 301 718 235 731 272 818 256 802 253 833 249 801 298 871 281 840 
335 355 334 342 335 341 335 341 326 342 322 341 318 340 323 341 299 340 333 366 323 367 348 392 229 416 421 404 181 525 490 369 135 625 304 595 236 600 302 719 235 735 271 819 263 798 252 833 254 792 298 871 285 839 
333 358 332 345 334 345 335 344 325 344 321 343 316 342 323 344 298 342 331 369 321 369 347 395 228 418 423 405 180 528 490 369 134 629 305 597 236 603 306 720 234 737 271 816 262 804 251 831 252 814 298 869 285 853 
332 362 331 349 333 349 334 348 324 348 320 348 315 347 323 348 297 346 330 373 320 374 347 397 228 420 423 406 180 530 490 372 133 632 305 598 236 604 308 721 233 734 271 816 256 807 251 831 244 819 298 869 278 853 
331 363 331 350 332 350 333 349 323 350 319 349 315 349 322 350 297 348 330 374 320 375 347 401 226 423 425 406 180 532 493 375 133 633 305 599 236 606 309 723 234 734 272 815 252 778 252 831 241 785 298 868 273 822 
330 367 330 354 331 353 332 353 322 353 318 353 313 352 322 353 296 350 329 377 319 378 347 402 225 425 425 408 179 535 493 382 133 636 305 600 236 607 310 726 234 734 272 813 255 801 253 829 239 805 297 865 276 847 
330 367 329 354 331 353 332 353 321 353 317 353 313 352 322 353 295 351 329 378 319 378 347 403 224 425 425 409 178 535 493 384 133 636 306 602 236 610 309 731 233 738 279 806 253 796 262 823 239 797 301 859 276 845 
329 369 328 356 330 356 331 355 321 356 317 355 313 354 321 355 295 353 328 380 318 380 346 404 223 426 426 411 178 538 494 386 134 640 306 603 236 612 309 733 237 740 277 807 268 801 252 824 254 817 296 860 291 855 
328 370 327 357 328 357 329 356 319 357 316 356 311 356 318 356 293 354 327 380 317 381 346 406 221 428 426 418 175 542 495 394 135 646 306 608 236 616 309 736 237 741 280 805 263 812 260 821 249 830 299 859 284 862 
326 372 325 359 326 359 327 358 318 359 314 359 309 358 317 358 291 356 325 382 315 383 346 407 219 429 427 422 174 543 497 398 135 647 307 610 236 618 310 742 234 745 279 810 257 766 260 828 249 762 298 863 283 813 
324 373 324 361 325 360 326 359 316 361 312 360 308 359 316 359 290 357 323 383 314 384 345 409 218 430 427 427 174 543 498 402 139 646 307 611 236 620 310 742 232 747 278 811 260 751 259 831 259 745 297 865 286 791 
323 378 323 364 325 364 326 363 315 364 311 363 307 362 317 362 289 359 322 387 312 388 344 409 217 431 428 432 174 544 500 408 143 647 307 611 236 620 312 743 232 748 270 814 264 759 246 834 262 760 294 867 296 806 
322 381 323 367 325 366 326 366 314 366 310 365 305 364 317 364 288 361 321 391 311 391 344 409 216 432 430 437 174 545 504 411 147 648 307 611 236 621 312 742 233 748 268 819 295 764 241 840 307 766 292 870 334 807 
322 383 323 368 324 368 326 367 314 368 310 367 305 365 317 366 288 362 321 392 310 392 344 410 215 432 430 441 173 546 505 417 149 650 307 611 235 621 312 741 235 747 267 824 298 756 242 843 302 751 291 872 330 793 
322 382 323 368 324 368 326 367 314 367 310 366 305 365 317 365 287 361 321 391 310 392 344 411 215 432 431 444 173 545 506 425 153 648 307 613 234 622 312 740 234 746 266 829 307 757 240 848 314 758 290 875 340 802 
322 382 323 368 324 368 326 367 314 368 310 366 305 365 317 366 288 362 321 392 311 392 344 412 215 432 432 448 172 545 506 431 156 648 307 614 234 623 312 741 233 746 266 830 309 760 240 849 317 760 288 876 342 811 
322 383 323 369 324 368 326 367 314 368 310 367 305 366 318 366 288 362 321 392 311 392 344 413 215 432 432 450 171 545 506 435 159 647 307 614 234 623 312 740 233 746 266 830 308 771 241 848 316 769 288 876 339 814 
322 382 323 368 324 368 326 367 314 368 310 367 305 366 318 366 288 363 321 392 311 392 344 413 215 432 432 451 171 545 506 437 160 647 307 614 233 623 314 739 233 746 267 829 303 773 242 847 314 775 288 876 331 827 
322 384 323 369 325 368 326 368 314 368 310 367 305 366 319 366 288 363 322 393 311 393 344 414 215 432 432 452 171 545 507 438 161 646 307 615 233 624 315 739 233 747 267 828 308 785 242 846 316 775 288 876 341 816 
322 385 323 370 325 369 326 369 314 369 309 368 305 367 319 367 287 363 322 394 311 394 345 415 215 432 432 453 170 545 509 438 161 646 307 615 233 624 315 739 233 749 267 828 311 786 242 846 320 779 288 876 340 824 
321 387 323 372 324 372 326 371 313 371 309 370 303 368 320 368 287 364 321 396 310 396 345 415 215 433 433 454 170 544 513 437 161 643 307 615 233 624 315 739 232 748 267 828 312 774 242 846 323 773 287 876 355 806 
319 390 321 375 324 374 325 374 312 374 307 373 302 371 320 370 285 365 320 398 308 398 345 415 215 434 435 453 169 545 517 435 160 642 307 616 233 624 314 744 231 750 267 827 274 746 243 845 275 737 288 876 298 784 
318 391 321 377 323 376 325 375 311 376 306 375 301 373 320 371 284 367 319 400 308 400 346 415 215 435 437 452 169 544 520 432 160 641 307 616 233 625 314 743 231 750 268 827 278 746 243 845 280 738 288 876 306 784 
318 392 321 378 323 377 325 376 311 377 306 375 301 374 320 372 284 368 319 401 308 401 347 415 215 437 441 449 168 545 525 422 160 641 308 617 234 625 315 745 231 752 268 827 279 729 243 845 281 717 288 876 308 760 
319 393 321 378 323 378 325 377 311 378 306 376 301 375 320 373 284 369 319 402 308 402 347 415 215 437 445 441 167 546 526 412 157 644 308 617 234 625 314 746 231 752 268 823 278 733 244 844 279 722 289 876 306 767 
319 393 321 378 323 378 326 377 311 378 306 377 301 376 322 373 284 370 320 402 308 402 348 415 216 437 447 436 167 546 528 398 155 644 309 617 235 625 313 746 231 751 269 821 261 737 248 840 257 731 289 876 284 783 
319 393 322 378 324 377 327 377 311 378 306 377 301 376 323 373 284 370 320 402 308 403 349 415 217 438 448 430 167 546 528 390 152 644 309 617 235 625 312 746 231 750 272 818 252 782 256 839 241 790 291 875 270 835 
320 394 323 379 326 379 328 378 312 379 307 378 302 377 325 374 286 371 322 404 309 404 350 415 219 438 450 428 167 545 527 383 150 641 309 617 235 625 313 746 231 747 273 812 243 807 258 837 232 820 292 873 267 858 
322 394 325 380 328 379 330 378 314 379 309 378 304 377 328 374 288 371 324 403 311 403 352 414 221 438 451 427 167 544 526 376 145 638 309 616 236 624 314 745 232 746 273 813 223 808 257 838 215 817 293 873 242 863 
323 394 326 380 329 379 331 378 315 380 310 378 305 377 329 374 289 371 325 403 312 403 352 414 222 438 451 426 167 543 526 375 144 637 309 616 236 622 315 745 232 742 274 813 218 803 259 838 212 810 294 873 233 858 
323 394 327 381 330 380 332 379 316 380 311 379 306 377 331 375 290 371 325 403 312 403 352 414 223 437 451 426 167 542 519 370 141 634 309 615 235 620 316 743 232 742 271 814 211 800 255 837 206 804 294 873 219 850 
324 395 328 381 331 380 334 379 318 380 313 379 308 377 333 375 293 370 326 403 313 403 353 414 225 435 452 427 168 537 511 366 138 631 309 615 236 619 315 745 232 742 264 816 196 802 242 835 191 802 291 874 191 855 
325 394 330 381 332 380 335 379 319 380 314 379 309 377 334 375 295 370 326 403 314 402 353 413 227 432 451 427 169 534 502 367 136 627 309 614 236 617 315 745 229 741 262 818 182 804 240 835 174 802 291 875 173 855 
326 393 331 379 334 378 337 378 321 378 317 376 312 374 337 374 299 368 328 401 316 399 355 413 230 428 451 432 171 528 485 371 137 620 309 613 235 613 313 744 225 740 260 819 168 819 237 833 157 819 290 876 159 877 
328 392 333 378 336 377 339 377 323 377 319 375 315 373 338 373 302 366 330 400 318 399 357 413 232 425 450 436 172 524 473 373 137 616 309 611 235 610 313 741 220 740 260 819 161 835 236 833 151 841 290 877 156 894 
330 390 336 376 338 376 341 375 325 375 321 373 316 371 340 372 303 365 332 399 320 397 358 413 235 422 449 439 174 522 467 374 138 612 306 611 234 609 312 741 214 740 261 815 160 851 237 826 147 858 290 876 162 914 
332 388 337 374 340 373 342 373 327 372 322 371 318 369 340 370 304 363 333 398 321 396 359 413 236 419 449 443 175 519 463 375 138 610 306 611 234 607 312 741 210 739 261 814 162 856 237 825 151 863 290 875 165 921 
334 382 338 369 341 369 343 368 328 367 324 366 320 364 340 367 305 360 334 394 322 392 359 413 238 418 449 445 177 516 459 375 138 608 304 610 233 605 311 739 205 738 261 813 163 864 238 826 152 875 290 874 170 931 
335 380 339 366 342 366 344 366 329 365 325 364 320 362 340 365 305 359 335 392 324 391 360 412 239 417 449 447 179 516 455 375 139 607 303 610 232 605 311 739 201 738 261 813 162 870 238 826 152 881 291 874 173 934 
335 380 339 367 342 366 344 366 329 365 324 364 319 362 340 365 305 359 335 391 323 390 361 412 239 415 448 448 181 515 452 375 139 605 302 609 231 604 311 739 197 738 261 813 163 872 239 826 156 883 291 874 175 935 
332 378 338 365 341 365 344 365 327 363 323 362 318 360 340 364 305 357 333 389 321 388 361 412 239 414 445 452 184 514 447 377 142 604 301 609 229 604 311 739 194 740 263 813 165 875 243 827 159 888 293 874 178 937 
332 377 338 365 341 365 344 365 327 363 323 361 318 360 341 364 304 356 333 389 321 387 360 412 239 414 443 455 184 515 448 379 143 604 300 609 228 604 311 739 194 740 263 812 166 873 243 827 160 884 293 874 178 934 
330 373 337 361 340 361 343 362 325 359 320 357 315 356 341 362 303 353 332 386 318 383 360 412 239 414 441 459 185 516 445 381 147 605 299 608 227 604 311 738 193 740 263 812 167 875 244 827 161 887 293 874 179 932 
330 365 337 354 340 355 343 355 325 351 320 349 315 348 341 359 303 349 332 378 318 374 360 413 240 410 430 468 192 513 444 393 162 604 297 608 227 603 312 736 193 739 264 813 168 877 245 827 161 892 293 873 184 929 
330 361 337 350 341 351 344 352 326 346 320 345 315 343 341 356 303 345 332 374 318 370 360 414 242 408 423 475 197 509 443 411 173 602 297 607 227 602 312 736 194 739 264 814 170 875 245 829 165 890 294 873 186 927 
330 359 337 348 340 349 343 350 325 345 320 343 314 342 341 354 302 344 332 373 317 369 359 414 242 406 416 480 200 506 441 424 182 602 296 606 227 601 312 736 195 739 264 814 172 874 245 829 166 889 294 872 192 930 
328 357 336 346 339 347 342 348 323 342 319 340 313 339 341 353 302 341 331 371 315 366 357 416 242 406 407 488 199 506 441 440 193 600 296 607 227 601 311 737 195 739 263 814 176 874 245 829 168 888 294 872 197 930 
327 356 335 344 338 345 341 347 322 340 317 339 312 337 340 352 300 339 330 371 314 366 355 417 241 406 401 493 199 505 438 458 204 594 296 607 227 601 311 737 196 739 262 815 179 875 244 829 170 889 294 872 205 930 
326 354 333 343 337 344 340 345 321 339 316 338 311 336 339 350 299 338 328 369 313 364 354 418 240 404 393 499 198 501 435 482 220 578 296 604 227 597 311 735 199 737 261 816 184 875 243 829 174 890 295 872 213 931 
324 353 330 341 333 341 337 342 318 338 313 336 308 335 337 347 297 338 327 367 312 363 353 418 240 404 387 504 197 499 434 500 235 562 296 602 227 597 310 724 206 732 261 816 190 876 243 828 178 892 296 871 225 931 
323 351 329 339 332 339 335 340 317 336 311 335 306 334 336 345 295 337 326 365 311 361 352 419 238 404 383 505 194 499 432 521 248 542 296 602 227 597 309 725 209 732 263 815 195 877 244 828 183 893 297 871 231 931 
323 345 328 335 331 336 335 336 317 332 311 331 306 330 334 341 294 334 326 360 311 356 351 418 236 403 379 503 191 498 426 534 259 520 296 602 227 597 306 726 211 733 267 812 200 877 249 825 188 894 302 869 234 930 
323 343 328 333 331 333 334 334 316 330 310 329 305 328 333 339 294 332 326 358 311 354 350 418 235 403 378 504 189 498 426 536 260 518 296 602 227 597 304 727 212 733 270 811 202 878 253 825 189 896 306 867 236 931 
323 343 327 332 330 333 334 334 316 329 311 328 305 327 332 339 293 331 326 358 311 354 348 417 234 402 376 503 188 495 424 551 262 497 297 601 227 596 303 727 214 732 271 811 205 879 255 824 193 897 306 865 246 931 
322 343 326 331 329 332 333 333 315 328 309 327 304 326 331 338 292 329 324 358 309 354 348 417 233 401 374 504 188 494 422 565 262 475 298 601 227 596 301 728 217 732 272 811 210 879 256 824 198 896 305 865 250 930 
320 339 325 327 328 328 332 329 314 325 308 324 303 323 331 334 291 325 323 354 307 350 347 413 233 395 374 504 185 487 416 575 258 435 299 593 228 587 301 728 222 728 272 811 215 879 255 824 204 897 304 866 256 930 
319 337 324 325 328 325 331 326 313 323 308 322 302 321 331 332 290 323 321 353 306 349 348 413 233 392 374 506 182 483 416 583 253 418 299 590 228 582 299 728 227 723 269 816 216 879 253 830 205 898 300 867 255 928 
318 336 324 324 328 325 331 326 313 321 308 320 303 319 331 332 290 322 321 352 306 348 347 411 233 390 374 505 182 477 415 582 250 400 299 589 229 579 297 730 231 721 268 821 217 874 252 831 206 894 298 867 254 925 
319 335 326 324 329 325 332 326 315 321 310 319 304 318 332 331 290 322 321 351 306 347 347 411 234 388 374 505 180 472 416 584 248 389 299 586 230 575 294 730 236 719 267 821 217 865 251 830 205 884 297 867 255 919 
320 331 328 320 331 322 334 323 316 317 311 316 305 315 334 328 291 320 322 347 308 344 349 411 237 385 374 506 176 466 417 586 237 383 299 583 230 570 294 730 240 717 265 820 215 858 249 830 203 876 296 867 252 914 
322 329 329 318 332 320 336 321 317 315 313 313 307 312 337 326 293 317 324 344 309 341 350 409 241 381 375 506 173 460 417 583 230 375 299 580 230 567 294 730 243 713 264 814 214 845 247 825 202 861 294 865 251 905 
325 329 331 318 334 319 338 321 320 315 316 314 310 312 339 326 297 317 327 344 313 340 352 409 243 378 375 505 172 454 418 581 223 370 298 579 231 566 294 725 247 710 258 816 214 842 238 827 202 859 294 866 252 902 
327 329 334 318 337 319 341 320 322 315 318 313 313 312 340 325 299 317 329 344 315 341 353 409 244 375 375 505 169 450 418 578 215 368 296 578 231 565 293 719 251 708 256 816 213 832 236 827 202 849 293 866 253 895 
329 327 335 316 339 317 343 319 323 313 319 311 314 310 343 325 301 315 331 342 316 338 354 409 245 373 375 505 167 447 418 577 211 364 295 576 231 563 294 713 255 706 257 815 214 827 237 826 202 845 293 866 254 890 
329 327 336 317 339 318 343 319 324 313 319 312 314 311 343 325 301 315 331 343 316 339 354 409 246 372 374 504 166 445 418 575 208 365 293 577 231 563 294 712 255 705 257 815 213 827 237 826 201 843 293 866 254 891 
330 326 337 316 341 318 345 319 325 312 321 311 316 310 345 325 304 314 332 342 317 338 354 409 246 370 373 503 165 444 419 575 207 359 292 576 231 563 294 711 256 706 257 814 213 827 237 825 201 843 294 866 253 891 
336 325 343 316 346 318 350 319 331 312 327 310 322 309 348 325 309 312 337 341 323 336 352 410 247 370 368 503 165 443 420 574 205 361 290 576 231 564 294 712 257 706 258 813 213 823 237 824 199 838 294 865 254 886 
340 325 347 316 351 318 354 319 336 312 332 310 327 309 351 325 315 312 341 341 327 335 351 410 248 369 364 503 164 443 420 574 202 364 287 577 230 564 294 712 258 707 258 812 213 821 238 823 199 835 295 864 255 883 
344 325 351 316 354 318 357 319 339 311 335 310 330 309 353 325 319 311 346 340 331 335 350 411 248 369 359 504 164 444 419 572 202 367 284 578 228 565 294 713 257 708 258 812 213 818 238 822 199 833 295 864 253 882 
348 325 354 317 357 319 359 321 343 312 338 310 334 309 355 326 323 312 349 340 335 335 350 412 249 369 357 505 164 445 418 572 202 370 283 578 226 565 294 713 256 709 258 812 213 819 237 822 199 833 294 864 253 882 
350 325 356 319 359 320 361 322 345 313 341 311 336 309 356 328 325 312 351 341 337 335 350 413 249 369 352 507 165 446 414 572 202 370 280 579 224 567 294 713 256 711 258 811 213 819 237 821 198 833 295 863 253 881 
353 328 358 321 361 323 363 324 348 315 343 313 339 311 358 330 328 313 352 342 339 337 349 414 250 370 345 509 165 447 410 572 202 377 279 582 223 573 294 714 255 714 258 811 211 821 237 821 197 833 295 864 252 882 
353 329 359 322 362 324 364 326 348 316 344 314 340 312 360 332 328 313 352 343 339 337 348 415 249 370 342 511 165 448 405 572 203 383 278 584 221 576 294 715 255 717 258 811 209 822 237 821 196 834 295 864 248 883 
352 330 359 324 362 326 364 327 348 317 343 315 339 313 360 333 328 313 352 344 338 338 346 416 250 370 337 511 166 449 400 572 203 396 278 585 220 576 292 715 252 718 257 811 210 823 237 821 196 834 295 864 248 884 
351 330 358 324 361 326 364 328 347 317 342 315 338 313 360 334 327 313 351 344 337 338 345 418 250 370 333 512 166 452 395 573 202 404 278 585 219 577 291 716 250 721 257 814 210 823 237 825 196 835 294 865 248 884 
351 330 358 324 361 326 364 328 347 317 342 315 338 313 360 334 326 314 351 345 337 338 344 419 250 370 331 512 165 453 392 573 202 407 277 586 219 579 291 717 248 723 258 815 210 825 238 827 196 835 294 866 248 884 
351 330 358 324 361 326 363 328 346 317 342 315 337 313 360 334 326 313 350 345 337 338 343 419 250 371 327 512 165 455 390 572 202 411 277 586 218 580 291 717 246 725 259 815 210 825 240 827 196 836 294 866 248 884 
347 329 354 323 358 325 361 327 343 316 338 314 334 312 356 334 321 312 347 345 334 337 339 418 244 371 318 512 165 458 382 573 197 426 276 586 217 581 289 717 240 724 259 816 210 825 240 827 196 836 292 867 248 884 
343 329 350 322 353 324 356 326 338 316 333 314 328 312 351 333 313 312 344 344 330 338 334 418 240 371 313 512 165 460 378 573 196 431 276 587 216 582 286 718 235 723 259 816 210 827 240 828 196 839 292 868 248 884 
338 328 345 321 348 323 351 324 333 315 328 313 322 311 346 331 306 312 339 343 325 337 331 416 235 371 310 512 162 463 375 571 190 440 275 587 215 583 285 717 231 722 259 817 211 827 240 829 197 839 292 868 248 883 
332 327 338 320 342 321 345 323 326 314 321 312 316 310 340 330 299 311 333 343 318 337 326 414 229 374 305 512 159 467 371 567 185 446 275 588 214 584 284 717 228 722 259 817 212 827 240 829 199 840 292 867 248 882 
328 326 333 318 336 319 339 320 322 313 316 311 311 309 332 326 294 310 329 341 315 337 319 411 221 378 301 510 155 473 368 561 181 453 274 588 213 587 282 717 225 722 259 817 213 828 241 830 200 842 292 867 248 883 
320 326 326 316 329 318 332 319 314 312 308 310 302 308 327 324 286 309 322 341 307 336 315 408 216 379 298 506 152 479 368 553 183 457 273 589 212 588 275 719 223 723 258 817 212 831 240 830 200 847 292 866 251 883 
316 325 320 315 323 315 326 316 308 311 303 309 297 307 319 321 280 308 317 339 304 336 312 406 212 380 296 503 149 483 369 548 173 468 272 589 211 589 274 719 223 724 258 817 212 831 240 831 200 848 292 866 252 883 
309 323 312 313 315 314 318 314 301 310 295 308 289 307 312 319 273 308 310 337 297 335 308 402 207 382 294 498 146 487 368 540 167 475 271 589 209 589 273 719 224 724 258 818 212 831 240 833 200 848 292 866 253 883 
302 322 305 311 307 311 310 311 294 309 288 307 282 306 304 316 265 308 303 335 290 334 305 400 202 383 295 494 143 490 368 532 163 481 271 589 210 590 272 719 224 724 257 818 214 831 240 833 202 848 292 866 256 883 
295 321 297 310 300 310 303 310 286 308 280 307 275 306 296 315 258 308 296 335 283 334 300 396 195 385 295 489 139 494 369 523 161 485 270 589 208 590 273 719 222 724 257 817 214 831 240 831 202 848 292 866 257 883 
295 321 297 309 299 310 302 310 286 308 281 307 275 306 295 314 258 308 297 334 284 334 301 395 195 386 295 487 138 494 369 522 161 486 270 589 207 590 272 719 222 723 257 816 215 831 240 831 203 848 291 866 258 883 
290 321 292 309 295 309 297 309 281 308 276 307 270 306 290 313 252 308 293 334 281 334 298 393 191 387 297 484 136 497 370 516 157 487 269 589 207 591 270 720 221 724 257 816 215 832 241 831 204 849 291 866 258 884 
280 321 281 309 283 309 285 309 271 308 265 307 259 306 278 312 240 308 282 334 268 334 291 389 183 389 301 476 132 497 378 497 150 492 269 587 206 591 270 721 218 724 257 816 215 832 241 831 204 849 291 866 258 884 
274 321 276 309 278 309 280 309 265 308 260 307 254 306 273 312 234 308 276 334 263 334 286 386 177 390 306 471 131 500 386 487 143 497 268 587 204 593 270 725 214 726 257 816 214 832 241 831 204 849 291 867 255 884 
268 321 269 309 272 309 274 309 258 308 253 307 247 306 268 312 228 308 270 334 257 334 281 384 173 390 308 465 129 500 392 477 140 500 266 587 201 593 270 725 213 726 257 816 214 834 242 831 204 850 292 867 255 884 
264 321 264 309 267 309 269 308 254 308 249 307 243 306 261 311 224 309 267 334 254 334 277 382 168 392 310 462 127 499 392 471 135 502 265 586 199 594 272 724 214 727 258 815 214 834 242 830 205 850 292 866 252 884 
260 321 260 309 262 308 264 308 250 308 245 307 239 307 255 311 220 309 262 334 250 334 274 381 163 394 311 456 125 499 392 459 130 505 262 586 195 595 278 719 213 727 258 810 214 833 242 822 206 849 292 860 252 884 
256 321 256 309 258 308 260 308 245 308 240 307 234 307 251 311 215 309 258 334 246 334 270 380 159 396 312 450 123 501 392 448 124 511 262 585 195 596 291 711 212 727 259 800 214 833 241 812 206 849 297 847 254 884 
254 321 253 308 255 308 257 308 243 308 237 307 231 307 247 311 212 310 256 334 243 334 265 379 156 398 312 442 118 503 392 436 124 516 261 585 194 598 306 705 211 727 259 790 214 832 239 803 206 848 297 837 254 883 
251 322 249 308 251 308 253 308 240 308 234 308 228 307 242 311 209 310 253 335 241 335 262 375 153 397 312 434 117 502 392 424 119 521 260 582 192 598 322 699 208 727 259 780 212 831 237 792 205 845 297 831 254 883 
247 322 245 308 247 308 248 307 235 308 230 308 223 307 237 311 204 310 249 335 236 336 260 374 152 397 313 424 118 493 392 412 115 528 259 579 191 597 333 689 207 728 260 767 211 828 235 774 204 840 294 820 253 881 
243 322 241 308 243 308 244 307 231 308 226 308 220 308 233 311 201 311 245 335 233 336 257 372 149 397 315 416 116 489 392 394 110 533 259 575 191 596 340 678 205 728 260 754 210 827 233 761 204 838 290 808 249 880 
238 321 236 307 238 307 240 306 226 308 221 307 215 307 231 310 196 311 241 335 228 336 256 370 146 397 317 407 114 489 392 382 106 543 258 572 191 595 346 670 206 729 260 744 209 825 233 751 203 837 288 800 247 880 
236 321 234 307 235 306 237 306 225 308 220 307 214 307 225 310 194 311 238 335 226 336 255 368 144 397 319 396 113 489 392 364 101 556 258 567 191 592 350 661 206 729 262 733 209 824 234 738 203 837 286 791 245 880 
232 321 229 306 231 306 232 305 220 307 215 307 210 307 222 310 189 311 234 334 223 336 253 365 143 397 319 385 112 492 392 352 96 572 258 564 192 589 355 652 205 729 263 724 210 826 234 729 203 838 286 783 245 880 
229 321 226 306 227 306 229 305 217 307 212 307 207 308 218 310 186 311 231 334 220 336 248 360 140 399 316 375 112 500 387 343 95 586 258 559 193 585 354 645 205 726 266 716 210 826 237 720 202 839 290 770 245 880 
228 321 223 306 224 305 224 305 215 308 211 308 206 308 211 310 185 312 228 334 219 336 246 359 138 403 315 368 112 508 381 332 97 598 258 557 194 584 356 640 205 726 266 710 210 827 239 712 202 840 291 764 245 881 
224 321 219 306 220 305 220 305 212 308 207 308 202 309 207 310 181 313 225 334 215 336 244 357 137 404 315 364 112 513 377 323 99 604 258 556 194 584 358 636 204 719 267 701 210 829 241 702 201 842 291 759 246 881 
220 321 215 306 215 305 216 305 207 308 203 309 197 310 204 310 178 314 221 334 211 336 241 356 135 409 315 362 112 522 377 313 100 616 258 554 194 582 358 633 205 716 267 697 209 827 241 699 199 840 291 756 246 881 
217 322 212 307 213 306 214 305 204 310 199 310 193 311 202 310 174 317 218 334 208 337 238 354 134 411 313 358 112 528 374 310 101 628 258 552 194 581 357 630 205 710 268 692 208 824 244 692 198 838 292 751 245 879 
211 322 207 308 208 307 210 306 199 310 193 311 187 312 200 310 168 318 214 334 203 337 238 353 132 413 313 354 113 533 373 305 107 635 258 549 193 579 358 626 205 708 270 688 207 821 247 690 198 836 293 748 244 879 
208 322 204 308 206 307 207 306 196 311 190 311 185 312 198 310 166 318 211 334 201 337 236 353 131 415 313 350 114 537 373 301 115 638 258 549 193 579 359 624 205 710 274 689 207 821 251 691 197 836 299 746 244 879 
206 322 202 308 203 307 205 306 194 311 189 311 184 312 196 311 165 319 209 334 199 338 236 353 129 419 313 346 115 543 373 297 120 647 258 548 193 579 360 624 205 711 276 689 207 821 254 691 197 836 300 745 244 879 
204 322 199 309 201 307 202 306 191 312 186 312 181 313 193 311 162 320 208 334 197 338 234 352 127 421 313 343 115 545 372 295 123 652 258 547 193 579 361 624 206 711 278 690 207 821 255 693 197 836 306 746 245 879 
203 323 197 309 198 308 199 307 190 312 185 313 180 314 189 311 161 321 206 334 197 338 233 351 125 421 313 339 116 545 372 292 125 653 258 546 193 579 361 625 206 711 280 692 207 820 258 694 197 834 314 748 245 878 
200 324 195 311 196 310 197 309 187 314 182 315 177 316 188 312 159 323 204 335 195 339 232 351 123 422 312 336 116 547 373 286 127 653 258 546 193 579 360 627 208 712 287 696 208 820 267 695 198 833 332 753 245 877 
198 326 193 314 194 312 195 311 185 316 180 317 175 318 187 314 156 324 201 337 192 341 230 351 120 424 311 332 116 550 373 283 127 658 258 546 194 580 362 628 210 713 300 709 208 819 292 716 198 832 357 766 245 877 
197 329 192 316 194 315 195 314 185 319 180 320 175 320 185 316 155 326 200 339 191 344 228 350 119 426 311 330 115 552 373 280 127 658 259 546 194 580 361 629 210 716 313 726 208 820 306 739 200 831 375 780 245 877 
195 329 191 316 192 315 194 314 183 319 178 320 173 320 184 316 153 326 198 339 189 344 226 350 117 427 310 327 115 552 373 276 127 660 259 546 194 582 361 632 210 716 319 737 208 821 311 758 200 833 387 788 248 878 
193 329 189 317 190 315 191 314 180 319 175 320 170 321 183 317 150 327 196 340 186 345 224 351 116 429 310 323 114 553 374 270 126 661 259 546 195 584 360 636 211 722 326 742 208 822 310 761 201 833 392 789 250 880 
192 329 187 317 189 316 190 315 179 320 174 320 169 321 180 318 149 327 194 340 185 345 222 351 114 431 310 322 113 554 375 270 126 662 259 547 194 585 359 639 212 722 331 747 210 822 316 769 204 833 397 790 251 881 
191 329 186 317 188 316 189 314 178 319 173 320 168 321 180 318 147 327 194 340 184 345 221 351 113 432 310 321 113 555 376 268 125 662 260 547 194 586 359 642 214 723 338 746 211 822 321 765 206 833 400 790 251 883 
190 329 185 317 187 316 188 314 177 320 172 320 167 322 179 318 147 327 193 340 183 345 221 350 113 432 310 318 112 555 378 265 125 662 260 547 195 586 359 644 216 723 343 747 212 824 325 766 206 835 401 790 252 884 
188 329 184 317 185 315 186 314 175 320 170 320 165 321 178 318 146 327 191 340 182 345 219 350 112 433 309 317 111 557 378 266 123 664 260 548 194 588 358 645 217 723 346 747 212 826 330 766 205 837 402 788 253 884 
187 329 183 317 184 315 185 314 175 320 170 321 165 321 176 318 146 327 190 340 181 345 218 350 112 433 309 316 111 557 381 263 121 664 260 549 195 589 358 648 219 723 353 748 212 826 337 767 205 837 406 788 253 885 
187 329 182 317 183 315 184 314 175 319 170 320 165 321 175 318 146 327 190 340 181 345 218 350 112 433 309 314 110 558 383 261 119 665 260 550 195 590 356 652 219 723 358 751 212 827 343 771 205 838 410 787 253 885 
187 328 182 316 183 315 183 314 174 319 170 320 165 321 174 318 146 327 190 340 181 345 218 349 112 433 309 312 110 560 385 259 117 667 261 552 195 592 355 654 219 727 361 753 212 828 347 773 205 841 416 787 254 886 
186 328 181 316 182 315 183 314 173 319 169 320 164 321 173 318 145 327 189 339 180 345 217 349 111 434 309 311 110 562 387 257 115 670 261 553 195 593 354 654 219 727 368 752 211 828 356 774 204 841 423 787 254 886 
186 327 180 315 181 314 182 313 173 319 168 320 164 321 173 318 144 328 189 339 180 344 217 349 111 435 309 309 110 563 387 256 114 672 262 553 195 594 352 655 218 727 374 751 211 829 362 772 204 841 426 786 254 886 
186 327 180 315 181 314 182 313 173 319 168 320 164 321 173 318 144 328 190 339 180 344 217 349 111 436 309 308 110 564 387 254 114 672 262 554 195 595 350 656 218 729 379 751 211 830 368 770 205 842 433 784 254 886 
186 327 180 315 181 314 182 313 173 319 168 320 164 321 173 318 144 329 190 339 181 344 217 348 111 437 309 308 110 564 387 253 114 673 262 554 195 595 348 656 218 729 382 749 211 831 371 770 205 844 435 783 254 887 
186 326 180 315 181 314 182 313 172 319 168 320 164 321 173 318 144 329 190 338 181 344 217 348 110 437 309 308 111 564 387 252 115 673 262 555 195 596 348 657 218 730 383 745 212 832 374 768 206 845 438 780 254 887 
185 326 179 315 180 314 181 313 172 319 168 320 163 321 173 318 144 329 189 338 180 344 217 348 110 437 310 309 112 564 386 246 118 673 262 555 196 596 347 658 219 729 390 744 212 831 382 767 207 842 447 777 254 887 
185 326 179 314 180 313 181 312 172 318 168 320 163 321 173 318 144 329 189 337 180 343 218 348 110 437 311 309 113 563 382 245 121 672 263 556 197 596 346 658 219 729 392 743 212 831 385 767 206 842 448 775 255 887 
185 325 179 314 180 313 181 312 172 318 168 320 163 321 173 318 145 329 189 337 180 343 219 349 111 437 312 309 114 563 378 242 124 672 263 556 197 596 345 660 219 725 394 743 212 829 388 766 207 839 448 775 254 886 
187 325 181 314 182 313 183 312 173 318 169 319 165 320 175 317 147 328 191 336 182 342 220 350 112 436 312 312 115 561 371 244 126 672 264 556 198 596 344 662 219 721 393 744 212 827 385 766 207 837 447 776 254 886 
189 326 183 315 184 314 185 313 175 318 171 319 167 321 178 317 148 328 193 337 183 342 220 351 112 435 312 319 116 560 365 245 129 671 264 556 199 596 343 662 219 721 391 744 212 826 383 766 207 836 444 776 254 886 
192 327 186 315 187 314 188 313 178 318 174 319 169 321 179 318 151 328 195 337 186 342 221 352 113 435 310 324 116 559 358 253 131 670 264 556 199 596 342 662 219 721 389 745 213 827 381 770 208 837 443 778 254 886 
195 326 189 314 190 313 191 312 181 317 177 318 172 319 183 317 154 326 198 337 189 341 221 354 114 435 308 329 116 559 350 262 133 669 264 557 199 596 342 663 218 723 388 748 213 828 379 773 208 838 442 780 254 886 
198 326 192 314 193 313 194 312 184 317 180 318 175 319 186 317 156 326 201 337 192 341 222 354 116 434 306 334 117 559 344 275 137 667 264 557 199 596 342 663 218 726 380 753 213 829 369 777 208 839 439 783 255 886 
199 326 194 314 195 313 197 312 186 316 181 317 176 318 188 317 158 325 202 337 193 341 222 354 117 434 303 336 117 558 337 290 139 664 264 557 199 596 342 662 218 727 369 756 213 829 357 781 208 839 432 786 255 886 
201 326 196 313 197 312 199 311 188 316 183 317 178 318 190 316 159 324 204 337 195 341 222 355 120 432 298 339 117 557 330 302 143 659 263 557 199 596 344 661 218 731 361 760 213 830 348 782 208 841 423 788 254 886 
205 326 200 314 201 313 202 312 192 316 188 317 182 318 192 316 162 324 208 337 199 341 222 356 121 431 287 346 116 556 325 320 147 655 263 558 199 596 349 659 218 733 354 762 214 829 339 783 209 839 413 791 254 886 
207 327 202 314 203 313 204 312 195 316 190 317 184 318 194 316 164 324 210 337 201 341 222 357 123 430 282 351 114 555 318 332 151 649 263 558 199 596 353 656 219 734 350 760 216 827 334 782 210 836 407 792 254 886 
211 327 205 314 206 313 207 312 199 317 194 317 189 318 194 316 167 325 212 338 205 341 222 357 124 429 267 358 111 554 311 342 153 644 263 558 200 596 353 653 220 733 343 761 216 827 328 782 209 836 404 792 254 886 
213 329 209 316 210 315 210 314 202 318 198 319 193 320 198 317 169 325 214 339 206 342 222 357 125 428 270 358 109 553 311 347 156 632 263 557 201 595 355 652 220 733 335 760 217 827 319 780 210 836 398 792 254 886 
214 330 210 317 211 317 212 315 203 319 199 319 193 320 200 318 169 325 214 339 206 343 222 358 125 427 267 363 107 551 308 353 160 618 263 557 201 593 356 651 222 730 329 760 217 827 312 775 211 836 394 792 255 886 
216 331 213 319 214 318 215 317 206 320 201 320 195 321 204 318 170 325 216 341 207 344 223 358 124 426 269 366 106 550 309 355 163 606 263 556 202 593 358 650 224 725 320 757 220 828 299 767 212 840 383 792 255 886 
216 332 214 320 215 319 216 318 206 321 201 321 195 321 206 319 171 325 217 341 207 344 224 359 124 425 272 367 105 549 309 355 164 604 263 556 202 592 359 650 226 723 317 755 220 830 295 764 213 843 380 793 255 886 
218 332 216 319 217 319 217 318 208 321 203 321 197 321 207 319 173 324 218 341 209 344 224 360 125 422 273 368 105 547 310 356 163 587 263 556 202 590 359 650 225 719 311 752 220 829 285 761 213 843 377 793 255 886 
221 328 219 314 220 314 221 313 211 315 206 315 200 315 210 316 176 319 221 338 212 341 228 360 127 417 283 370 103 543 317 355 164 556 261 558 198 590 356 651 220 720 293 746 221 829 281 762 213 841 342 791 255 883 
224 326 222 312 223 312 224 311 214 312 209 312 203 312 214 315 180 316 224 337 215 339 233 361 128 412 297 373 97 541 324 354 163 538 260 559 196 590 351 652 216 720 277 739 220 829 248 749 212 841 313 787 255 882 
225 325 224 311 225 310 226 310 215 311 210 310 205 310 216 314 182 315 226 336 216 339 238 362 129 411 311 377 93 541 333 352 162 525 258 561 194 590 347 655 213 720 267 736 217 827 237 746 210 840 299 785 253 879 
227 323 225 309 226 308 228 308 217 308 211 307 205 307 219 312 184 312 228 335 217 336 242 363 130 408 312 380 92 538 337 351 161 503 258 562 193 590 344 658 211 724 256 728 217 829 228 732 209 842 276 777 253 879 
228 319 227 306 228 306 229 306 218 305 213 305 207 305 222 311 187 310 229 333 219 333 244 364 131 406 311 381 91 535 342 352 159 494 258 564 192 590 342 661 209 725 248 724 216 828 224 726 207 841 262 775 251 878 
228 317 228 305 229 305 231 305 218 304 213 303 207 303 225 311 188 309 230 331 219 332 247 366 131 404 315 384 90 533 346 351 155 482 258 564 192 590 341 666 208 726 245 717 215 829 224 714 206 841 254 769 249 878 
230 316 230 304 232 304 233 304 221 303 216 303 210 302 227 310 190 309 232 330 222 330 251 366 132 401 317 386 90 528 351 351 147 472 258 565 190 590 341 672 208 724 243 705 214 828 221 694 205 839 241 760 247 877 
233 316 232 303 234 304 235 304 223 303 217 303 211 303 230 310 192 309 235 330 224 330 254 367 133 399 319 388 88 523 355 352 144 463 258 565 190 590 340 675 206 724 238 696 214 828 208 686 206 838 228 750 247 877 
234 316 234 304 236 304 237 304 224 303 219 303 213 303 231 310 194 309 236 330 225 331 254 369 134 397 319 392 85 522 360 351 141 459 258 565 188 589 337 676 206 724 237 672 214 828 211 657 205 838 223 725 246 878 
236 316 236 304 237 304 239 305 226 304 221 304 215 304 232 310 196 310 238 330 227 331 255 370 134 397 319 394 84 522 364 352 139 452 258 565 188 588 335 676 206 723 239 662 214 827 216 647 206 837 227 708 246 879 
238 316 237 304 239 304 240 305 228 304 222 304 217 304 233 310 197 310 240 330 229 331 255 370 134 396 318 396 83 521 366 353 138 448 259 565 188 588 335 677 206 723 241 650 214 827 218 633 206 837 229 691 246 879 
239 317 238 304 240 304 241 305 228 304 223 304 217 304 234 310 198 310 241 330 230 331 255 371 136 394 319 400 83 521 370 357 138 446 259 565 188 588 336 679 206 726 243 643 214 827 220 626 213 842 233 678 246 879 
240 317 239 304 241 305 242 305 229 304 224 304 218 304 235 311 199 310 241 330 230 331 255 372 137 394 318 401 83 520 371 363 139 445 260 566 188 588 335 680 206 730 245 635 214 831 222 616 212 844 238 663 250 883 
240 316 240 304 241 304 243 305 230 304 225 304 219 304 235 311 199 310 242 330 231 331 256 373 138 394 314 407 83 519 372 372 139 443 260 566 189 588 335 680 206 731 246 631 214 831 224 612 212 843 235 662 250 884 
242 316 241 304 242 304 244 305 231 304 226 304 220 304 236 311 200 310 243 330 232 331 256 373 139 393 309 412 84 519 374 384 140 443 261 566 189 588 335 680 206 731 246 626 214 831 225 606 217 844 239 656 249 884 
243 316 242 304 243 304 245 305 233 304 227 304 221 304 237 311 201 310 244 330 233 331 257 374 140 392 308 418 87 518 378 394 140 444 261 566 190 588 336 680 207 731 247 639 214 829 225 623 216 839 240 674 248 884 
244 317 243 305 245 305 246 305 234 305 229 304 223 304 238 311 202 310 245 331 234 331 258 375 140 392 308 426 90 517 381 406 141 445 262 566 190 588 336 680 209 731 248 641 214 828 227 624 214 838 241 677 248 884 
247 317 246 305 247 305 247 305 238 305 233 304 228 304 238 311 205 310 247 332 237 331 260 376 140 391 309 431 92 516 385 419 142 445 262 566 191 588 336 682 212 733 248 641 215 830 227 622 214 839 241 675 248 885 
250 318 248 306 249 306 250 306 241 305 236 305 231 305 239 311 207 310 249 334 239 333 262 376 141 391 309 436 94 515 389 436 145 443 262 566 191 587 336 683 213 733 247 641 215 830 225 626 214 838 237 681 247 885 
254 318 251 306 252 306 252 306 244 305 240 305 234 305 241 311 211 310 253 334 243 333 263 376 144 390 309 440 94 513 387 452 146 440 262 566 191 587 336 684 214 733 247 650 215 829 225 633 214 838 238 694 247 885 
257 319 255 306 256 306 257 306 248 305 243 305 237 305 246 311 215 310 257 334 247 333 266 378 149 389 310 445 94 511 387 464 147 437 262 567 191 587 337 685 214 733 247 650 217 829 224 634 214 838 239 694 247 885 
261 320 259 307 260 307 261 307 252 306 248 305 242 305 249 311 220 310 261 335 251 333 268 380 151 387 310 451 95 507 387 482 147 431 262 568 191 587 338 686 214 733 244 674 217 828 219 659 213 838 229 719 247 885 
265 321 263 308 264 308 265 308 256 307 251 306 246 305 252 311 223 310 264 336 254 334 269 381 155 385 309 455 95 501 386 492 148 425 261 570 191 587 338 687 214 731 238 698 216 826 213 685 211 837 228 739 248 884 
267 322 267 309 268 309 269 309 258 307 253 306 246 305 259 312 225 310 267 336 255 334 271 382 159 382 309 459 95 495 376 502 149 417 260 571 191 587 337 690 214 725 239 705 215 822 214 693 209 835 230 748 247 882 
269 322 269 309 271 309 273 309 260 308 254 306 248 306 263 312 228 310 269 336 256 334 274 383 160 380 308 464 97 488 368 512 150 410 260 572 191 587 333 691 213 720 239 719 215 820 215 717 207 832 235 773 246 876 
272 323 272 311 274 311 275 311 263 309 257 307 251 306 266 313 231 310 272 337 258 335 275 385 162 380 305 468 97 484 360 519 153 402 259 573 191 587 326 691 212 718 240 729 212 820 221 725 211 832 246 786 246 874 
274 324 274 312 275 312 276 312 266 310 261 309 255 307 267 313 235 310 273 337 261 335 276 385 163 378 301 469 99 478 347 523 156 392 259 575 191 588 320 695 211 719 243 752 212 821 224 754 208 833 256 807 246 876 
275 326 276 314 277 314 278 314 267 312 262 310 256 309 269 314 236 310 274 338 262 336 276 386 166 377 295 472 101 472 337 528 159 387 259 576 191 588 314 700 210 719 247 768 212 821 225 772 206 832 267 827 246 877 
276 328 277 316 278 316 279 316 268 314 263 313 257 311 270 317 237 311 273 340 261 338 276 387 168 376 287 474 103 470 326 531 163 384 259 576 191 588 313 702 209 720 254 771 213 824 231 775 206 836 276 832 247 879 
278 328 279 316 280 316 281 316 270 314 265 313 259 312 272 317 240 311 275 340 263 338 277 387 169 376 283 477 107 465 318 535 168 379 259 578 190 590 310 705 209 728 263 782 213 829 243 788 205 841 287 845 252 882 
279 330 280 318 282 318 282 318 272 316 267 314 261 313 274 318 241 311 276 342 264 339 277 387 170 374 280 477 111 459 309 536 171 375 260 577 190 590 302 708 208 728 272 799 213 829 254 809 206 841 299 859 253 882 
280 331 281 319 283 319 283 319 274 317 269 316 263 314 274 319 243 312 276 343 266 341 277 388 172 374 275 478 113 456 300 537 172 373 261 577 190 590 296 710 209 728 279 810 216 829 264 821 210 842 303 869 254 885 
280 332 282 320 283 320 284 320 274 317 269 316 263 314 275 320 243 312 276 344 265 341 277 389 173 374 272 480 118 452 296 542 175 372 261 578 191 590 291 711 211 727 285 823 220 833 273 838 213 848 311 881 257 889 
281 332 283 320 284 320 285 320 275 318 270 316 265 315 276 321 244 313 278 344 267 342 277 390 174 374 270 479 123 450 289 538 179 372 261 579 191 590 288 715 212 727 291 837 220 837 282 852 214 852 314 895 257 891 
282 332 283 321 285 321 285 321 276 319 271 317 266 316 276 321 245 314 279 345 268 342 276 391 177 373 268 479 128 447 284 535 181 372 262 581 191 591 285 718 212 730 298 847 220 838 291 863 217 850 324 906 250 891 
283 332 284 321 285 321 286 321 276 319 271 318 266 316 276 322 246 314 280 345 269 342 276 392 180 373 263 484 132 443 275 542 183 372 262 583 192 592 284 723 212 733 299 863 219 835 294 878 215 844 323 919 243 891 
284 333 285 322 286 322 287 322 277 320 273 319 267 317 276 323 246 315 281 346 270 343 275 393 180 373 261 487 136 442 271 549 185 374 262 584 192 592 283 730 213 736 302 871 218 836 296 887 212 844 328 929 242 891 
284 334 285 323 286 323 287 323 278 321 273 319 268 317 278 323 248 316 281 346 271 343 275 393 183 373 258 487 141 439 271 563 184 375 262 584 192 592 282 731 212 736 303 874 218 836 298 891 212 843 329 932 239 890 
285 334 286 323 287 323 288 323 278 321 274 319 268 318 279 323 248 316 281 346 271 343 274 393 184 373 259 486 145 438 268 559 184 377 262 585 192 592 282 732 212 736 306 880 218 834 301 899 210 840 327 936 238 889 
286 333 287 323 288 323 289 323 279 320 275 319 269 317 280 323 249 316 282 345 272 343 274 393 187 372 259 486 151 432 264 559 183 387 262 586 192 592 280 735 210 736 306 879 216 834 302 894 209 840 325 932 237 889 
286 333 288 322 289 323 290 323 280 320 276 319 271 317 281 323 250 315 283 345 273 343 274 394 186 372 258 487 161 433 263 562 188 399 262 586 192 593 278 735 210 737 305 878 215 834 302 894 207 840 326 933 236 888 
286 333 288 322 290 322 291 322 280 320 276 319 270 317 282 323 250 315 283 345 273 342 274 395 185 373 257 490 170 440 259 563 190 411 262 586 192 594 278 734 210 738 305 874 215 834 302 890 207 841 325 928 237 888 
286 333 289 322 290 323 291 323 280 320 276 319 270 317 283 324 251 315 283 346 273 343 275 396 186 373 258 491 175 440 262 562 190 416 263 586 192 593 278 733 209 738 306 875 214 833 303 891 205 841 324 925 237 888 
286 333 289 322 290 323 291 323 280 320 275 319 270 317 284 324 251 315 283 346 273 343 275 396 190 373 257 490 185 423 261 562 191 410 264 587 193 594 277 732 209 738 306 875 214 833 302 890 204 842 325 923 237 888 
286 333 289 322 290 323 292 323 280 320 276 318 270 316 284 325 252 315 283 346 273 342 275 396 192 373 256 490 182 415 259 562 191 411 264 587 193 594 276 733 209 739 307 882 214 838 302 900 204 848 326 924 238 893 
286 333 289 322 291 323 292 323 280 319 276 318 270 316 285 325 253 315 283 346 273 342 275 397 193 373 255 490 183 420 258 563 194 417 264 587 193 595 276 733 210 738 306 879 214 839 302 896 202 854 327 923 243 894 
286 333 289 322 291 323 292 323 281 319 276 318 271 316 285 325 253 315 283 346 274 343 275 398 196 373 252 492 186 418 258 572 198 425 263 587 193 595 275 731 209 738 306 876 213 840 301 894 200 856 327 922 246 894 
287 332 290 322 291 322 293 323 281 319 277 317 272 315 285 325 254 315 284 346 275 342 275 399 195 373 252 494 185 419 258 577 201 429 263 588 193 595 275 731 209 738 306 875 213 841 301 895 200 857 329 922 249 894 
288 332 290 322 292 322 293 323 281 319 277 317 272 315 285 325 254 315 285 346 275 342 276 399 194 374 257 494 186 422 259 576 204 443 264 588 194 595 276 731 209 737 306 874 213 842 301 895 200 857 331 921 249 894 
288 332 291 322 292 322 294 323 282 319 278 317 273 315 285 325 255 315 285 346 276 342 277 399 194 374 261 492 183 423 260 565 204 453 264 588 195 594 276 729 209 734 305 874 213 842 300 897 200 857 331 921 251 894 
288 332 291 322 293 322 294 323 282 319 278 317 273 315 287 325 256 315 286 346 276 342 280 399 194 374 269 492 182 429 272 561 203 460 265 588 197 593 276 729 209 734 305 874 214 842 300 897 201 857 333 922 251 894 
290 332 293 322 294 322 295 322 284 318 280 316 275 314 287 325 257 315 287 346 278 342 281 401 194 374 273 492 176 439 290 561 202 473 265 588 197 592 276 728 209 732 305 874 214 841 300 897 203 855 333 922 251 894 
291 332 293 321 295 322 296 322 285 317 280 316 275 314 287 325 257 315 288 345 278 341 283 404 195 374 275 494 169 447 303 564 204 485 265 588 197 591 276 727 209 727 304 873 217 838 299 896 204 849 332 923 249 891 
291 330 293 319 295 320 296 320 285 316 280 314 275 313 287 324 257 314 289 343 279 341 284 406 195 374 277 498 164 456 307 566 210 503 265 589 197 591 280 735 210 729 305 880 219 838 299 900 221 850 337 931 249 891 
292 329 294 318 295 319 296 319 285 315 281 314 276 312 287 323 258 314 289 342 280 339 285 408 195 375 281 504 161 465 315 573 210 517 265 589 197 591 283 735 210 731 305 879 219 839 297 899 218 851 337 932 247 891 
293 329 294 317 295 318 296 318 286 315 282 313 277 312 287 323 258 313 290 341 281 339 285 408 196 377 283 507 158 473 328 582 211 531 264 589 198 593 283 734 214 732 303 874 219 839 294 893 216 851 336 931 246 891 
293 327 294 315 295 316 296 316 286 313 282 312 277 310 288 322 258 313 290 340 281 338 287 408 196 377 286 508 156 479 337 584 211 542 264 589 198 593 284 734 218 733 297 872 223 839 287 890 223 850 331 931 244 891 
293 325 294 314 295 314 296 315 286 312 282 311 277 309 288 320 258 311 290 338 281 337 288 408 195 378 290 507 154 485 340 582 211 549 264 590 199 594 284 734 220 733 289 865 224 838 278 882 226 849 322 923 244 888 
291 322 293 311 294 312 296 312 284 309 279 308 275 307 287 318 257 309 290 336 279 334 289 406 195 380 294 506 153 490 346 574 213 550 263 590 198 595 285 733 220 734 285 850 224 839 273 866 226 852 316 906 250 892 
290 322 291 311 293 312 295 312 283 309 278 308 273 307 287 318 257 309 289 336 279 334 290 400 193 382 295 494 150 494 343 545 220 545 263 590 198 596 285 732 221 734 279 839 223 839 266 853 226 852 305 894 253 892 
289 320 290 309 292 310 294 311 281 308 276 307 271 306 286 316 255 308 289 335 278 333 294 397 189 384 303 486 150 495 351 526 229 534 266 594 198 599 286 732 220 734 273 833 223 833 258 846 221 846 296 885 253 889 
287 320 289 309 291 309 293 310 279 307 274 306 269 305 286 315 253 307 289 335 277 333 301 396 184 386 315 486 150 497 352 503 234 524 270 595 198 600 287 732 220 734 270 828 222 832 255 839 216 844 288 881 252 889 
286 317 287 306 290 307 292 307 277 304 272 303 267 302 286 313 252 305 288 333 275 331 303 395 183 387 327 487 151 497 353 484 243 495 274 595 199 600 287 731 220 734 268 822 221 828 255 832 215 841 283 878 251 886 
285 314 287 303 289 303 292 304 276 300 271 300 266 299 285 309 251 302 287 329 274 327 308 392 183 387 331 488 154 497 352 462 248 472 277 594 199 599 286 731 221 734 265 823 222 825 253 833 215 837 280 877 251 883 
285 314 287 302 289 302 292 303 276 300 271 299 266 298 285 307 250 302 287 329 274 327 310 391 183 386 337 486 160 497 353 451 249 452 277 594 199 598 285 731 221 734 264 821 222 826 253 831 215 838 280 877 251 883 
284 314 286 301 289 302 292 302 275 300 270 299 265 298 285 307 249 302 287 329 274 327 311 391 184 386 343 481 166 496 352 435 250 433 277 592 200 595 281 726 221 731 263 821 222 826 252 831 215 839 280 876 251 883 
284 313 286 300 289 300 292 300 275 298 269 298 264 297 286 306 248 301 287 328 273 327 313 388 184 386 346 475 176 495 353 420 250 422 277 588 201 591 278 723 220 729 260 821 222 828 249 832 215 840 278 876 251 883 
284 312 286 298 289 299 292 299 274 297 269 297 264 296 286 305 248 300 287 328 273 327 313 385 184 386 348 471 184 495 354 410 252 413 277 585 202 587 277 719 220 729 258 820 224 828 247 830 216 841 275 876 250 884 
284 311 286 297 289 297 291 297 274 296 269 295 264 295 285 304 248 299 287 326 273 326 313 384 185 385 349 470 190 495 353 409 258 404 277 585 204 586 274 718 218 728 256 822 224 828 244 832 216 841 275 876 250 884 
283 309 286 295 289 295 291 296 274 294 269 294 263 294 286 302 248 299 287 325 272 324 314 384 187 385 351 471 196 494 352 406 267 396 277 585 205 586 271 719 218 727 255 822 221 828 243 833 213 841 276 876 250 884 
283 308 285 295 288 295 291 295 273 294 268 294 262 294 286 302 247 299 287 324 272 323 314 382 190 384 352 471 198 491 345 403 273 401 277 585 208 585 271 718 217 725 255 820 220 828 243 831 211 842 276 875 250 884 
283 307 285 294 288 294 291 295 273 294 268 294 262 294 287 301 247 299 287 322 272 323 316 382 193 384 354 469 203 488 336 396 289 398 277 585 208 584 271 718 217 725 254 820 220 832 240 830 210 846 276 873 251 886 
283 307 285 295 289 295 291 295 273 294 267 294 261 294 288 302 247 299 286 322 272 322 317 383 195 384 353 468 207 486 332 399 295 403 278 586 210 584 271 718 217 725 253 819 219 835 240 830 209 850 277 873 252 887 
282 307 285 295 289 295 292 295 273 294 267 294 261 294 288 302 247 299 286 322 272 322 318 383 196 384 352 468 209 483 333 401 298 407 278 585 210 582 272 718 218 724 254 820 218 837 240 831 208 852 277 873 252 888 
283 307 286 295 289 295 292 295 273 294 267 294 261 294 289 302 247 300 286 322 272 322 321 383 197 384 351 468 211 482 334 407 300 410 278 584 210 581 272 718 219 724 252 818 218 838 237 829 208 854 277 872 254 889 
282 307 286 295 289 295 292 295 273 294 267 294 261 294 290 302 247 300 286 322 272 322 322 383 198 383 351 469 211 480 338 417 302 417 278 583 210 580 275 718 221 723 253 818 218 837 237 828 208 853 277 873 253 890 
283 307 286 295 290 295 293 295 273 294 268 294 261 294 291 302 248 300 287 322 272 322 322 383 199 382 350 464 214 478 338 417 309 435 280 582 210 579 280 716 222 719 255 815 220 831 241 825 210 848 278 872 253 889 
283 307 286 295 290 295 293 296 273 294 268 294 262 294 292 302 248 300 287 322 272 322 323 384 199 382 347 463 214 478 341 451 313 459 280 583 210 579 282 716 224 717 256 813 223 827 242 823 214 843 278 871 253 888 
283 307 286 295 290 295 293 296 273 294 268 295 262 295 293 303 248 301 287 322 272 322 325 384 199 382 347 464 216 478 353 499 310 501 281 582 210 580 282 716 225 718 259 814 225 828 247 824 217 843 279 872 253 888 
283 307 286 295 290 295 294 296 273 295 268 295 262 295 293 303 248 302 287 322 272 322 325 384 200 382 347 464 217 480 361 527 309 541 281 582 210 580 283 716 226 718 260 814 225 828 247 824 217 843 280 872 254 888 
283 307 287 295 291 295 294 296 274 295 268 295 262 295 294 303 248 302 288 322 272 322 326 384 201 381 347 473 216 487 364 556 279 569 281 579 211 577 282 710 226 715 262 812 226 826 250 822 217 840 283 870 254 887 
284 307 287 295 291 295 295 296 274 295 268 295 262 295 294 303 248 302 288 322 273 322 326 384 201 381 347 485 206 496 366 576 248 596 280 578 211 576 282 709 227 712 262 810 226 823 250 821 217 837 283 866 254 884 
284 307 288 295 292 295 295 296 275 295 269 295 262 295 294 303 249 302 289 322 273 322 328 385 200 384 347 495 192 507 369 589 213 606 282 581 211 580 282 717 225 713 261 811 226 823 250 820 217 837 282 866 252 884 
286 308 289 296 293 296 297 296 276 296 270 296 264 296 295 303 250 303 291 322 275 322 331 387 200 387 348 499 175 511 370 593 186 615 285 583 216 585 282 719 222 718 261 811 226 823 250 821 217 837 282 867 252 884 
290 312 293 300 297 300 300 300 281 300 275 300 269 300 298 306 255 306 295 327 280 327 333 391 199 389 348 499 159 511 369 585 150 615 285 590 213 589 276 723 219 727 260 811 226 826 248 821 217 839 281 867 251 885 
296 324 298 310 301 309 304 309 287 309 281 309 275 309 301 313 260 312 299 338 285 338 334 393 198 393 348 495 148 508 367 570 126 600 284 590 213 591 274 723 217 728 259 811 226 827 248 821 217 839 280 867 251 885 
300 335 303 320 305 320 308 321 291 319 286 318 281 318 305 323 265 320 302 348 288 347 335 394 198 394 345 480 140 491 361 558 110 583 284 590 212 590 275 723 216 727 260 811 226 827 248 819 217 839 280 867 250 885 
305 343 308 329 311 329 313 329 296 328 291 327 286 326 310 330 270 327 308 356 294 355 339 397 198 397 340 465 134 471 351 526 95 544 284 590 211 590 276 727 216 734 260 813 226 830 248 819 218 840 280 871 249 888 
306 367 310 351 313 351 315 350 299 350 293 349 288 347 313 346 272 341 308 377 295 376 340 400 198 398 333 449 129 445 324 505 83 499 284 590 209 590 279 725 216 734 261 813 224 830 250 820 218 840 279 872 248 888 
305 382 309 366 312 365 315 365 298 366 293 365 287 363 314 360 272 355 307 392 294 391 340 407 199 402 329 412 129 428 310 440 79 464 282 590 206 590 283 725 216 731 264 813 223 829 252 820 217 838 279 874 247 888 
308 396 312 382 316 381 318 379 301 381 296 379 290 377 317 374 274 371 311 407 296 406 340 416 204 407 311 425 130 413 270 470 87 421 280 593 205 594 289 725 220 731 267 815 222 829 254 824 217 839 281 875 248 887 
311 420 315 406 318 405 321 405 304 404 299 402 293 400 319 401 276 394 312 429 298 427 340 435 207 420 317 416 135 408 295 407 107 396 279 601 205 603 295 724 225 733 270 816 224 830 257 825 217 840 284 876 249 887 
314 439 320 425 323 425 325 424 308 424 302 422 297 420 322 419 279 414 316 449 301 449 339 452 209 433 293 407 148 408 261 416 115 383 278 609 205 611 298 728 231 738 272 817 225 830 259 827 219 840 289 876 251 887 
318 454 322 439 324 438 327 437 311 439 305 438 299 436 322 433 281 430 318 463 304 464 339 468 213 450 297 459 161 417 294 445 116 378 278 614 205 615 301 730 235 740 273 820 227 831 259 829 221 840 293 877 252 888 
319 482 323 469 326 468 328 467 312 468 307 467 301 465 323 457 283 458 320 491 306 489 338 485 216 474 307 479 167 420 289 486 121 387 277 623 205 624 301 739 237 748 274 824 229 836 260 832 222 845 293 879 253 891 
324 495 328 481 330 481 332 480 317 479 312 477 306 476 327 472 287 471 323 506 310 504 338 502 218 492 281 506 168 457 259 525 122 407 275 634 205 635 299 749 241 753 274 834 229 839 259 844 222 848 292 881 253 891 
327 509 330 495 332 494 334 493 321 494 315 493 309 491 328 485 290 486 326 519 314 517 337 511 220 512 286 511 172 496 253 530 141 450 274 640 207 641 298 758 245 761 275 837 229 842 260 846 221 852 292 882 252 892 
328 511 332 497 333 497 335 496 323 497 318 496 312 494 330 490 293 487 327 521 315 520 339 521 221 522 289 545 170 526 249 574 130 506 274 648 209 647 298 761 245 766 276 837 229 844 261 844 223 853 291 883 251 893 
330 501 332 488 334 487 336 485 323 488 318 487 312 486 329 481 295 480 328 511 317 511 340 520 220 527 292 551 169 560 261 596 164 584 275 652 210 651 299 769 244 770 275 838 227 845 261 845 220 855 291 884 250 893 
328 488 332 474 334 473 336 472 322 474 317 472 311 471 329 467 293 464 327 498 315 497 340 510 217 522 320 581 168 596 318 648 140 651 276 648 212 650 300 772 248 771 275 841 227 845 261 848 220 856 291 884 251 892 
324 472 328 459 330 458 332 457 318 459 313 457 307 455 325 453 289 450 323 480 311 483 340 501 215 509 348 596 173 621 365 692 154 718 280 645 215 647 301 772 251 773 275 841 227 845 261 847 220 855 292 884 251 892 
317 443 320 427 322 426 324 425 310 426 305 423 299 421 316 423 280 419 316 453 303 452 338 486 212 509 366 572 186 612 409 663 213 717 284 642 217 643 302 767 248 772 272 841 230 838 260 848 220 851 286 885 251 886 
311 413 313 399 315 398 317 397 303 398 297 397 291 395 311 398 274 396 312 425 297 425 338 460 211 476 388 538 203 582 444 556 273 632 285 625 217 626 302 765 249 772 273 840 230 841 261 847 220 853 288 884 252 888 
306 389 308 374 310 373 311 373 300 373 295 371 290 369 304 371 273 367 306 399 293 398 333 422 209 438 408 452 219 522 461 415 333 477 286 610 216 609 301 753 248 759 274 840 230 841 262 847 220 853 288 884 251 889 
304 349 308 332 310 331 313 330 298 330 292 329 286 327 306 333 270 328 305 358 290 359 333 384 211 390 424 378 216 429 448 316 283 359 290 583 218 583 300 733 247 739 274 831 230 838 262 841 221 851 288 884 251 889 
304 335 309 320 311 319 314 317 298 320 293 318 287 317 308 313 271 311 306 343 292 342 332 353 217 358 426 324 205 335 441 271 255 259 293 558 221 561 298 703 238 719 277 822 230 833 267 833 223 847 290 880 251 888 
305 312 309 297 312 296 315 295 299 296 294 293 289 290 310 288 271 280 307 317 293 315 334 318 216 316 433 298 164 288 446 234 237 206 298 537 222 538 293 683 234 690 282 807 230 824 273 825 222 841 301 861 252 882 
316 279 319 267 321 267 324 266 310 265 306 263 301 261 319 263 288 254 316 287 305 286 339 304 217 291 418 291 122 279 460 251 191 199 299 514 221 514 293 659 229 669 286 781 229 802 277 801 223 816 315 833 252 857 
323 277 328 265 331 264 334 263 318 265 314 263 309 261 331 253 297 248 323 285 310 282 344 287 220 272 407 304 108 298 465 291 147 220 297 490 220 493 308 633 231 648 285 750 229 781 258 776 219 793 315 814 251 834 
337 267 341 256 342 255 344 254 334 255 331 254 327 251 337 247 311 239 333 274 323 271 345 288 221 266 381 326 130 309 444 339 119 290 296 470 219 474 328 604 240 625 284 702 229 714 258 703 222 717 291 779 248 780 
350 261 353 248 353 247 354 245 346 248 343 248 338 246 344 239 319 237 344 268 336 267 347 280 230 268 349 344 148 323 418 364 128 312 295 452 218 453 343 580 245 595 284 671 230 683 258 671 223 689 290 733 248 746 
352 270 356 258 357 257 358 256 349 256 346 255 342 253 347 250 321 243 346 278 337 275 346 295 228 278 335 357 154 343 373 405 183 405 290 446 216 446 352 543 252 564 283 627 226 644 259 624 215 633 291 689 244 703 
346 285 351 273 353 272 355 271 343 271 339 269 335 267 347 262 317 254 343 292 332 288 351 294 229 284 341 360 158 366 356 422 230 446 290 441 216 446 371 489 251 524 287 569 226 595 262 573 215 595 291 642 244 658 
344 293 350 281 352 280 354 279 341 280 337 278 332 276 347 271 315 264 341 301 330 298 353 302 229 297 387 369 154 398 358 427 256 438 288 449 216 454 385 463 251 486 286 534 227 555 262 538 215 558 291 601 247 618 
343 311 348 298 351 298 353 297 340 296 336 293 332 290 348 288 313 269 340 318 329 315 360 308 228 302 431 377 151 411 370 427 263 421 286 456 216 460 385 456 250 447 286 529 226 542 262 531 216 547 294 590 249 601 
342 331 348 318 350 317 353 316 339 316 336 313 331 309 347 307 313 289 340 339 328 337 360 312 228 308 439 365 151 406 448 403 282 396 280 465 211 467 384 458 224 451 286 541 227 554 262 545 218 563 297 604 255 614 
341 346 347 336 350 335 352 334 338 335 335 333 331 331 347 323 312 319 339 350 327 350 359 323 227 320 425 347 169 386 482 369 299 356 272 466 202 472 380 487 225 476 286 571 231 596 262 579 222 609 299 631 267 646 
342 343 347 331 349 327 351 323 340 329 337 327 334 326 346 317 317 309 339 342 327 341 358 335 244 326 437 343 186 354 517 336 295 317 265 489 199 482 374 501 228 510 288 575 233 597 263 582 226 629 302 649 264 670 
319 373 324 364 328 362 332 360 312 362 307 360 303 357 336 343 296 339 322 374 309 372 357 343 241 333 445 335 198 336 527 306 312 273 266 504 195 493 372 567 230 552 285 653 233 671 257 667 226 685 301 714 262 724 
314 393 320 385 324 384 328 382 308 384 304 382 300 379 334 363 292 358 317 395 304 392 356 362 238 352 448 334 198 327 521 282 304 261 267 523 196 513 361 623 235 616 285 704 233 715 258 707 225 724 307 774 258 776 
311 415 320 403 324 403 328 401 307 399 302 397 298 393 332 386 291 380 314 416 301 411 350 393 237 376 441 340 202 334 506 275 290 260 268 554 195 540 346 671 240 667 285 766 233 753 262 775 226 755 314 828 246 817 
316 393 323 387 327 391 331 392 311 377 307 374 302 371 333 393 292 386 318 405 304 398 343 423 231 402 433 351 204 344 492 279 280 271 269 587 197 575 313 717 242 712 285 813 228 828 269 821 217 842 308 873 247 890 
318 412 325 412 328 414 332 416 314 396 309 393 303 405 333 419 290 413 319 428 305 419 339 451 226 433 428 372 208 373 484 292 268 286 270 622 198 613 302 757 244 760 284 844 229 857 268 855 218 868 298 890 250 906 
319 438 326 429 324 441 328 443 308 436 303 433 298 433 329 446 286 440 317 452 302 446 335 472 226 466 418 397 210 415 479 309 250 289 270 648 199 647 304 755 260 777 283 844 239 856 267 854 223 866 296 886 271 896 
312 478 317 475 319 478 324 479 304 472 300 471 295 470 325 477 286 469 315 487 300 482 334 483 227 492 415 418 207 452 478 326 230 345 270 657 203 657 311 766 268 789 283 836 238 867 268 856 220 875 297 889 269 907 
309 458 311 454 314 456 318 458 299 452 292 447 287 446 320 464 277 443 311 470 291 473 333 472 226 479 414 435 203 496 489 362 216 399 270 656 204 659 314 762 272 799 284 836 239 873 270 849 222 868 297 883 272 907 
291 500 303 485 307 486 311 485 292 484 288 483 284 482 311 482 276 479 301 500 288 497 331 483 225 502 415 446 203 518 503 388 205 442 270 667 204 670 314 777 268 800 281 844 239 857 270 858 220 867 296 892 271 899 
297 513 308 503 311 501 314 499 296 506 292 506 286 505 312 487 275 494 304 508 291 512 330 477 223 493 416 455 201 539 510 401 198 464 270 667 203 672 316 776 265 802 281 849 236 861 270 869 216 872 297 897 270 908 
300 509 310 499 313 498 316 495 298 501 292 500 286 498 313 485 271 488 306 507 293 508 331 480 222 496 417 460 195 545 510 406 194 472 270 666 202 671 317 781 264 805 280 845 232 863 265 859 214 874 296 893 266 914 
303 515 309 502 312 501 316 498 297 503 290 502 283 500 313 486 265 494 306 519 293 519 332 484 222 507 415 457 194 541 507 406 191 474 270 662 202 668 318 778 262 799 280 843 230 860 261 856 212 871 296 891 265 910 
304 504 310 490 313 489 316 486 297 490 291 489 284 488 314 475 265 481 307 506 293 505 333 477 221 493 415 450 194 536 505 398 187 464 270 660 201 663 319 776 262 798 279 844 230 857 259 859 212 868 296 891 265 907 
305 493 310 480 313 478 316 477 298 480 291 479 285 477 312 467 266 471 308 496 293 496 332 472 219 489 410 444 191 518 503 392 182 449 270 658 201 661 319 774 261 792 278 848 228 858 259 857 211 868 297 893 261 909 
305 480 308 462 311 460 314 458 297 464 291 464 284 462 308 452 265 460 307 488 292 490 330 470 212 484 408 436 185 510 502 375 178 446 270 655 201 660 318 771 257 787 278 850 227 856 259 857 211 866 298 894 259 908 
301 460 304 442 306 440 309 438 291 443 284 442 278 441 304 434 259 439 303 469 288 469 327 459 207 478 409 416 176 498 501 351 177 418 271 652 201 656 316 767 254 784 278 851 227 858 259 859 212 867 299 895 256 910 
299 428 300 415 303 413 305 412 289 414 283 413 276 412 298 409 256 412 301 438 285 436 324 442 203 459 409 399 169 473 498 333 178 385 271 642 202 649 313 764 252 781 277 849 224 859 259 858 211 869 300 894 253 911 
298 405 298 391 299 390 301 388 288 390 282 389 276 388 292 386 253 386 299 416 285 416 320 427 200 445 408 387 160 456 492 319 179 361 273 629 205 641 311 763 253 780 277 847 223 860 261 856 210 869 303 893 252 912 
296 385 295 370 297 369 298 368 285 370 279 368 273 367 290 365 250 364 297 396 283 394 319 410 198 421 408 378 155 439 485 305 180 344 273 612 206 620 304 754 249 766 277 844 222 859 262 854 210 870 304 892 252 912 
294 361 291 345 293 344 294 343 282 346 276 345 270 345 284 345 248 346 295 373 283 371 317 396 196 406 409 372 150 430 479 300 179 334 274 602 206 610 299 744 246 757 277 840 223 858 265 852 210 869 304 891 252 910 
288 343 286 328 287 327 289 327 276 328 270 327 264 327 281 329 243 329 290 355 278 353 314 382 195 390 409 370 141 425 470 297 176 325 275 594 207 601 294 736 242 749 277 834 223 857 265 845 211 868 304 890 252 910 
283 326 281 313 283 313 284 312 272 312 267 312 261 312 277 316 241 315 285 338 274 337 313 375 194 378 409 372 138 425 460 298 175 325 276 588 207 593 287 732 236 740 277 833 224 857 265 844 214 868 304 890 254 909 
280 314 278 301 280 301 282 301 269 301 263 301 258 301 275 305 238 306 282 327 271 327 311 369 193 372 409 376 136 429 454 301 174 332 277 586 207 589 284 726 227 733 276 831 224 856 265 843 214 867 303 890 253 909 
277 304 275 292 277 292 279 292 265 293 260 294 254 295 273 298 235 302 280 317 269 319 311 365 192 371 407 379 132 435 446 306 171 338 277 585 207 589 284 722 220 729 275 824 223 855 263 838 214 867 304 885 253 908 
276 303 274 291 276 291 278 290 264 291 259 292 253 293 272 297 234 301 280 316 267 318 311 366 191 371 406 392 127 447 441 319 166 346 278 588 207 591 283 723 217 731 274 824 222 855 260 838 213 869 304 884 254 908 
274 305 272 291 274 291 276 291 262 292 257 292 250 293 271 297 232 301 279 318 266 319 311 370 189 374 403 410 128 465 437 337 161 366 278 590 208 593 281 723 216 733 271 825 220 856 257 838 212 870 303 884 254 908 
273 306 272 293 274 293 276 293 262 293 256 293 250 294 270 299 230 302 278 320 265 321 309 375 185 379 394 429 129 485 432 360 157 388 278 592 207 595 279 725 215 735 270 826 219 856 256 840 211 871 302 884 254 908 
272 309 271 295 274 295 276 296 261 295 255 294 248 295 270 301 228 302 277 323 263 323 309 378 178 382 382 448 129 499 427 383 158 414 278 593 207 597 276 726 214 736 268 827 218 856 255 840 211 870 300 884 254 907 
272 308 271 294 273 294 275 294 260 294 254 294 248 294 268 300 227 302 276 323 262 323 309 379 172 384 368 461 130 511 424 402 159 432 278 593 207 597 276 727 215 737 268 827 217 856 255 840 210 869 299 884 254 907 
271 307 270 293 272 293 275 293 259 294 253 294 246 294 267 300 227 303 275 322 261 322 309 380 170 385 358 473 130 516 416 425 160 450 279 593 207 598 277 727 216 737 268 827 218 856 255 840 210 869 299 883 256 907 
271 305 270 292 272 292 274 291 259 293 253 293 246 294 267 299 227 303 275 321 262 321 309 380 171 388 352 479 134 519 411 442 161 469 280 594 207 599 278 727 215 738 268 833 218 856 255 847 211 868 299 886 255 906 
271 306 270 293 273 293 275 293 259 294 254 294 247 294 268 300 228 303 276 321 262 322 309 381 173 389 349 481 139 520 409 449 162 474 281 596 207 601 278 729 216 742 268 835 218 856 255 849 211 868 299 886 255 906 
272 308 270 295 273 294 275 294 259 295 254 295 247 296 268 301 229 303 276 323 262 324 310 384 174 390 351 483 142 522 409 449 163 476 281 598 207 602 277 732 216 745 268 837 218 857 255 851 211 870 299 887 255 906 
272 309 271 295 274 295 276 295 260 296 254 296 248 297 270 302 231 304 277 323 263 324 311 384 174 390 352 483 144 521 408 450 165 476 281 598 207 602 278 732 216 745 268 838 218 857 255 852 211 870 299 887 255 906 
273 309 273 296 276 296 278 296 262 296 256 296 250 297 273 302 233 304 278 324 264 325 312 386 175 390 353 484 144 520 408 452 167 478 281 598 207 602 277 734 217 745 268 838 218 857 256 852 211 870 299 887 256 905 
274 309 274 296 277 296 280 296 263 296 258 297 252 297 275 302 236 305 279 324 265 325 313 386 176 390 353 484 144 518 410 448 170 475 282 598 207 602 277 734 217 745 268 837 218 857 256 851 211 870 299 887 256 905 
275 309 275 296 278 296 280 295 264 296 260 296 254 297 275 302 238 305 281 323 266 324 314 387 177 390 354 485 144 518 411 446 177 473 282 598 208 602 278 734 217 745 269 837 218 856 258 850 211 868 299 887 255 905 
277 309 277 296 279 296 281 296 266 296 262 297 257 297 276 302 240 305 283 324 268 324 314 388 178 390 353 485 147 517 410 444 182 469 282 598 208 602 278 734 217 745 269 837 218 856 258 850 211 868 298 887 254 905 
279 309 278 296 280 296 282 296 268 297 264 297 259 297 276 302 242 305 284 324 270 325 315 389 180 390 352 486 150 516 408 445 191 467 282 599 208 602 278 734 217 745 269 837 218 855 258 851 211 867 298 887 253 905 
281 309 279 296 281 296 283 296 269 297 265 297 260 298 276 303 243 305 285 324 272 325 315 389 182 390 349 487 155 515 405 445 196 467 283 600 208 603 278 736 217 745 269 839 217 855 258 853 210 867 298 888 251 905 
282 310 280 297 281 296 283 296 270 297 267 297 261 298 276 302 244 305 286 324 273 325 316 389 184 391 345 488 159 515 400 448 201 467 283 601 209 604 278 737 217 747 269 839 217 855 258 853 210 866 298 888 250 905 
283 311 280 297 282 297 284 297 271 297 267 298 262 298 276 303 244 305 286 325 274 326 316 389 185 391 344 489 163 515 395 451 207 468 284 602 210 605 278 738 216 748 269 839 217 854 258 852 210 866 298 888 250 905 
283 311 281 297 282 297 284 297 271 298 267 298 262 299 276 303 243 306 286 326 274 327 316 389 186 391 341 490 166 515 385 460 213 468 284 603 211 606 278 740 216 749 269 841 217 855 258 854 210 866 298 888 250 905 
283 312 281 298 283 297 284 297 272 298 267 298 262 299 277 303 243 306 286 326 274 327 316 389 187 391 337 491 169 516 377 463 218 470 286 603 212 606 278 740 216 749 269 841 217 855 257 854 210 866 298 888 250 905 
283 313 281 298 283 298 284 297 272 299 267 299 261 299 276 303 243 306 286 326 274 328 317 389 187 392 335 493 173 517 376 460 222 471 287 603 213 606 279 740 217 749 269 840 217 854 257 853 210 865 298 888 250 904 
283 313 281 298 283 298 284 298 271 299 267 299 261 300 276 303 242 307 286 327 274 329 318 389 187 392 331 494 175 517 374 459 222 470 288 603 213 606 279 741 217 749 269 840 217 853 258 853 210 864 298 889 250 904 
282 313 280 299 282 298 284 298 270 299 265 300 260 300 276 303 241 308 286 327 273 329 318 389 187 393 329 494 177 518 371 460 222 470 288 602 213 605 279 741 217 746 269 840 217 853 257 853 210 864 298 889 250 904 
281 315 279 299 281 299 283 298 269 300 264 301 258 302 276 303 240 309 285 328 273 330 319 389 187 393 330 494 178 520 372 461 220 470 289 602 214 605 279 741 217 746 269 840 217 853 257 853 210 864 298 889 249 904 
279 315 278 300 280 300 282 299 267 301 262 302 256 303 276 304 238 310 284 329 271 331 319 388 187 393 332 494 178 520 372 461 218 470 290 602 214 604 280 741 217 745 269 840 217 853 257 853 210 863 298 889 248 904 
278 318 277 302 280 302 282 301 267 304 261 304 255 305 276 305 238 312 283 331 270 333 320 388 187 393 332 494 177 519 373 462 218 469 291 601 214 603 280 741 217 745 270 840 218 852 258 853 211 863 298 889 248 904 
277 319 277 304 280 303 282 303 266 305 260 306 254 307 277 307 237 313 282 332 269 334 323 389 187 393 333 494 177 519 375 463 215 470 292 601 214 601 280 741 217 745 270 840 218 852 258 853 212 863 298 890 248 904 
276 320 277 305 280 304 282 304 265 306 260 306 253 307 278 308 237 313 281 333 268 334 324 389 187 394 335 494 176 519 375 463 211 472 292 600 214 601 281 740 217 744 270 839 218 853 258 852 213 863 298 890 248 904 
276 321 277 306 279 305 282 305 265 307 259 307 253 308 279 308 237 313 281 334 266 335 325 389 187 394 341 495 176 519 378 463 206 475 293 600 214 601 281 740 217 744 271 840 218 853 259 852 213 863 298 891 248 904 
275 321 277 306 279 306 282 305 264 307 259 307 252 308 279 309 237 313 281 334 266 335 327 389 187 395 344 496 175 519 380 465 204 477 294 600 215 600 281 741 217 744 271 840 218 852 260 852 213 863 298 891 246 904 
275 323 277 308 279 307 282 307 264 308 259 308 252 309 281 310 237 314 280 336 266 336 328 389 187 395 347 496 176 519 381 466 203 477 295 599 215 600 282 741 218 743 271 840 218 852 260 852 213 863 298 891 246 904 
275 324 277 309 280 308 283 308 264 309 259 309 252 309 283 310 238 314 280 336 266 337 330 389 189 395 349 496 176 518 383 467 204 478 296 598 216 598 282 740 218 741 271 840 218 852 260 852 213 863 297 892 246 904 
275 325 277 309 280 309 283 308 265 310 259 310 253 310 284 311 239 315 281 337 266 338 331 389 190 395 351 496 177 518 385 467 204 478 297 598 217 598 282 741 219 741 271 842 218 853 260 854 213 864 297 892 245 904 
276 325 279 310 282 309 286 309 266 310 260 310 254 310 287 311 240 315 282 337 267 338 333 390 193 395 352 498 178 518 386 467 205 478 299 599 218 598 282 742 219 741 271 842 218 853 259 854 213 864 295 893 243 905 
277 325 280 310 284 310 288 309 267 311 262 311 255 311 289 312 242 315 283 338 268 339 335 390 194 395 354 498 179 518 387 468 206 479 301 599 219 598 282 742 219 742 271 842 218 853 259 854 213 864 294 893 241 906 
280 325 283 310 287 310 291 309 270 310 264 311 258 311 292 312 245 315 287 338 271 338 337 390 196 395 355 499 181 518 388 468 207 480 303 599 220 598 282 742 220 742 271 842 218 854 259 854 213 864 294 893 239 906 
283 325 286 310 290 310 294 309 273 311 267 311 261 311 295 312 249 316 290 338 274 338 339 390 199 395 357 500 183 519 388 470 211 480 304 599 223 598 283 742 222 742 271 842 218 854 259 853 213 864 294 893 240 906 
286 325 289 311 293 310 297 310 276 311 270 311 264 311 298 313 251 316 292 338 276 339 342 391 200 395 361 501 183 521 390 472 212 482 305 599 223 598 285 742 226 742 271 838 218 853 259 848 213 864 293 893 240 906 
287 326 291 311 295 310 299 310 277 311 271 311 265 311 302 313 253 316 293 338 277 339 345 394 203 396 363 505 183 522 391 477 213 487 305 602 224 601 286 744 228 749 271 838 218 853 259 849 213 864 293 893 239 906 
288 326 293 311 298 311 302 311 279 312 273 312 267 312 307 314 256 316 295 339 278 340 348 397 205 396 366 508 183 522 392 482 213 490 307 605 226 604 287 745 231 754 271 836 218 853 259 847 213 865 293 892 240 909 
291 327 297 312 302 312 307 312 282 313 277 313 270 313 312 316 260 317 298 341 281 341 351 400 208 396 368 511 182 522 393 491 214 495 308 606 228 604 289 745 233 755 272 832 221 858 260 841 214 871 293 889 241 916 
295 329 302 314 307 314 311 314 287 314 282 313 275 313 316 318 264 317 302 343 284 342 352 401 209 396 370 510 180 521 394 501 215 500 309 608 229 606 290 748 234 758 272 833 224 864 260 842 217 876 294 889 242 921 
297 330 304 315 309 315 314 316 289 315 284 314 278 314 320 320 268 318 304 344 286 344 355 403 210 397 370 510 177 519 394 509 215 510 309 611 230 609 290 750 234 761 272 833 228 870 260 843 222 881 295 888 247 930 
299 331 307 316 312 316 317 317 292 315 287 315 281 315 324 321 271 319 306 345 288 345 357 405 212 397 372 513 175 517 393 520 215 524 309 615 230 612 290 752 233 765 272 833 231 882 258 843 225 892 295 888 253 940 
300 333 309 318 315 318 320 319 294 317 289 316 284 316 326 323 275 320 307 348 290 347 359 408 214 398 371 513 172 514 393 536 215 537 309 618 231 615 288 757 234 770 269 831 238 899 255 842 232 910 292 887 261 955 
301 335 310 320 316 321 321 321 296 319 291 318 285 318 328 326 278 322 308 350 291 348 362 412 215 400 371 513 171 513 390 545 213 549 309 622 231 619 288 758 235 775 268 831 242 908 252 842 238 920 289 887 265 964 
303 344 313 330 319 330 324 330 298 328 292 327 287 326 330 332 279 327 311 359 293 357 363 414 217 403 370 509 170 514 387 559 210 559 309 626 236 626 289 756 238 779 267 822 245 916 251 834 240 929 288 883 271 969 
302 354 312 339 317 338 323 338 297 337 292 336 287 335 331 338 279 334 310 370 292 367 366 418 218 410 371 509 170 514 384 565 207 569 311 630 239 631 289 755 240 784 266 824 250 928 250 836 257 939 286 884 273 983 
304 360 314 345 320 344 326 344 298 343 293 341 288 340 334 344 279 339 312 376 294 373 368 424 218 416 370 509 170 516 380 572 205 578 313 635 241 638 290 754 241 790 266 821 254 939 250 831 258 952 286 884 274 993 
305 370 315 354 321 354 327 353 299 351 294 350 289 348 335 350 279 345 313 384 295 381 370 427 218 422 371 511 170 521 377 577 203 586 316 639 243 644 292 748 244 799 267 815 260 954 251 827 263 967 287 879 275 1005 
305 375 315 359 320 358 326 358 299 357 293 355 288 354 335 355 279 351 313 390 294 387 371 429 218 425 373 513 170 527 376 579 203 599 316 643 243 650 294 748 246 807 273 808 262 957 262 817 267 971 290 872 273 1015 
304 382 314 365 320 365 326 363 298 364 293 363 288 361 335 358 278 356 312 397 294 395 372 432 218 430 376 519 170 534 377 588 202 609 317 645 244 654 299 741 249 813 281 795 264 967 269 809 267 980 296 866 271 1025 
302 390 313 372 319 372 325 371 296 371 290 370 284 369 334 364 277 363 312 404 292 403 372 435 217 434 382 527 170 541 377 598 201 617 319 653 244 662 301 740 250 822 284 800 268 985 274 810 274 1001 304 869 271 1040 
302 395 312 377 319 376 325 374 294 377 288 376 282 375 333 366 274 368 311 408 291 408 372 435 214 440 387 530 169 550 379 606 201 632 323 659 245 670 307 740 252 833 291 796 268 989 281 805 275 1001 321 866 270 1052 
299 397 309 379 316 377 322 376 289 379 282 378 277 377 332 368 269 370 310 411 287 411 372 434 210 442 390 530 168 556 382 611 200 641 325 661 246 675 319 736 252 842 297 799 268 994 285 809 273 1004 316 866 270 1062 
292 394 304 376 310 375 317 374 282 376 275 375 269 374 327 367 264 368 307 408 280 408 371 434 205 444 391 530 165 565 386 611 199 656 326 665 246 681 321 752 254 847 301 800 267 996 288 812 271 1003 314 867 270 1070 
286 391 298 372 306 371 312 370 276 372 269 371 263 370 322 364 259 365 303 405 274 405 372 433 198 446 393 534 162 571 391 620 198 668 328 673 246 690 325 788 259 849 300 816 269 998 288 831 272 1004 311 882 276 1075 
283 389 295 370 302 369 309 368 272 371 265 370 259 369 318 363 253 364 300 404 270 404 372 433 192 446 395 539 158 577 394 625 197 675 329 679 246 693 328 811 258 857 299 822 271 998 288 827 273 1004 310 880 276 1078 
279 387 292 366 300 364 306 363 267 368 260 366 254 365 315 357 248 361 297 403 266 403 372 432 186 446 396 539 155 582 400 625 195 677 330 684 244 701 335 831 257 872 300 854 273 1004 287 849 276 1008 311 913 280 1090 
273 372 287 350 296 348 303 347 262 353 255 352 249 351 312 345 244 350 292 387 259 390 372 432 181 446 398 545 151 584 404 626 192 676 333 691 241 708 337 844 255 886 319 860 276 1007 307 854 278 1008 329 921 283 1092 
270 357 285 335 294 333 301 332 259 336 252 336 246 335 310 332 241 337 289 371 254 375 373 431 176 445 400 549 147 588 405 626 190 681 334 697 239 714 344 866 252 897 321 886 275 1011 308 875 277 1011 327 949 285 1099 
268 342 283 321 292 320 299 319 257 321 250 321 244 320 309 321 239 323 287 358 251 361 374 430 171 444 402 550 141 591 407 627 189 685 336 702 234 716 345 876 250 900 326 927 274 1010 313 923 276 1012 336 992 284 1096 
267 328 282 306 291 306 298 306 257 306 249 305 243 305 309 311 238 309 286 347 251 349 374 423 169 436 405 548 135 586 410 627 186 681 337 700 232 714 343 879 245 892 334 960 268 1005 325 966 273 1009 345 1040 280 1092 
268 319 283 298 292 298 298 298 257 297 249 296 243 296 309 304 237 300 286 340 252 341 375 421 166 430 408 550 130 583 411 631 182 681 338 700 231 713 341 885 246 885 340 989 268 997 331 996 273 1005 353 1077 277 1086 
266 312 282 291 291 291 298 292 255 290 247 289 241 288 309 297 236 294 285 334 251 335 378 421 163 427 409 557 123 581 412 636 176 680 337 713 229 720 340 908 244 898 344 1032 267 1004 338 1040 274 1012 357 1118 270 1090 
266 309 282 287 291 287 298 288 255 286 247 285 240 285 309 294 235 290 285 332 250 333 380 421 158 426 413 568 116 587 413 647 167 679 337 725 224 732 338 938 239 918 348 1090 268 1020 349 1104 276 1026 355 1184 273 1107 
264 305 281 284 290 284 297 284 253 283 244 282 237 282 309 293 231 288 283 329 247 330 380 422 154 426 418 571 107 593 417 664 155 682 337 737 221 742 335 958 232 915 347 1133 267 1021 348 1151 276 1027 351 1224 272 1111 
263 305 280 282 290 283 297 283 251 281 242 281 235 281 309 293 228 289 282 329 245 331 382 424 148 428 425 584 99 602 420 683 147 693 337 752 219 757 333 978 233 930 350 1179 268 1031 357 1200 290 1061 349 1259 268 1119 
261 306 279 283 289 284 296 284 247 283 238 282 231 282 309 294 223 292 282 331 241 334 387 436 142 437 429 609 94 616 422 703 136 702 337 770 217 773 332 1003 234 941 348 1194 269 1032 351 1213 287 1048 348 1267 268 1130 
260 309 279 286 289 287 296 287 247 285 237 285 230 285 309 297 222 294 281 334 240 336 389 447 137 447 434 627 86 627 423 724 126 720 338 790 216 792 331 1023 240 972 348 1215 275 1056 347 1228 301 1086 342 1283 269 1154 
260 312 279 290 289 290 296 290 246 289 236 288 228 288 309 298 220 297 281 335 240 337 392 458 132 459 439 639 78 640 427 746 113 736 339 806 213 810 328 1045 245 986 337 1243 281 1084 337 1249 302 1117 323 1362 272 1185 
260 313 279 292 289 292 297 292 245 291 234 290 226 290 310 298 217 297 282 338 238 341 395 468 130 468 445 658 72 656 431 771 104 764 339 827 209 829 322 1070 245 1008 324 1252 280 1084 319 1252 301 1108 312 1374 272 1182 
261 315 279 292 290 292 298 293 246 291 234 291 225 291 313 298 215 298 282 341 238 344 403 481 124 475 449 685 68 668 432 798 94 786 340 850 207 850 313 1106 247 1068 308 1260 274 1236 322 1286 288 1255 305 1379 255 1330 
261 315 280 291 291 291 300 292 245 289 234 289 225 289 317 299 215 299 282 343 238 346 410 491 118 480 456 712 61 673 431 832 75 807 340 875 195 871 309 1148 213 1124 310 1318 226 1297 322 1337 233 1321 309 1422 206 1387 
261 315 282 289 293 289 304 290 246 287 234 286 224 286 321 300 214 297 283 344 239 346 419 500 112 482 464 737 58 678 431 860 56 826 335 897 171 885 298 1180 145 1153 309 1345 150 1343 314 1367 155 1370 306 1446 149 1442 
260 310 282 281 293 282 305 283 244 279 231 278 222 278 324 296 211 292 283 344 236 344 425 505 104 481 472 755 52 684 430 893 35 844 327 921 152 903 295 1204 61 1151 298 1301 116 1348 311 1380 136 1373 304 1453 96 1460 
256 299 281 266 293 267 305 268 239 262 226 261 216 260 324 283 206 277 281 337 229 335 428 508 92 481 481 774 45 692 424 923 7 858 318 947 145 928 294 1210 78 1150 296 1286 137 1316 300 1306 159 1336 305 1448 97 1420 
246 281 274 243 290 244 303 246 228 240 215 239 203 238 323 262 193 259 275 322 220 321 432 507 83 478 487 790 38 689 418 945 -16 857 317 958 143 933 296 1205 116 1154 295 1274 150 1256 297 1285 174 1301 278 1440 121 1352 
232 258 262 219 280 220 296 222 217 215 204 214 192 214 320 242 183 237 266 301 209 297 435 504 76 477 492 800 30 683 403 966 -41 850 317 960 140 935 297 1186 119 1142 281 1298 159 1234 283 1270 184 1297 259 1431 139 1356 
218 239 247 201 267 203 285 206 204 197 192 197 181 197 313 229 172 220 252 284 194 281 434 503 62 477 502 827 -64 681 381 1001 -71 844 316 956 129 942 294 1169 113 1190 267 1276 153 1223 255 1254 186 1268 226 1345 139 1364 
200 220 231 182 251 184 270 187 189 178 176 177 162 177 302 213 152 200 233 266 176 262 432 501 43 473 507 845 -67 704 354 1034 -68 921 305 964 118 948 285 1183 76 1192 262 1291 153 1231 257 1283 186 1287 245 1408 133 1395 
178 210 212 166 232 168 253 171 165 165 150 165 134 166 287 200 125 189 211 259 152 255 430 500 22 471 509 876 -56 751 321 1091 -32 1009 303 979 105 956 256 1232 44 1269 255 1350 129 1321 261 1339 157 1329 233 1482 104 1432 
147 209 183 164 204 165 226 168 134 162 118 162 103 162 268 196 102 182 179 258 118 257 430 499 -1 467 506 919 -74 784 290 1141 -54 1057 293 989 80 963 221 1302 12 1374 225 1636 45 1595 236 1666 65 1629 172 1785 20 1728 
111 201 152 152 173 153 195 156 97 151 79 151 64 152 245 185 68 173 147 253 83 256 426 502 -21 467 502 971 -54 817 261 1201 8 1083 274 1013 71 962 186 1341 28 1280 237 1509 69 1469 242 1525 89 1500 189 1630 29 1594 
64 194 111 144 134 146 156 149 57 140 43 139 30 139 200 182 51 162 102 248 38 250 403 518 -36 469 496 1016 -48 856 225 1262 3 1132 201 1056 2 981 75 1331 -101 1241 88 1578 -67 1486 122 1613 -36 1528 -7 1700 -146 1628 
20 194 80 137 103 138 125 141 30 136 17 135 6 135 160 178 26 157 62 247 -9 250 365 535 -35 465 480 1036 -75 855 256 1297 -2 1097 158 1087 -57 999 62 1413 -136 1290 72 1693 -97 1618 101 1731 -71 1670 -16 1836 -163 1774 
-1 -1 -1 -1 -1 -1 -1 -1 -1 -1 -1 -1 -1 -1 -1 -1 -1 -1 -1 -1 -1 -1 -1 -1 -1 -1 -1 -1 -1 -1 -1 -1 -1 -1 -1 -1 -1 -1 -1 -1 -1 -1 -1 -1 -1 -1 -1 -1 -1 -1 -1 -1 -1 -1 
-200 176 -138 104 -108 104 -76 104 -203 106 -220 108 -232 122 -4 182 -221 157 -136 296 -221 288 277 617 -363 536 394 1158 -454 933 331 1553 -284 599 101 1559 -334 1519 28 2347 -372 2292 -26 3075 -384 2990 -8 3184 -386 3084 -130 3262 -404 3199 
-221 169 -160 105 -130 106 -102 106 -215 107 -228 110 -242 122 -36 176 -228 157 -171 248 -238 248 244 626 -411 588 392 1159 -462 1169 345 1684 -455 1467 41 1607 -389 1587 2 2421 -402 2371 -30 3147 -432 3086 -10 3258 -442 3198 -149 3364 -445 3296 
-1 -1 -1 -1 -1 -1 -1 -1 -1 -1 -1 -1 -1 -1 -1 -1 -1 -1 -1 -1 -1 -1 -1 -1 -1 -1 -1 -1 -1 -1 -1 -1 -1 -1 -1 -1 -1 -1 -1 -1 -1 -1 -1 -1 -1 -1 -1 -1 -1 -1 -1 -1 -1 -1 
-1 -1 -1 -1 -1 -1 -1 -1 -1 -1 -1 -1 -1 -1 -1 -1 -1 -1 -1 -1 -1 -1 -1 -1 -1 -1 -1 -1 -1 -1 -1 -1 -1 -1 -1 -1 -1 -1 -1 -1 -1 -1 -1 -1 -1 -1 -1 -1 -1 -1 -1 -1 -1 -1 
-1 -1 -1 -1 -1 -1 -1 -1 -1 -1 -1 -1 -1 -1 -1 -1 -1 -1 -1 -1 -1 -1 -1 -1 -1 -1 -1 -1 -1 -1 -1 -1 -1 -1 -1 -1 -1 -1 -1 -1 -1 -1 -1 -1 -1 -1 -1 -1 -1 -1 -1 -1 -1 -1 
-1 -1 -1 -1 -1 -1 -1 -1 -1 -1 -1 -1 -1 -1 -1 -1 -1 -1 -1 -1 -1 -1 -1 -1 -1 -1 -1 -1 -1 -1 -1 -1 -1 -1 -1 -1 -1 -1 -1 -1 -1 -1 -1 -1 -1 -1 -1 -1 -1 -1 -1 -1 -1 -1 
-1 -1 -1 -1 -1 -1 -1 -1 -1 -1 -1 -1 -1 -1 -1 -1 -1 -1 -1 -1 -1 -1 -1 -1 -1 -1 -1 -1 -1 -1 -1 -1 -1 -1 -1 -1 -1 -1 -1 -1 -1 -1 -1 -1 -1 -1 -1 -1 -1 -1 -1 -1 -1 -1 
-1 -1 -1 -1 -1 -1 -1 -1 -1 -1 -1 -1 -1 -1 -1 -1 -1 -1 -1 -1 -1 -1 -1 -1 -1 -1 -1 -1 -1 -1 -1 -1 -1 -1 -1 -1 -1 -1 -1 -1 -1 -1 -1 -1 -1 -1 -1 -1 -1 -1 -1 -1 -1 -1 
-1 -1 -1 -1 -1 -1 -1 -1 -1 -1 -1 -1 -1 -1 -1 -1 -1 -1 -1 -1 -1 -1 -1 -1 -1 -1 -1 -1 -1 -1 -1 -1 -1 -1 -1 -1 -1 -1 -1 -1 -1 -1 -1 -1 -1 -1 -1 -1 -1 -1 -1 -1 -1 -1 
-1 -1 -1 -1 -1 -1 -1 -1 -1 -1 -1 -1 -1 -1 -1 -1 -1 -1 -1 -1 -1 -1 -1 -1 -1 -1 -1 -1 -1 -1 -1 -1 -1 -1 -1 -1 -1 -1 -1 -1 -1 -1 -1 -1 -1 -1 -1 -1 -1 -1 -1 -1 -1 -1 
-1 -1 -1 -1 -1 -1 -1 -1 -1 -1 -1 -1 -1 -1 -1 -1 -1 -1 -1 -1 -1 -1 -1 -1 -1 -1 -1 -1 -1 -1 -1 -1 -1 -1 -1 -1 -1 -1 -1 -1 -1 -1 -1 -1 -1 -1 -1 -1 -1 -1 -1 -1 -1 -1 
-1 -1 -1 -1 -1 -1 -1 -1 -1 -1 -1 -1 -1 -1 -1 -1 -1 -1 -1 -1 -1 -1 -1 -1 -1 -1 -1 -1 -1 -1 -1 -1 -1 -1 -1 -1 -1 -1 -1 -1 -1 -1 -1 -1 -1 -1 -1 -1 -1 -1 -1 -1 -1 -1 
-1 -1 -1 -1 -1 -1 -1 -1 -1 -1 -1 -1 -1 -1 -1 -1 -1 -1 -1 -1 -1 -1 -1 -1 -1 -1 -1 -1 -1 -1 -1 -1 -1 -1 -1 -1 -1 -1 -1 -1 -1 -1 -1 -1 -1 -1 -1 -1 -1 -1 -1 -1 -1 -1 
-1 -1 -1 -1 -1 -1 -1 -1 -1 -1 -1 -1 -1 -1 -1 -1 -1 -1 -1 -1 -1 -1 -1 -1 -1 -1 -1 -1 -1 -1 -1 -1 -1 -1 -1 -1 -1 -1 -1 -1 -1 -1 -1 -1 -1 -1 -1 -1 -1 -1 -1 -1 -1 -1 
