1054 218 1057 206 1062 207 1066 208 1043 205 1036 204 1028 204 1064 216 1008 212 1060 238 1041 236 1099 329 944 310 1077 438 910 441 1050 538 903 561 1047 567 956 563 1052 745 960 747 1037 888 956 885 1019 905 957 899 1062 933 969 944 
1053 218 1057 206 1061 207 1065 208 1042 205 1035 204 1027 204 1063 216 1008 212 1059 238 1041 236 1096 329 944 310 1075 438 910 441 1050 538 902 561 1047 567 956 563 1052 745 960 748 1030 888 956 888 1009 905 956 905 1060 933 969 944 
1052 219 1055 207 1060 207 1064 208 1041 205 1034 204 1026 204 1062 216 1007 213 1057 239 1039 237 1093 328 944 310 1074 438 910 441 1050 538 900 563 1047 567 956 564 1049 747 960 749 1020 888 956 888 999 905 956 907 1056 934 967 944 
1050 220 1054 207 1059 208 1063 209 1040 205 1032 204 1025 204 1061 217 1005 213 1056 240 1037 238 1090 327 943 310 1074 437 909 440 1056 537 898 563 1046 567 956 564 1046 747 959 749 1013 887 956 888 993 903 955 907 1051 935 967 944 
1050 221 1054 208 1058 208 1062 209 1040 206 1032 205 1025 205 1059 217 1005 213 1055 240 1037 239 1086 327 941 310 1073 438 907 441 1067 544 895 565 1046 567 956 564 1040 747 959 748 1010 887 956 887 992 902 954 905 1048 936 967 944 
1049 221 1052 208 1057 209 1060 209 1038 206 1031 205 1024 205 1057 218 1004 214 1053 240 1036 239 1085 327 940 311 1079 446 906 442 1089 559 892 566 1045 565 956 563 1037 745 958 745 1010 887 955 887 994 902 953 904 1047 938 968 944 
1047 222 1051 208 1055 209 1059 210 1037 207 1030 206 1022 206 1056 218 1002 215 1052 241 1034 240 1085 327 939 313 1082 449 904 442 1101 562 891 566 1045 564 956 563 1033 744 958 743 1011 887 955 886 995 902 953 903 1047 939 967 944 
1046 223 1049 210 1054 210 1057 211 1036 208 1029 207 1021 207 1054 219 1001 215 1051 242 1034 241 1084 327 939 314 1084 450 904 443 1111 563 890 566 1045 564 956 563 1030 744 958 743 1011 887 955 886 995 902 953 903 1047 941 966 944 
1044 224 1047 211 1051 211 1055 212 1034 209 1027 209 1019 208 1052 219 1000 216 1049 243 1032 242 1084 327 938 315 1087 450 904 443 1121 561 890 566 1045 564 957 563 1030 746 959 743 1011 887 955 887 996 902 953 903 1047 941 965 944 
1040 226 1043 213 1047 213 1051 213 1029 211 1022 210 1015 210 1050 221 997 218 1045 244 1027 244 1084 327 938 316 1092 451 904 444 1128 559 891 566 1045 564 957 562 1029 746 959 743 1010 887 955 885 996 902 953 901 1047 941 964 943 
1036 227 1039 214 1043 214 1048 214 1024 212 1017 212 1010 212 1048 221 994 220 1042 245 1023 245 1084 327 938 317 1097 451 906 444 1137 558 897 565 1045 563 957 561 1029 748 960 743 1011 887 955 885 996 902 953 901 1047 941 964 943 
1035 227 1037 214 1041 214 1046 215 1023 213 1016 213 1008 213 1047 222 992 222 1041 246 1022 246 1085 327 938 317 1100 450 911 445 1142 558 903 567 1045 562 958 560 1028 748 960 742 1010 887 955 885 996 902 953 901 1047 941 964 942 
1034 227 1037 214 1040 214 1045 215 1022 213 1015 213 1007 213 1046 222 992 222 1040 246 1021 246 1086 327 940 318 1103 450 915 445 1146 556 910 568 1046 562 961 560 1028 748 962 742 1010 887 955 885 996 902 953 901 1047 941 964 942 
1034 227 1037 214 1041 215 1045 215 1022 213 1015 213 1008 213 1046 222 992 223 1040 246 1021 246 1088 327 941 318 1106 449 916 446 1150 551 916 566 1048 561 963 560 1028 748 962 742 1009 888 955 886 995 903 953 902 1047 941 964 942 
1034 229 1037 216 1041 216 1046 216 1022 214 1015 215 1008 215 1046 223 992 224 1041 247 1022 247 1090 327 942 318 1108 448 921 447 1152 549 921 566 1050 561 965 560 1028 748 962 742 1009 888 955 886 994 905 953 904 1047 941 964 941 
1034 229 1037 216 1041 217 1046 217 1022 215 1015 215 1008 215 1047 224 992 224 1041 248 1022 248 1092 327 943 318 1109 448 925 447 1154 547 928 566 1053 561 968 559 1028 748 963 742 1007 889 955 886 992 907 953 904 1047 941 964 940 
1036 229 1038 216 1043 217 1047 217 1024 215 1017 215 1010 215 1048 224 994 224 1043 248 1025 248 1095 327 946 318 1111 448 929 447 1154 547 936 564 1055 560 970 557 1028 747 963 741 1007 889 956 887 992 907 953 905 1046 941 965 940 
1038 229 1041 217 1045 217 1049 217 1026 215 1020 215 1013 216 1049 224 997 225 1045 248 1027 248 1097 327 949 319 1112 448 933 448 1153 547 942 564 1055 560 971 557 1029 747 963 742 1007 889 956 887 992 907 953 906 1046 941 965 939 
1041 230 1044 217 1048 217 1052 217 1029 216 1023 216 1016 216 1052 224 1000 225 1048 248 1031 248 1099 327 951 319 1113 448 936 449 1152 547 945 565 1056 560 973 557 1029 747 964 742 1007 889 956 888 992 907 953 907 1046 941 966 939 
1046 230 1049 217 1053 217 1057 217 1035 216 1028 216 1021 216 1057 224 1004 225 1053 248 1036 248 1102 327 955 319 1114 448 938 449 1150 549 947 566 1059 560 976 557 1031 746 969 742 1007 889 956 889 992 907 953 907 1047 941 966 939 
1049 230 1052 217 1057 217 1061 217 1038 216 1031 216 1024 216 1062 224 1009 225 1057 248 1039 248 1107 328 961 319 1114 450 941 449 1150 555 947 569 1062 560 980 557 1035 745 975 742 1007 889 956 888 992 906 952 907 1047 941 967 939 
1053 229 1057 216 1061 217 1065 217 1042 216 1035 216 1028 216 1066 224 1013 225 1061 248 1043 248 1110 329 965 320 1115 453 944 449 1145 561 945 571 1064 560 982 557 1037 744 981 741 1007 889 956 887 991 906 951 906 1047 941 967 938 
1059 229 1062 216 1067 217 1071 217 1047 216 1041 216 1033 216 1071 224 1018 225 1065 247 1048 247 1113 329 968 320 1114 456 947 450 1136 565 943 574 1065 560 985 557 1042 742 991 741 1007 888 958 886 988 905 951 906 1049 940 972 937 
1062 229 1066 216 1070 216 1075 216 1051 216 1044 216 1037 216 1075 224 1021 225 1070 247 1051 247 1117 330 970 320 1115 459 949 451 1130 569 942 574 1066 560 986 558 1043 741 994 741 1007 886 963 887 988 904 954 907 1049 938 977 938 
1068 228 1071 215 1076 215 1080 215 1056 215 1050 215 1042 215 1078 224 1026 225 1075 246 1057 247 1119 330 973 320 1116 461 950 452 1126 570 937 574 1066 561 986 559 1042 741 1000 742 1006 884 970 892 988 902 959 914 1050 935 994 942 
1073 227 1076 214 1081 215 1085 215 1061 214 1054 214 1047 215 1083 224 1030 224 1080 246 1062 246 1123 330 976 321 1118 461 950 452 1124 569 931 575 1069 563 990 559 1042 740 1005 742 1004 881 985 897 986 899 971 924 1049 928 1017 946 
1077 226 1080 214 1084 214 1088 214 1065 214 1058 214 1050 214 1087 224 1033 224 1084 245 1065 245 1127 331 979 321 1119 460 950 452 1122 568 926 575 1072 564 993 560 1043 739 1009 743 1003 873 998 902 986 894 986 928 1046 922 1034 949 
1079 226 1082 213 1087 213 1091 213 1067 213 1060 213 1053 214 1089 223 1035 224 1086 244 1068 245 1130 331 981 321 1119 459 950 452 1122 563 923 574 1073 565 994 560 1044 738 1015 745 1003 870 1007 909 986 889 997 933 1045 923 1039 956 
1083 225 1085 212 1089 212 1094 212 1071 212 1064 212 1056 213 1092 222 1039 224 1091 243 1072 244 1136 331 984 321 1123 457 951 452 1122 561 922 573 1076 566 997 561 1047 736 1020 745 1005 869 1015 913 986 885 1006 936 1045 922 1045 963 
1086 225 1089 212 1094 212 1098 212 1074 212 1067 212 1060 213 1097 222 1042 224 1094 243 1075 244 1138 331 988 321 1123 450 951 453 1120 556 922 573 1078 568 999 562 1048 735 1025 745 1003 866 1025 914 984 882 1023 946 1035 922 1053 974 
1090 225 1093 212 1097 212 1102 212 1078 212 1071 212 1063 213 1101 222 1046 224 1098 243 1079 244 1140 331 991 322 1126 451 952 453 1120 557 922 573 1078 568 1000 563 1048 735 1030 748 1003 864 1035 926 984 880 1029 947 1029 922 1063 987 
1093 225 1096 211 1101 212 1105 212 1081 212 1074 212 1066 213 1104 222 1048 224 1101 243 1082 244 1144 332 993 322 1132 460 954 454 1128 564 923 574 1079 570 1001 566 1047 738 1036 752 1002 865 1042 945 984 882 1033 965 1028 922 1080 1000 
1096 225 1099 211 1103 212 1108 212 1084 211 1076 212 1069 213 1106 222 1051 224 1104 243 1085 244 1148 334 996 323 1135 465 957 456 1136 568 927 577 1080 571 1002 567 1046 740 1039 757 1002 866 1049 955 985 882 1039 976 1028 920 1096 1009 
1099 224 1102 211 1106 211 1110 212 1086 211 1079 212 1072 212 1108 222 1054 224 1106 243 1088 244 1151 335 998 324 1139 470 959 458 1144 572 933 580 1083 573 1004 569 1046 743 1039 762 1003 869 1053 963 986 886 1047 984 1028 921 1102 1018 
1102 224 1104 211 1109 211 1113 212 1089 211 1081 211 1074 212 1111 222 1057 224 1109 243 1090 244 1154 336 1001 325 1143 471 963 460 1153 572 944 582 1087 576 1010 572 1046 749 1039 770 1003 877 1057 969 987 892 1051 989 1029 924 1107 1024 
1104 224 1107 211 1111 211 1115 212 1091 211 1084 211 1076 212 1114 222 1059 224 1111 243 1092 244 1155 336 1004 325 1147 472 969 461 1161 573 955 588 1093 577 1017 575 1047 752 1043 776 1005 879 1060 977 989 894 1053 997 1029 927 1109 1031 
1107 224 1110 211 1114 211 1118 211 1094 211 1087 211 1079 212 1116 222 1061 224 1114 243 1095 244 1158 336 1007 325 1151 473 976 462 1168 577 965 591 1100 581 1023 579 1050 753 1047 780 1006 879 1064 982 989 894 1057 1002 1029 929 1111 1035 
1109 224 1112 210 1116 211 1120 211 1096 210 1088 211 1081 212 1119 221 1062 223 1117 243 1098 244 1161 336 1007 325 1156 476 980 466 1172 582 972 594 1108 584 1029 583 1055 756 1051 785 1009 877 1066 981 991 890 1056 1000 1030 929 1112 1035 
1112 223 1115 209 1119 209 1123 209 1099 209 1091 209 1083 209 1120 218 1064 221 1119 242 1100 243 1164 335 1007 325 1161 478 984 468 1177 586 974 596 1113 585 1032 584 1062 759 1054 790 1014 877 1066 981 994 887 1057 1001 1031 929 1109 1033 
1114 221 1117 207 1121 207 1125 207 1101 206 1093 206 1085 206 1123 215 1067 217 1120 239 1102 240 1166 333 1009 324 1162 478 986 468 1178 587 976 596 1116 585 1034 583 1072 767 1056 793 1015 877 1067 983 993 885 1058 1004 1034 933 1111 1033 
1118 219 1120 205 1124 205 1128 205 1104 204 1097 204 1089 204 1125 213 1070 215 1124 238 1105 238 1167 330 1010 322 1165 477 986 467 1180 587 975 597 1122 585 1037 584 1099 775 1059 796 1016 876 1067 983 993 877 1059 1003 1035 939 1112 1034 
1122 217 1123 202 1128 202 1132 202 1108 202 1100 202 1092 202 1128 209 1073 212 1128 235 1109 236 1170 325 1012 319 1170 476 986 465 1184 586 976 597 1125 585 1037 584 1122 775 1062 793 1022 860 1066 980 997 854 1059 1000 1035 926 1111 1035 
1125 215 1127 200 1131 200 1135 200 1110 199 1103 199 1095 199 1130 208 1075 209 1131 234 1112 234 1171 322 1013 317 1173 475 986 463 1188 588 979 597 1129 585 1038 586 1141 782 1063 795 1032 849 1066 978 1005 847 1060 999 1040 914 1110 1033 
1128 214 1130 198 1134 198 1138 198 1114 198 1106 198 1098 198 1134 205 1078 207 1135 233 1115 233 1175 321 1016 315 1177 474 987 462 1194 589 981 598 1133 586 1041 586 1154 784 1063 795 1045 836 1065 974 1017 840 1059 999 1051 904 1110 1032 
1132 211 1134 195 1139 195 1143 195 1118 194 1110 194 1102 194 1139 202 1083 203 1139 230 1119 230 1177 321 1019 313 1181 474 990 462 1204 590 985 602 1137 588 1044 590 1168 790 1063 804 1061 837 1064 972 1033 841 1058 998 1075 904 1110 1033 
1137 208 1139 192 1143 193 1147 193 1123 191 1115 191 1107 191 1144 200 1087 200 1143 228 1123 227 1181 320 1022 311 1186 474 993 462 1215 589 991 603 1139 588 1047 591 1178 793 1064 805 1088 842 1065 969 1045 847 1057 996 1090 907 1110 1033 
1143 207 1144 191 1148 191 1153 192 1128 190 1121 190 1113 190 1149 199 1092 200 1149 227 1128 227 1185 319 1026 309 1191 474 998 463 1226 589 999 605 1144 590 1051 595 1185 799 1065 807 1079 864 1065 966 1049 863 1057 995 1104 928 1109 1032 
1148 205 1149 189 1153 189 1158 189 1133 188 1126 188 1119 188 1154 197 1099 197 1154 225 1134 225 1191 319 1029 307 1200 473 1003 463 1237 591 1007 608 1148 592 1052 596 1192 803 1065 809 1086 892 1065 965 1059 895 1056 995 1126 959 1110 1032 
1152 204 1154 188 1158 188 1163 188 1137 187 1131 187 1123 187 1160 196 1104 196 1159 224 1137 223 1197 319 1033 306 1208 473 1007 465 1246 592 1014 613 1153 593 1055 599 1197 806 1067 810 1096 917 1065 965 1073 926 1055 995 1144 980 1110 1034 
1156 203 1158 187 1163 187 1167 187 1142 186 1135 186 1128 186 1164 195 1109 194 1162 223 1142 222 1202 319 1036 305 1216 473 1011 466 1255 595 1021 616 1160 596 1062 600 1201 809 1070 810 1117 939 1068 971 1094 954 1057 1002 1172 1000 1116 1039 
1161 201 1163 184 1168 185 1173 185 1147 183 1139 184 1132 184 1170 193 1114 193 1167 221 1147 221 1208 319 1042 304 1222 474 1018 468 1260 598 1028 620 1168 598 1068 603 1202 815 1073 816 1140 964 1070 980 1118 982 1062 1007 1204 1022 1117 1045 
1166 198 1169 182 1174 182 1178 183 1152 181 1144 181 1137 182 1176 191 1120 192 1173 219 1152 219 1217 319 1048 305 1230 474 1026 471 1264 600 1035 623 1177 601 1075 605 1203 823 1076 819 1168 986 1071 983 1148 1006 1065 1006 1227 1051 1117 1045 
1172 196 1175 179 1179 179 1184 180 1158 178 1150 178 1143 179 1181 189 1125 191 1179 217 1158 216 1222 319 1055 304 1236 475 1034 472 1268 602 1041 625 1185 603 1082 607 1207 831 1079 819 1190 1015 1071 983 1174 1037 1064 1005 1237 1082 1117 1045 
1180 193 1183 177 1187 177 1192 178 1165 175 1157 175 1150 176 1190 188 1132 189 1187 215 1165 214 1229 319 1061 304 1242 480 1041 473 1271 609 1048 630 1190 608 1087 612 1212 839 1084 822 1210 1039 1071 986 1195 1057 1064 1007 1237 1094 1123 1047 
1186 191 1189 175 1195 176 1199 177 1171 174 1163 174 1156 174 1198 187 1139 188 1193 214 1171 212 1237 320 1067 304 1250 482 1047 473 1274 612 1054 632 1199 612 1096 614 1214 845 1088 822 1219 1053 1072 985 1212 1069 1065 1006 1229 1113 1122 1047 
1194 191 1198 176 1204 176 1208 177 1179 174 1171 174 1165 174 1207 187 1147 187 1201 214 1178 212 1244 320 1074 304 1258 483 1056 473 1281 615 1061 637 1209 615 1104 616 1219 849 1092 825 1224 1047 1073 986 1223 1060 1065 1007 1215 1104 1118 1047 
1202 191 1206 175 1212 176 1216 177 1188 174 1180 174 1173 174 1215 187 1156 187 1209 213 1186 212 1252 320 1082 304 1265 480 1066 480 1283 607 1071 643 1222 619 1114 617 1222 854 1103 824 1221 1052 1074 985 1216 1066 1065 1006 1206 1120 1118 1047 
1210 190 1214 175 1219 176 1224 176 1196 174 1187 174 1181 174 1222 187 1163 186 1217 213 1195 211 1260 320 1088 304 1275 476 1074 485 1284 597 1080 649 1232 621 1124 618 1226 857 1113 825 1220 1049 1075 985 1213 1065 1065 1006 1228 1149 1118 1046 
1220 190 1223 175 1228 175 1233 176 1205 174 1197 174 1190 174 1231 187 1172 186 1227 212 1205 211 1269 319 1097 304 1282 469 1081 486 1285 586 1087 650 1242 623 1133 619 1232 862 1121 828 1220 1047 1076 974 1211 1065 1065 994 1236 1155 1118 1044 
1228 188 1232 173 1237 174 1242 174 1213 172 1205 172 1197 172 1240 185 1178 185 1235 210 1212 209 1279 319 1105 303 1292 467 1090 487 1288 582 1094 649 1251 624 1141 620 1237 867 1129 834 1219 1046 1078 972 1211 1063 1065 989 1238 1163 1119 1043 
1235 184 1239 170 1244 171 1249 171 1219 169 1211 169 1204 169 1248 184 1185 182 1243 207 1218 206 1288 316 1113 302 1295 467 1096 486 1292 584 1098 648 1262 624 1150 620 1244 871 1137 842 1221 1045 1081 970 1215 1060 1066 980 1235 1150 1119 1043 
1242 181 1245 167 1250 167 1255 168 1226 165 1218 166 1211 166 1253 181 1192 179 1250 204 1226 203 1295 314 1120 301 1297 466 1103 486 1296 585 1103 648 1270 624 1160 621 1247 879 1148 856 1216 1057 1085 961 1209 1068 1068 962 1230 1169 1119 1043 
1251 178 1254 164 1259 165 1264 165 1235 163 1227 163 1219 163 1261 178 1201 176 1259 201 1234 200 1302 312 1127 300 1313 466 1108 485 1316 585 1106 649 1280 625 1171 622 1251 880 1156 866 1213 1061 1098 945 1206 1071 1081 942 1216 1177 1115 1038 
1258 176 1261 161 1266 162 1271 162 1242 161 1233 161 1226 161 1269 176 1207 174 1267 199 1242 199 1310 312 1135 300 1329 466 1113 485 1334 589 1110 650 1287 630 1177 625 1251 886 1162 875 1212 1058 1109 937 1203 1067 1089 943 1221 1175 1115 1037 
1265 173 1267 158 1273 158 1278 159 1248 157 1239 157 1232 157 1276 172 1214 171 1273 196 1249 196 1322 312 1142 300 1347 482 1119 485 1362 627 1117 652 1290 632 1181 627 1255 887 1169 880 1211 1060 1107 942 1201 1068 1088 950 1223 1179 1113 1044 
1273 174 1275 158 1281 158 1286 159 1257 157 1248 157 1241 158 1283 172 1222 171 1282 197 1258 197 1333 312 1147 300 1354 485 1128 485 1378 636 1121 653 1291 631 1183 627 1261 887 1175 884 1210 1058 1105 999 1199 1065 1088 1001 1231 1167 1115 1078 
1280 174 1282 158 1287 158 1292 159 1264 157 1256 157 1247 157 1289 171 1227 171 1288 197 1264 197 1341 312 1153 300 1362 485 1132 484 1395 636 1124 654 1297 632 1188 627 1263 890 1181 892 1210 1056 1105 1030 1192 1064 1087 1037 1229 1162 1114 1135 
1287 173 1289 157 1293 157 1298 158 1270 156 1262 156 1252 157 1295 170 1232 171 1295 197 1271 196 1348 312 1157 299 1371 484 1137 483 1409 635 1127 655 1301 633 1191 628 1265 890 1191 895 1210 1055 1112 1043 1192 1061 1091 1053 1239 1154 1119 1149 
1293 172 1294 155 1299 156 1303 156 1276 154 1267 155 1257 155 1299 169 1235 169 1301 196 1277 195 1354 312 1160 297 1380 484 1142 483 1425 637 1129 655 1307 633 1195 628 1269 889 1196 899 1213 1048 1125 1053 1196 1049 1111 1059 1232 1120 1128 1164 
1299 171 1300 154 1304 155 1308 155 1281 153 1272 153 1262 153 1303 167 1239 167 1306 195 1283 195 1358 311 1163 295 1385 484 1146 483 1436 634 1134 655 1309 633 1199 628 1271 891 1199 905 1216 1044 1137 1058 1198 1047 1127 1065 1243 1130 1147 1182 
1305 170 1305 153 1308 153 1312 153 1287 152 1277 152 1267 153 1304 165 1242 167 1311 194 1289 194 1362 310 1166 294 1388 484 1148 483 1446 633 1138 658 1308 633 1199 628 1271 890 1205 902 1219 1022 1163 1053 1203 1033 1141 1085 1241 1091 1194 1175 
1308 169 1308 152 1312 152 1315 152 1290 151 1280 151 1270 152 1308 165 1245 166 1314 193 1292 193 1368 309 1168 294 1392 483 1151 483 1452 632 1142 662 1310 634 1203 630 1273 886 1208 898 1219 1002 1184 1053 1202 1016 1174 1069 1239 1068 1224 1177 
1311 169 1310 151 1315 152 1319 152 1292 151 1283 151 1273 152 1311 164 1248 166 1318 193 1294 193 1368 309 1171 293 1394 483 1153 483 1456 631 1147 665 1312 635 1208 632 1274 877 1210 897 1222 988 1195 1068 1202 1005 1185 1074 1239 1058 1242 1194 
1312 169 1313 152 1317 152 1321 152 1294 151 1284 151 1274 152 1314 165 1249 166 1320 193 1297 193 1369 309 1172 293 1392 483 1155 484 1458 628 1153 670 1315 635 1210 634 1275 875 1213 894 1222 986 1201 1063 1202 1002 1194 1069 1238 1058 1251 1189 
1315 169 1315 152 1319 152 1323 152 1296 151 1286 152 1276 152 1316 165 1251 166 1322 193 1299 193 1370 308 1173 294 1393 483 1156 489 1459 628 1158 676 1318 635 1214 635 1278 874 1212 889 1223 990 1199 1058 1203 1003 1193 1066 1238 1061 1241 1184 
1318 169 1318 152 1322 152 1326 153 1299 151 1290 152 1280 152 1317 165 1254 166 1324 193 1301 193 1369 307 1172 294 1393 483 1156 491 1455 631 1163 677 1321 635 1215 635 1281 874 1210 889 1225 994 1192 1055 1208 1007 1184 1063 1237 1068 1226 1180 
1320 169 1319 152 1323 152 1327 153 1301 151 1292 151 1282 152 1318 165 1255 165 1325 193 1303 193 1369 307 1171 294 1394 485 1155 494 1453 637 1167 680 1322 636 1216 636 1283 875 1208 889 1226 997 1187 1054 1210 1008 1180 1061 1237 1071 1219 1175 
1319 169 1319 152 1323 152 1327 153 1301 151 1291 150 1281 150 1318 165 1254 163 1324 193 1301 193 1369 307 1171 294 1394 486 1154 497 1448 640 1171 680 1326 636 1218 638 1285 877 1207 891 1227 1000 1185 1056 1212 1012 1178 1062 1235 1074 1218 1187 
1318 169 1319 152 1323 152 1327 153 1300 150 1290 149 1280 149 1319 165 1253 162 1323 193 1300 192 1369 307 1171 294 1394 489 1154 497 1443 646 1175 682 1327 638 1220 639 1289 877 1206 891 1228 1006 1183 1056 1212 1017 1177 1062 1235 1075 1214 1187 
1318 169 1319 152 1323 152 1327 153 1300 149 1290 149 1280 148 1319 165 1253 161 1323 193 1299 192 1369 307 1170 295 1394 490 1153 499 1432 649 1177 686 1328 639 1222 640 1290 878 1206 891 1228 1011 1182 1055 1211 1023 1175 1061 1236 1076 1212 1186 
1318 169 1319 152 1323 152 1327 153 1300 149 1290 148 1280 148 1318 165 1252 160 1323 193 1299 192 1369 309 1170 295 1393 492 1153 500 1416 650 1179 687 1330 641 1224 642 1294 878 1205 894 1228 1012 1183 1049 1211 1023 1176 1056 1236 1077 1199 1185 
1319 169 1320 151 1324 152 1328 152 1301 149 1291 148 1281 148 1318 165 1253 160 1323 193 1300 192 1369 309 1170 295 1392 492 1153 501 1408 649 1180 687 1334 641 1226 643 1295 880 1205 897 1228 1017 1182 1052 1211 1027 1176 1056 1236 1082 1198 1189 
1320 169 1320 151 1324 151 1328 151 1302 149 1292 148 1282 147 1318 163 1253 160 1324 193 1301 192 1369 308 1170 295 1386 489 1153 501 1396 643 1179 687 1335 642 1227 643 1297 882 1205 898 1227 1020 1182 1052 1209 1030 1175 1056 1236 1082 1203 1189 
1321 169 1321 150 1325 150 1328 151 1303 149 1294 148 1284 147 1317 162 1255 160 1325 193 1303 192 1369 305 1171 295 1371 480 1152 501 1376 618 1178 687 1336 641 1228 643 1300 882 1204 901 1227 1022 1182 1056 1209 1032 1165 1104 1236 1086 1202 1194 
1322 169 1321 150 1325 150 1328 150 1304 149 1295 148 1285 147 1318 161 1256 160 1326 193 1304 192 1369 305 1173 294 1367 478 1152 502 1374 615 1177 687 1339 640 1231 643 1302 884 1205 904 1227 1022 1182 1050 1210 1032 1171 1063 1235 1087 1201 1189 
1323 169 1322 149 1326 150 1330 150 1305 148 1296 148 1286 147 1319 161 1257 160 1327 193 1305 192 1369 305 1175 293 1364 479 1152 501 1373 618 1176 687 1339 640 1231 643 1301 885 1205 905 1228 1023 1182 1051 1210 1033 1171 1062 1238 1089 1201 1190 
1325 168 1324 149 1328 149 1331 150 1306 148 1297 148 1287 147 1320 161 1259 160 1329 193 1307 192 1368 305 1176 292 1365 480 1152 501 1376 619 1173 687 1338 641 1231 643 1301 885 1206 912 1229 1021 1181 1059 1211 1033 1156 1102 1239 1090 1201 1193 
1326 168 1325 149 1329 149 1332 149 1307 148 1299 148 1288 147 1322 161 1260 160 1330 192 1308 192 1373 306 1177 292 1376 487 1152 500 1386 637 1167 687 1338 641 1230 643 1300 884 1206 911 1229 1020 1181 1059 1211 1032 1161 1084 1239 1091 1201 1193 
1326 167 1325 148 1329 148 1333 148 1308 147 1299 147 1289 147 1324 160 1261 159 1331 192 1308 191 1376 307 1177 292 1387 492 1152 500 1398 647 1160 687 1337 642 1230 643 1300 885 1205 911 1229 1022 1180 1068 1211 1033 1154 1112 1239 1095 1202 1196 
1326 166 1326 147 1330 147 1334 147 1308 145 1299 145 1289 145 1325 160 1262 158 1332 191 1309 190 1379 308 1179 292 1393 496 1152 500 1409 651 1155 687 1337 642 1230 643 1300 885 1205 911 1229 1023 1177 1067 1210 1034 1156 1084 1238 1095 1200 1195 
1327 165 1327 145 1331 146 1335 146 1309 144 1300 144 1290 144 1327 159 1264 157 1333 190 1310 189 1383 309 1180 292 1396 499 1152 500 1415 653 1152 686 1337 642 1229 643 1297 885 1205 910 1228 1023 1176 1066 1209 1034 1156 1073 1239 1095 1202 1193 
1329 164 1329 144 1333 145 1337 146 1310 143 1301 143 1291 143 1330 158 1266 156 1334 189 1311 188 1385 309 1182 292 1398 499 1152 499 1423 652 1147 685 1336 642 1229 643 1296 882 1206 908 1228 1018 1176 1069 1209 1032 1161 1073 1239 1092 1205 1194 
1330 163 1330 144 1334 144 1339 145 1311 142 1302 142 1292 142 1332 158 1267 156 1336 188 1313 187 1388 309 1184 291 1400 499 1153 496 1427 652 1145 682 1336 642 1228 642 1295 883 1206 905 1228 1018 1176 1068 1209 1032 1164 1068 1237 1093 1203 1194 
1331 162 1331 143 1336 144 1340 144 1312 142 1303 142 1293 142 1334 157 1269 156 1338 188 1314 187 1391 310 1186 291 1403 499 1154 494 1434 651 1144 680 1336 641 1228 641 1294 880 1207 904 1228 1014 1178 1068 1210 1028 1168 1066 1237 1087 1205 1194 
1332 162 1333 143 1337 144 1341 144 1314 142 1304 142 1294 142 1335 157 1270 156 1339 188 1315 187 1394 311 1188 291 1406 500 1155 492 1439 652 1143 678 1336 641 1228 640 1294 878 1209 902 1231 999 1180 1067 1213 1015 1172 1066 1239 1077 1210 1196 
1333 162 1334 143 1338 143 1343 144 1315 142 1306 142 1296 142 1336 157 1270 156 1340 187 1317 187 1395 312 1190 291 1408 500 1156 491 1442 654 1142 677 1336 641 1227 640 1293 878 1210 903 1231 999 1182 1067 1213 1014 1174 1067 1243 1076 1216 1198 
1335 162 1335 143 1339 143 1344 144 1316 142 1306 142 1296 142 1336 157 1270 157 1341 187 1319 187 1397 312 1191 292 1410 500 1156 488 1445 654 1142 672 1336 640 1227 638 1291 876 1213 899 1231 998 1187 1064 1212 1015 1179 1064 1246 1071 1218 1197 
1335 162 1335 143 1340 143 1344 144 1316 142 1307 142 1297 142 1337 157 1271 157 1342 187 1320 186 1398 312 1193 292 1412 498 1156 486 1448 653 1141 668 1336 640 1227 638 1290 876 1214 898 1230 1000 1187 1100 1210 1015 1180 1066 1253 1073 1226 1200 
1336 162 1336 143 1341 144 1345 145 1317 142 1307 142 1297 142 1338 158 1271 158 1343 187 1320 186 1400 312 1194 292 1413 496 1156 484 1449 653 1141 665 1336 639 1227 637 1289 874 1219 890 1230 999 1193 1100 1210 1016 1185 1068 1254 1072 1231 1201 
1336 160 1336 143 1341 144 1346 144 1317 142 1307 142 1297 142 1339 159 1272 159 1343 186 1320 186 1402 312 1196 293 1413 496 1157 484 1449 654 1142 662 1335 639 1227 637 1287 876 1219 892 1230 1004 1194 1092 1210 1019 1179 1146 1254 1073 1232 1215 
1336 160 1336 144 1342 144 1347 145 1317 142 1307 142 1297 143 1342 161 1272 159 1343 186 1320 186 1402 314 1197 293 1413 496 1158 484 1447 654 1142 659 1335 639 1227 635 1285 876 1221 892 1229 1005 1196 1091 1209 1020 1178 1149 1255 1073 1233 1216 
1335 161 1337 145 1342 146 1347 146 1317 143 1307 143 1297 144 1345 163 1272 161 1343 187 1320 186 1402 315 1197 293 1412 496 1158 484 1446 653 1142 658 1335 638 1226 635 1284 873 1220 891 1229 999 1195 1090 1210 1013 1182 1102 1251 1068 1232 1214 
1335 161 1336 145 1342 147 1347 148 1317 144 1307 144 1297 144 1346 165 1272 162 1343 188 1319 187 1404 315 1198 293 1412 496 1159 483 1446 653 1142 655 1334 638 1226 633 1284 869 1219 887 1228 994 1195 1086 1210 1006 1183 1085 1243 1067 1232 1213 
1333 161 1336 146 1342 147 1347 148 1316 144 1306 145 1295 145 1346 165 1271 163 1342 188 1316 187 1404 316 1197 294 1412 497 1160 483 1444 653 1141 653 1334 639 1224 633 1281 876 1214 891 1223 1012 1191 1087 1207 1020 1174 1143 1240 1075 1216 1218 
1330 161 1335 146 1341 147 1346 148 1314 144 1304 145 1294 145 1346 165 1270 163 1340 188 1313 187 1404 318 1197 294 1411 499 1160 483 1441 655 1141 650 1334 639 1222 633 1280 876 1208 892 1221 1014 1181 1084 1204 1023 1172 1095 1229 1079 1191 1214 
1326 161 1332 146 1338 147 1344 148 1311 144 1300 144 1290 145 1346 165 1268 163 1337 188 1309 187 1404 319 1197 294 1411 501 1159 482 1436 655 1138 650 1333 639 1220 632 1278 877 1198 891 1220 1018 1167 1066 1204 1024 1162 1065 1220 1094 1176 1191 
1324 161 1330 146 1337 147 1343 148 1309 144 1299 144 1288 145 1345 165 1267 163 1334 188 1306 187 1404 320 1196 294 1409 501 1157 482 1429 655 1135 649 1333 639 1217 631 1274 881 1189 891 1216 1042 1149 1064 1201 1046 1148 1064 1216 1116 1156 1181 
1321 160 1327 145 1334 147 1341 148 1306 143 1296 144 1286 145 1345 165 1265 163 1332 187 1303 187 1403 320 1195 294 1408 500 1156 478 1426 654 1131 646 1333 639 1214 630 1272 883 1177 891 1214 1053 1131 1069 1198 1056 1131 1068 1219 1150 1133 1184 
1318 160 1324 145 1330 147 1337 148 1303 143 1293 144 1282 145 1342 165 1263 163 1329 187 1300 187 1400 320 1194 294 1405 498 1154 478 1421 653 1127 646 1329 639 1209 629 1266 888 1165 890 1210 1065 1113 1065 1194 1067 1112 1067 1217 1165 1103 1179 
1312 160 1319 145 1325 146 1331 148 1296 143 1286 144 1277 145 1340 165 1260 163 1325 187 1294 187 1399 321 1193 294 1402 498 1150 477 1414 653 1123 644 1323 639 1202 628 1262 890 1158 884 1207 1068 1098 1061 1193 1070 1096 1065 1208 1160 1090 1136 
1305 160 1312 145 1319 146 1325 148 1289 143 1280 144 1271 145 1333 165 1257 163 1320 187 1287 187 1397 321 1190 295 1399 496 1146 477 1409 653 1118 643 1319 640 1196 627 1260 889 1150 877 1205 1067 1090 1046 1191 1072 1088 1051 1204 1155 1075 1106 
1299 160 1306 145 1313 146 1320 148 1282 143 1274 144 1265 146 1326 165 1252 164 1314 187 1281 187 1394 321 1185 297 1397 495 1141 477 1403 653 1112 643 1315 640 1191 627 1259 889 1140 876 1205 1066 1076 1043 1192 1071 1075 1048 1190 1160 1056 1100 
1292 160 1300 145 1307 146 1314 148 1276 144 1267 146 1259 147 1320 165 1247 165 1307 188 1273 188 1390 321 1178 298 1393 493 1136 477 1397 652 1108 643 1312 640 1188 624 1258 889 1129 866 1204 1065 1083 990 1191 1071 1084 994 1190 1157 1051 1073 
1285 161 1294 147 1301 148 1308 149 1270 146 1261 147 1254 148 1316 165 1241 166 1300 189 1266 189 1385 321 1172 299 1389 492 1132 478 1389 653 1104 643 1306 640 1184 623 1258 886 1125 846 1205 1062 1083 965 1192 1068 1088 974 1191 1152 1043 1060 
1275 162 1286 148 1293 149 1301 150 1261 147 1253 148 1247 149 1311 166 1234 167 1290 190 1256 189 1380 321 1166 299 1382 493 1127 477 1381 655 1100 641 1301 640 1179 622 1255 885 1120 836 1205 1061 1084 952 1192 1067 1092 961 1186 1150 1042 1049 
1267 163 1279 148 1287 149 1295 150 1254 148 1248 149 1240 149 1305 166 1227 168 1283 190 1250 189 1375 321 1160 299 1377 492 1125 477 1375 654 1098 639 1297 639 1176 620 1254 878 1121 820 1206 1057 1086 952 1194 1063 1095 967 1189 1144 1039 1047 
1261 163 1272 148 1281 149 1288 150 1248 148 1242 149 1232 149 1298 166 1220 168 1277 190 1244 189 1367 319 1153 299 1373 490 1122 474 1371 654 1094 635 1292 636 1171 616 1254 870 1120 814 1207 1056 1087 950 1195 1063 1096 967 1184 1132 1043 1042 
1254 164 1264 149 1273 150 1281 151 1242 149 1234 149 1225 150 1291 166 1212 169 1270 191 1238 189 1360 317 1146 299 1367 488 1116 474 1368 651 1089 631 1288 634 1166 615 1251 868 1120 810 1207 1054 1089 948 1195 1061 1097 964 1180 1123 1045 1041 
1246 164 1256 149 1265 150 1273 151 1235 148 1226 149 1217 150 1283 166 1205 169 1263 191 1231 189 1354 317 1139 299 1362 487 1110 474 1365 651 1081 631 1280 634 1157 616 1247 868 1117 818 1207 1052 1088 953 1196 1059 1097 971 1182 1122 1043 1043 
1235 165 1247 150 1255 151 1264 152 1225 149 1215 150 1208 150 1276 167 1194 169 1250 192 1220 190 1345 317 1128 300 1356 487 1102 474 1358 651 1073 631 1272 634 1148 616 1243 868 1114 819 1209 1050 1088 956 1197 1059 1098 973 1183 1123 1042 1044 
1228 165 1240 150 1248 151 1257 152 1218 149 1208 150 1200 150 1268 168 1186 169 1242 193 1212 190 1336 317 1119 301 1351 487 1095 473 1356 650 1066 629 1263 634 1139 616 1239 868 1110 822 1211 1048 1088 959 1200 1057 1098 976 1186 1123 1040 1044 
1218 167 1230 151 1239 152 1248 153 1208 151 1199 151 1191 151 1259 168 1177 170 1232 195 1203 191 1326 317 1113 301 1345 487 1090 473 1350 650 1059 626 1254 634 1130 616 1236 868 1107 823 1211 1048 1088 959 1201 1057 1099 978 1190 1123 1041 1042 
1209 168 1221 152 1229 153 1238 154 1199 152 1190 152 1182 152 1249 169 1169 171 1223 195 1194 192 1316 317 1106 302 1340 486 1084 473 1346 650 1052 622 1246 636 1124 617 1231 870 1102 824 1211 1046 1087 962 1203 1057 1102 980 1193 1123 1040 1044 
1200 169 1211 154 1220 155 1229 155 1189 153 1180 153 1173 153 1240 171 1159 172 1214 196 1185 193 1305 317 1097 303 1330 485 1072 471 1339 650 1044 618 1235 636 1114 618 1225 871 1098 825 1212 1046 1084 963 1204 1057 1102 982 1193 1122 1036 1044 
1190 171 1202 155 1210 156 1219 157 1180 154 1171 155 1163 155 1232 172 1150 174 1204 198 1175 195 1297 317 1089 303 1321 486 1063 471 1328 651 1033 617 1226 636 1105 618 1220 871 1095 826 1213 1047 1084 964 1205 1059 1102 987 1194 1121 1033 1045 
1182 173 1195 157 1204 158 1213 159 1173 156 1164 156 1156 156 1226 175 1143 175 1198 201 1168 197 1288 318 1081 303 1309 488 1055 470 1315 654 1025 616 1215 635 1097 618 1212 869 1095 823 1213 1047 1086 964 1207 1058 1106 987 1193 1124 1035 1044 
1176 176 1188 160 1197 161 1206 162 1166 159 1157 159 1149 159 1217 177 1136 177 1192 203 1162 200 1280 319 1073 304 1296 491 1047 470 1296 659 1018 613 1205 633 1090 617 1206 867 1095 822 1213 1049 1086 965 1207 1061 1107 988 1193 1132 1035 1042 
1167 178 1180 162 1189 163 1198 164 1158 160 1149 160 1141 161 1210 178 1129 179 1184 205 1153 202 1273 319 1067 306 1282 491 1041 470 1280 658 1009 614 1198 629 1084 614 1203 862 1093 822 1213 1049 1086 965 1207 1061 1106 988 1193 1121 1035 1043 
1160 180 1172 164 1180 164 1189 165 1150 163 1141 163 1133 164 1201 179 1121 182 1177 207 1146 204 1266 319 1063 307 1273 489 1034 469 1264 655 1005 612 1192 625 1079 612 1201 853 1092 817 1211 1050 1086 965 1204 1065 1105 988 1208 1126 1036 1042 
1155 182 1167 166 1175 166 1184 167 1145 165 1136 165 1127 166 1195 180 1117 184 1172 208 1141 206 1259 319 1060 307 1265 487 1029 466 1251 651 1000 603 1187 622 1073 610 1198 846 1090 812 1210 1047 1086 964 1202 1064 1105 987 1216 1124 1036 1042 
1152 184 1164 167 1173 168 1181 169 1141 167 1133 167 1124 168 1192 181 1114 185 1169 210 1138 208 1254 319 1058 308 1260 485 1026 466 1239 649 994 601 1183 621 1069 610 1194 844 1087 812 1208 1043 1086 964 1200 1062 1105 987 1218 1123 1037 1041 
1147 186 1160 169 1168 169 1177 170 1137 168 1129 169 1120 170 1187 183 1111 186 1163 211 1133 209 1249 319 1053 308 1253 483 1024 466 1230 641 989 599 1180 621 1066 610 1191 842 1085 813 1203 1043 1086 962 1196 1062 1105 983 1216 1123 1037 1040 
1144 187 1156 169 1165 170 1173 171 1133 169 1126 170 1117 171 1183 183 1107 187 1160 212 1129 210 1244 319 1048 308 1248 480 1018 465 1221 636 984 599 1177 621 1062 610 1187 844 1082 813 1197 1043 1086 961 1192 1062 1106 981 1198 1127 1037 1040 
1140 189 1153 171 1161 172 1169 172 1129 171 1122 172 1112 173 1180 184 1103 188 1156 213 1125 211 1241 318 1044 308 1243 478 1016 464 1216 632 981 595 1174 621 1059 610 1181 840 1080 814 1191 1038 1086 957 1186 1054 1107 978 1189 1116 1038 1038 
1137 190 1150 172 1158 172 1166 173 1125 171 1119 172 1110 173 1178 184 1101 188 1153 213 1121 212 1238 318 1042 308 1240 477 1012 461 1213 630 978 589 1168 620 1056 609 1172 838 1080 814 1185 1038 1086 955 1182 1053 1106 975 1166 1117 1038 1036 
1134 189 1147 172 1156 173 1163 173 1122 171 1116 172 1108 173 1174 185 1098 188 1150 214 1118 212 1233 317 1038 308 1237 475 1009 462 1215 628 975 588 1168 616 1057 607 1165 835 1079 814 1178 1037 1086 954 1175 1052 1106 974 1162 1111 1039 1035 
1131 189 1144 172 1152 173 1160 173 1119 172 1113 172 1106 173 1172 185 1096 188 1147 214 1115 211 1232 317 1037 308 1237 474 1005 462 1217 629 972 588 1165 609 1055 602 1157 833 1079 814 1170 1037 1086 954 1167 1052 1105 975 1139 1116 1039 1035 
1127 189 1140 172 1149 173 1157 173 1116 171 1110 172 1103 173 1169 185 1093 188 1143 213 1112 211 1228 316 1035 308 1239 472 1003 462 1223 629 971 589 1163 606 1053 599 1152 832 1078 814 1161 1037 1084 955 1157 1052 1103 976 1122 1122 1038 1034 
1125 189 1139 172 1147 173 1155 173 1114 171 1108 172 1101 173 1167 185 1092 187 1141 213 1110 211 1227 315 1033 309 1239 471 1002 462 1226 629 972 590 1161 607 1052 599 1147 833 1075 816 1154 1033 1083 955 1149 1050 1101 976 1131 1098 1038 1034 
1124 189 1137 172 1146 173 1153 173 1113 171 1107 172 1100 172 1165 185 1091 187 1139 213 1109 211 1226 314 1033 309 1240 471 1003 462 1236 630 973 590 1162 606 1051 598 1145 834 1074 816 1143 1030 1082 956 1138 1048 1098 977 1125 1090 1038 1033 
1123 188 1136 172 1145 173 1152 173 1112 171 1106 172 1099 172 1164 185 1090 186 1138 213 1107 210 1224 313 1031 311 1241 471 1004 465 1247 630 974 596 1163 607 1052 599 1140 835 1072 819 1133 1028 1082 958 1131 1046 1098 977 1117 1089 1038 1032 
1122 188 1136 172 1144 172 1152 173 1111 171 1105 171 1098 171 1164 185 1089 185 1136 212 1105 210 1224 313 1031 312 1242 472 1005 466 1256 630 975 597 1163 607 1052 599 1139 835 1072 821 1127 1028 1083 959 1123 1047 1098 977 1113 1093 1040 1032 
1121 187 1135 171 1143 172 1151 173 1110 170 1104 170 1098 170 1163 185 1088 184 1135 212 1104 209 1223 312 1029 311 1243 472 1005 466 1266 629 975 598 1163 608 1052 599 1136 836 1072 823 1124 1032 1085 959 1122 1050 1100 977 1095 1122 1041 1030 
1120 186 1135 171 1143 172 1151 173 1110 169 1103 169 1098 169 1162 185 1088 181 1134 211 1104 208 1223 312 1029 310 1246 472 1006 466 1274 628 977 600 1163 608 1052 599 1135 836 1072 824 1124 1034 1086 959 1121 1052 1100 975 1100 1129 1043 1029 
1120 185 1134 170 1143 171 1151 172 1110 169 1103 169 1097 168 1162 184 1088 181 1134 210 1103 207 1223 311 1028 310 1247 470 1006 466 1279 625 980 605 1163 608 1052 600 1135 836 1072 824 1125 1037 1086 959 1121 1053 1099 975 1102 1132 1043 1029 
1119 184 1134 169 1142 170 1150 171 1109 168 1102 167 1096 167 1161 183 1087 180 1134 209 1103 206 1222 311 1028 310 1249 469 1006 466 1283 624 984 605 1162 609 1052 600 1135 837 1072 824 1126 1035 1085 958 1123 1052 1099 973 1098 1131 1043 1028 
1119 182 1134 167 1142 168 1150 169 1109 166 1102 166 1096 165 1161 182 1087 178 1134 207 1102 204 1222 311 1027 310 1250 469 1006 466 1285 622 985 607 1162 609 1052 600 1136 837 1072 823 1126 1031 1085 956 1123 1049 1100 972 1098 1108 1042 1027 
1120 181 1134 166 1143 167 1151 168 1110 165 1102 165 1097 164 1161 181 1088 177 1135 206 1103 203 1221 311 1027 310 1251 468 1006 466 1286 620 987 610 1162 609 1052 600 1137 837 1072 823 1126 1031 1085 956 1123 1048 1100 971 1101 1121 1043 1027 
1120 181 1135 166 1143 167 1151 168 1110 164 1102 164 1097 164 1161 181 1088 176 1135 206 1103 203 1222 311 1027 310 1253 468 1006 466 1285 620 987 611 1163 609 1052 600 1137 837 1072 823 1125 1031 1085 954 1121 1048 1100 969 1102 1127 1044 1027 
1120 180 1134 165 1143 166 1151 167 1110 164 1102 164 1096 163 1161 181 1087 176 1135 206 1103 202 1222 311 1027 310 1254 469 1006 467 1284 622 988 611 1163 609 1052 600 1137 843 1071 823 1125 1032 1085 954 1120 1047 1100 968 1103 1130 1044 1028 
1120 179 1135 163 1143 164 1151 165 1110 163 1102 163 1096 162 1161 179 1088 175 1135 205 1103 202 1222 311 1026 309 1255 473 1006 467 1283 627 988 612 1164 613 1052 604 1138 852 1071 829 1123 1033 1087 955 1119 1048 1102 969 1103 1133 1046 1028 
1122 178 1136 161 1144 162 1152 163 1111 160 1103 160 1097 160 1162 177 1088 173 1137 204 1104 202 1224 311 1026 309 1256 475 1006 468 1281 630 988 615 1168 616 1054 607 1138 858 1071 836 1122 1037 1090 957 1117 1050 1105 969 1104 1136 1048 1030 
1125 177 1138 160 1147 161 1154 161 1114 159 1106 159 1098 159 1164 176 1089 173 1141 202 1107 201 1227 310 1027 308 1256 478 1007 468 1273 636 986 614 1169 617 1054 608 1140 862 1071 837 1120 1041 1091 959 1116 1053 1106 970 1104 1138 1048 1032 
1129 174 1142 156 1151 157 1156 159 1116 155 1109 156 1100 156 1167 173 1090 170 1145 200 1111 198 1229 309 1028 306 1255 481 1008 468 1263 644 985 614 1171 618 1055 608 1141 867 1070 838 1120 1043 1091 961 1115 1054 1107 971 1104 1142 1049 1033 
1131 171 1144 153 1153 154 1159 156 1118 151 1110 151 1101 152 1171 171 1091 167 1147 197 1113 196 1233 308 1030 304 1255 481 1008 468 1258 643 985 614 1172 620 1055 609 1143 871 1068 838 1120 1043 1091 961 1115 1054 1107 971 1104 1147 1050 1035 
1135 168 1148 151 1156 152 1162 153 1122 149 1113 149 1105 149 1174 169 1093 166 1150 194 1117 193 1236 306 1031 302 1255 479 1009 468 1253 642 984 614 1173 620 1056 609 1145 873 1065 837 1121 1043 1090 961 1116 1054 1106 971 1104 1147 1050 1036 
1142 166 1154 149 1161 150 1168 151 1128 147 1119 147 1110 148 1178 167 1096 164 1156 193 1124 192 1239 303 1033 302 1256 478 1010 468 1252 643 984 613 1175 621 1056 609 1147 877 1060 839 1121 1042 1089 962 1116 1052 1104 973 1106 1146 1051 1038 
1147 165 1158 148 1165 148 1173 149 1132 146 1122 146 1113 147 1181 164 1098 163 1161 191 1129 191 1244 301 1036 302 1257 478 1011 468 1252 644 983 613 1176 621 1057 609 1150 877 1055 839 1121 1040 1086 963 1116 1050 1101 974 1110 1145 1050 1039 
1152 163 1162 146 1170 147 1178 148 1136 145 1125 145 1116 146 1185 163 1101 162 1165 190 1133 190 1249 301 1038 302 1260 476 1012 469 1252 645 982 615 1180 623 1059 609 1153 879 1049 841 1121 1039 1084 963 1116 1049 1098 974 1111 1146 1050 1039 
1156 162 1166 145 1174 146 1181 147 1140 144 1130 144 1120 145 1188 162 1104 161 1169 188 1138 189 1254 300 1040 302 1265 476 1013 470 1253 645 982 616 1186 626 1061 609 1155 880 1044 843 1122 1037 1080 963 1116 1046 1095 973 1113 1141 1049 1041 
1160 161 1170 144 1178 145 1185 146 1145 143 1134 143 1124 144 1192 161 1107 160 1173 187 1142 188 1258 300 1042 301 1270 476 1014 471 1257 645 982 619 1189 627 1062 610 1157 880 1041 843 1122 1036 1076 963 1116 1045 1091 973 1115 1140 1049 1042 
1165 161 1174 144 1182 145 1189 146 1150 143 1139 143 1128 144 1194 160 1110 160 1176 187 1147 188 1262 300 1043 301 1274 476 1014 472 1263 645 982 621 1192 627 1063 610 1158 879 1040 843 1122 1035 1070 960 1116 1043 1084 970 1117 1135 1048 1042 
1169 161 1178 144 1185 145 1192 146 1154 143 1144 143 1133 143 1196 160 1114 159 1179 187 1150 187 1264 300 1044 300 1277 476 1015 473 1270 645 982 623 1193 628 1064 610 1161 879 1041 843 1122 1035 1069 957 1116 1044 1082 969 1118 1135 1047 1042 
1175 161 1183 144 1190 145 1196 145 1160 142 1149 143 1139 143 1198 159 1117 159 1184 186 1157 186 1266 300 1044 297 1281 476 1015 473 1280 642 983 623 1194 628 1064 610 1162 878 1042 843 1123 1037 1066 957 1116 1044 1080 969 1118 1137 1040 1043 
1178 160 1186 143 1193 144 1199 145 1163 142 1153 142 1142 142 1201 158 1119 157 1186 186 1159 186 1267 300 1044 297 1284 476 1015 474 1290 641 984 627 1196 628 1065 612 1163 880 1043 847 1123 1038 1060 961 1115 1044 1074 973 1119 1140 1028 1050 
1178 159 1187 142 1194 143 1200 144 1164 140 1154 140 1143 140 1203 158 1120 156 1187 185 1159 184 1268 300 1045 296 1285 476 1014 474 1296 640 984 631 1197 628 1066 613 1163 881 1044 856 1120 1042 1055 976 1112 1048 1066 987 1119 1142 1017 1060 
1179 158 1188 141 1195 142 1201 143 1165 139 1155 139 1145 139 1204 156 1121 154 1188 184 1160 183 1269 300 1045 295 1285 476 1014 474 1300 637 984 634 1200 630 1067 619 1163 888 1047 870 1113 1049 1043 1013 1104 1056 1049 1023 1118 1146 1018 1079 
1183 157 1191 141 1198 142 1204 142 1169 138 1159 138 1150 138 1204 156 1125 153 1191 183 1164 182 1268 300 1045 294 1286 476 1012 474 1301 637 984 637 1202 631 1068 622 1163 892 1050 877 1111 1054 1034 1029 1102 1059 1037 1038 1117 1150 1020 1087 
1187 157 1194 140 1200 141 1206 142 1173 138 1163 138 1153 137 1205 156 1127 152 1194 183 1168 182 1268 300 1045 294 1286 477 1010 474 1302 637 985 637 1202 633 1069 625 1163 898 1051 884 1111 1059 1025 1043 1099 1062 1026 1052 1111 1173 1023 1154 
1191 157 1198 140 1203 141 1209 142 1176 138 1167 137 1157 137 1205 155 1131 151 1197 182 1173 181 1267 301 1045 293 1285 477 1008 475 1302 637 985 639 1202 637 1070 629 1162 902 1053 888 1109 1064 1018 1051 1097 1066 1015 1060 1113 1177 1030 1169 
1194 156 1199 139 1205 140 1210 141 1178 137 1169 137 1159 136 1206 155 1132 150 1199 181 1176 180 1266 301 1045 292 1283 478 1006 475 1301 637 985 641 1203 637 1072 630 1162 901 1055 886 1108 1063 1014 1055 1094 1066 1009 1068 1117 1172 1031 1169 
1194 156 1200 139 1205 140 1211 141 1179 137 1170 136 1159 135 1206 154 1132 149 1199 181 1175 179 1263 303 1045 292 1280 480 1004 475 1301 638 985 643 1202 638 1072 630 1162 900 1056 885 1107 1063 1009 1045 1093 1066 1003 1057 1118 1171 1030 1154 
1193 156 1199 139 1205 140 1210 140 1178 137 1169 136 1159 135 1206 154 1132 149 1199 181 1175 179 1257 303 1044 291 1273 480 1001 475 1301 639 985 644 1201 638 1072 630 1161 899 1056 889 1107 1067 1002 1038 1091 1071 994 1052 1125 1178 1019 1120 
1193 155 1198 139 1204 139 1209 140 1178 136 1168 136 1158 135 1204 153 1131 149 1198 180 1174 179 1249 305 1042 291 1265 481 999 475 1300 639 985 645 1197 637 1072 631 1161 897 1056 891 1106 1068 994 1038 1088 1074 983 1049 1141 1176 1018 1109 
1192 156 1198 139 1203 139 1208 140 1177 136 1168 136 1157 135 1200 153 1131 149 1198 180 1174 179 1241 305 1039 291 1253 483 996 476 1297 638 985 646 1192 637 1071 631 1159 895 1056 891 1106 1068 986 1037 1087 1077 972 1047 1150 1175 1011 1105 
1192 156 1197 139 1202 139 1206 140 1177 136 1167 136 1157 135 1196 153 1129 149 1197 180 1173 179 1231 305 1038 291 1241 483 994 475 1288 637 985 647 1188 637 1071 631 1157 893 1055 891 1104 1069 981 1033 1085 1077 965 1038 1148 1176 1001 1091 
1187 156 1191 138 1195 139 1199 140 1172 136 1163 135 1153 135 1188 153 1124 148 1191 180 1169 179 1223 305 1035 291 1231 483 993 475 1278 635 986 648 1183 636 1069 631 1155 889 1054 890 1104 1068 978 1027 1085 1077 963 1028 1148 1176 998 1084 
1184 156 1185 138 1189 139 1192 140 1168 136 1159 136 1149 135 1181 153 1119 148 1187 180 1166 179 1215 305 1032 290 1222 483 991 475 1265 630 987 648 1175 634 1066 631 1151 882 1050 889 1103 1069 975 1025 1084 1078 955 1028 1150 1175 998 1082 
1176 156 1178 139 1182 140 1185 140 1161 137 1152 136 1142 136 1175 153 1113 149 1181 180 1159 179 1205 305 1028 289 1213 483 989 475 1255 626 989 650 1167 634 1060 631 1146 879 1045 889 1103 1069 975 1025 1084 1077 954 1030 1152 1169 997 1081 
1171 157 1172 139 1176 140 1179 140 1155 137 1147 137 1137 136 1167 153 1107 149 1175 180 1154 179 1195 307 1023 287 1203 484 987 474 1242 626 991 651 1157 634 1053 631 1141 877 1036 883 1103 1068 971 1031 1085 1078 949 1041 1152 1161 999 1083 
1167 158 1167 140 1170 141 1173 142 1150 139 1142 138 1133 137 1160 154 1103 149 1169 181 1149 180 1179 306 1017 285 1188 482 985 474 1225 619 991 652 1145 633 1044 630 1136 874 1027 875 1103 1068 971 1033 1085 1079 950 1048 1157 1148 1000 1084 
1160 158 1159 141 1162 141 1165 142 1142 139 1134 138 1125 138 1151 154 1096 150 1162 181 1142 181 1169 305 1012 283 1175 479 982 473 1208 614 992 652 1136 632 1037 630 1132 871 1020 869 1103 1069 974 1035 1085 1080 955 1051 1156 1149 1006 1087 
1155 159 1153 141 1157 141 1159 142 1137 139 1129 139 1119 138 1145 155 1090 150 1157 182 1137 181 1158 305 1006 279 1150 479 980 473 1182 615 995 652 1124 632 1025 630 1126 871 1013 866 1104 1068 974 1040 1085 1079 957 1057 1156 1151 1020 1134 
1145 159 1145 141 1148 141 1152 142 1128 139 1119 139 1110 138 1138 155 1081 150 1147 182 1127 181 1142 305 1003 276 1121 479 978 472 1140 614 1001 652 1112 631 1016 628 1120 866 1007 863 1105 1068 975 1040 1085 1080 958 1058 1159 1151 1023 1122 
1137 159 1137 141 1141 142 1144 142 1120 140 1111 139 1101 139 1131 155 1072 151 1140 182 1119 181 1133 304 997 275 1103 477 975 472 1110 615 1004 652 1104 630 1004 627 1115 867 1000 864 1107 1068 975 1041 1090 1079 959 1057 1158 1155 1032 1136 
1130 159 1129 141 1132 142 1135 142 1112 140 1104 140 1094 139 1121 155 1064 151 1132 183 1111 182 1126 304 989 276 1094 477 973 472 1093 615 1004 653 1095 627 994 627 1109 867 995 867 1114 1068 975 1049 1098 1079 958 1062 1180 1148 1030 1151 
1124 160 1123 142 1126 142 1129 143 1106 141 1098 140 1088 140 1114 155 1059 151 1125 183 1106 182 1116 304 983 276 1086 476 971 472 1090 615 1005 652 1088 625 987 626 1105 862 992 867 1126 1066 975 1053 1110 1081 959 1065 1175 1123 1035 1150 
1118 163 1116 144 1119 144 1121 145 1101 143 1092 143 1083 142 1105 156 1053 153 1119 185 1101 184 1108 302 978 276 1079 474 969 470 1086 608 1006 652 1079 622 979 623 1105 858 990 867 1132 1065 974 1059 1117 1082 957 1072 1198 1098 1043 1161 
1114 164 1111 145 1113 145 1115 145 1097 144 1088 143 1079 142 1098 156 1049 153 1113 186 1097 185 1099 300 977 276 1069 471 966 467 1079 604 1006 652 1070 621 973 621 1103 851 988 867 1134 1057 974 1057 1118 1082 957 1073 1208 1079 1041 1115 
1108 165 1105 146 1107 146 1109 146 1091 145 1083 144 1074 144 1092 156 1044 154 1108 187 1092 186 1089 297 975 276 1060 468 964 467 1070 600 1006 652 1065 619 967 620 1103 840 983 867 1136 1043 971 1056 1117 1071 957 1071 1212 1073 1039 1127 
1103 167 1099 148 1101 147 1102 147 1086 147 1077 147 1069 146 1083 157 1038 155 1102 189 1086 187 1079 294 970 276 1052 465 961 467 1061 596 1006 652 1059 617 961 618 1104 833 979 866 1134 1026 970 1055 1116 1054 958 1070 1217 1062 1033 1103 
1097 167 1094 148 1096 147 1097 147 1081 147 1073 146 1065 146 1079 157 1034 155 1096 189 1081 187 1071 289 968 274 1044 460 957 465 1055 587 1004 649 1055 611 960 614 1102 820 976 856 1129 998 971 1052 1112 1030 959 1069 1212 1051 1033 1094 
1091 167 1088 148 1090 147 1092 147 1075 147 1067 146 1059 146 1074 157 1029 155 1090 189 1075 187 1067 286 965 274 1043 460 955 464 1052 588 1000 648 1050 607 955 611 1100 814 974 854 1119 988 970 1051 1102 1022 960 1069 1208 1040 1033 1091 
1087 167 1084 148 1086 147 1088 147 1070 147 1062 146 1053 146 1071 157 1024 155 1086 189 1070 187 1062 285 963 273 1042 460 953 463 1053 586 996 647 1046 605 955 610 1098 810 972 853 1106 977 970 1049 1089 1012 960 1069 1198 1030 1036 1091 
1085 167 1080 148 1082 147 1083 147 1068 147 1059 146 1051 146 1065 157 1022 155 1083 189 1068 188 1056 285 959 273 1040 459 952 460 1049 587 991 644 1042 604 952 609 1095 805 972 849 1094 968 970 1046 1077 1004 959 1066 1181 1020 1036 1087 
1081 168 1077 148 1079 148 1080 148 1064 147 1056 147 1047 146 1063 157 1018 155 1080 189 1064 188 1054 286 958 273 1040 460 951 458 1046 587 989 643 1039 605 952 610 1091 803 971 849 1083 965 970 1043 1064 999 959 1066 1166 1016 1038 1085 
1078 168 1073 148 1074 148 1075 148 1061 147 1054 147 1045 146 1057 157 1016 155 1076 189 1062 188 1049 286 957 273 1035 459 951 457 1045 585 988 642 1037 605 953 609 1083 800 969 845 1069 962 969 1038 1047 994 958 1061 1152 1008 1037 1082 
1074 168 1068 148 1069 148 1070 148 1058 148 1051 147 1043 147 1052 157 1014 156 1072 190 1059 189 1047 286 956 273 1033 457 949 457 1045 583 987 641 1035 606 954 609 1074 797 966 844 1053 959 968 1032 1029 989 954 1055 1134 1001 1035 1079 
1071 168 1065 148 1067 148 1068 148 1055 148 1048 147 1039 147 1050 157 1012 156 1070 190 1056 189 1043 286 957 273 1030 457 949 457 1047 583 987 641 1031 606 955 609 1069 797 965 843 1035 957 967 1031 1007 987 953 1052 1118 997 1032 1080 
1070 168 1064 148 1065 148 1066 148 1053 148 1047 147 1039 147 1048 157 1012 157 1069 190 1056 189 1041 286 958 272 1029 457 949 457 1047 586 988 641 1031 605 955 608 1064 795 964 842 1017 951 967 1032 989 982 954 1052 1100 988 1032 1081 
1068 168 1062 148 1064 148 1065 148 1051 148 1045 147 1037 147 1047 157 1011 157 1067 190 1054 189 1037 286 958 271 1028 458 949 456 1046 586 988 641 1031 606 957 608 1059 797 965 840 1005 950 968 1033 975 981 954 1053 1081 988 1034 1082 
1067 168 1062 148 1063 148 1064 148 1050 148 1044 148 1036 147 1047 157 1010 157 1066 190 1052 189 1037 286 958 269 1031 458 949 453 1055 585 990 639 1031 605 957 607 1053 797 965 838 998 938 969 1041 964 969 955 1055 1070 985 1039 1083 
1065 170 1061 150 1063 150 1064 150 1050 150 1043 150 1035 150 1046 158 1009 159 1065 193 1051 191 1032 285 959 268 1033 457 951 449 1062 583 993 636 1031 603 960 602 1050 796 967 836 990 936 970 1042 957 966 955 1055 1063 984 1040 1081 
1065 172 1060 152 1062 152 1063 152 1049 152 1043 152 1035 151 1045 160 1009 160 1064 195 1050 194 1025 284 962 268 1025 457 956 448 1061 583 1000 633 1030 603 966 600 1031 797 969 836 972 938 970 1045 944 965 954 1057 1048 990 1041 1081 
1063 173 1059 153 1061 153 1062 153 1048 153 1041 153 1033 153 1044 160 1008 162 1063 195 1049 194 1014 278 969 268 1014 452 964 448 1046 584 1008 632 1025 601 972 599 1018 797 972 834 970 931 970 1045 943 960 952 1057 1048 985 1043 1078 
1062 173 1058 154 1060 154 1061 153 1047 153 1040 153 1032 153 1044 161 1008 162 1062 195 1048 195 1011 277 973 268 1010 449 972 447 1039 584 1015 632 1018 598 975 597 1007 797 973 833 968 933 970 1045 943 965 951 1058 1051 983 1044 1075 
1061 173 1058 154 1059 154 1061 153 1045 153 1039 153 1031 153 1044 161 1007 163 1062 195 1047 194 1014 277 976 271 1007 448 975 448 1031 587 1018 632 1015 597 976 597 1008 793 974 831 972 931 969 1045 946 962 950 1058 1055 978 1045 1073 
1061 173 1057 154 1059 154 1060 153 1045 154 1039 154 1030 154 1044 161 1007 164 1062 195 1048 194 1011 277 979 272 1004 447 978 448 1026 589 1021 629 1011 597 976 597 1009 793 976 831 973 927 969 1045 948 958 949 1058 1059 973 1048 1074 
1061 173 1057 155 1059 155 1061 155 1046 155 1039 155 1031 155 1045 163 1007 165 1062 196 1048 195 1010 277 981 273 1006 444 980 447 1026 589 1023 625 1008 593 975 595 1008 788 978 826 974 927 970 1043 949 957 949 1058 1059 972 1050 1070 
1061 175 1058 157 1060 157 1061 157 1046 157 1040 157 1031 157 1045 165 1007 167 1062 198 1048 198 1009 277 983 273 1006 442 982 447 1026 588 1025 623 1006 592 975 595 1007 785 981 824 975 925 970 1041 950 957 949 1057 1059 968 1049 1068 
1061 179 1058 161 1060 161 1061 161 1046 160 1040 160 1032 160 1046 169 1007 169 1063 202 1048 200 1011 277 984 274 1005 442 983 446 1028 587 1028 618 1007 589 975 591 1009 778 984 817 977 924 969 1035 952 955 949 1056 1061 962 1049 1064 
1061 180 1058 162 1060 163 1061 163 1046 161 1040 161 1032 161 1047 171 1007 171 1063 203 1048 201 1015 279 983 274 1007 442 982 445 1029 585 1029 613 1009 585 974 586 1010 776 987 809 975 924 969 1026 949 959 948 1050 1059 965 1049 1062 
1062 181 1058 164 1060 164 1062 164 1046 162 1040 163 1032 163 1049 173 1008 173 1063 204 1048 202 1022 283 983 275 1008 443 981 444 1032 583 1030 611 1009 584 973 584 1011 778 993 810 973 931 970 1026 946 968 949 1050 1053 966 1048 1063 
1061 182 1059 165 1060 166 1062 166 1046 164 1040 164 1032 164 1051 175 1008 176 1063 205 1048 203 1027 286 982 278 1009 444 980 445 1032 583 1030 610 1009 584 973 583 1011 779 998 810 974 938 972 1026 947 973 953 1050 1052 968 1049 1067 
1061 182 1059 166 1061 166 1063 167 1046 164 1040 164 1032 164 1053 176 1008 177 1063 205 1048 203 1030 288 982 280 1011 446 980 446 1032 583 1030 610 1009 584 974 584 1009 780 1006 811 973 946 976 1026 948 979 956 1051 1052 973 1050 1066 
1062 183 1059 166 1062 167 1064 168 1046 165 1040 165 1032 165 1056 177 1008 177 1064 205 1048 203 1034 289 982 280 1014 446 979 445 1033 583 1029 608 1009 584 977 584 1005 780 1013 812 973 948 980 1026 948 981 960 1051 1050 974 1052 1066 
1062 184 1061 168 1064 168 1067 169 1047 166 1040 166 1032 165 1060 178 1010 177 1065 206 1048 204 1040 290 982 280 1017 447 979 445 1033 583 1029 608 1010 584 978 584 1000 780 1019 811 972 952 987 1023 949 985 968 1049 1047 978 1057 1065 
1063 183 1062 167 1065 168 1068 169 1048 165 1042 165 1034 165 1062 178 1014 177 1067 206 1050 204 1046 292 982 281 1021 449 976 446 1037 578 1027 608 1011 584 978 584 1002 779 1020 810 972 953 992 1021 950 989 974 1049 1049 981 1067 1064 
1064 183 1063 167 1066 168 1069 169 1050 165 1044 165 1036 165 1062 178 1016 177 1068 205 1052 204 1049 292 982 281 1022 452 973 445 1037 578 1023 609 1013 582 980 583 1000 778 1029 809 968 952 1005 1018 949 987 986 1047 1046 981 1083 1059 
1068 184 1067 168 1070 169 1073 169 1053 166 1047 166 1040 166 1065 179 1019 177 1071 206 1055 204 1052 292 982 282 1024 453 972 446 1038 578 1018 609 1017 581 981 582 999 778 1035 805 969 951 1011 1011 949 987 991 1042 1047 994 1087 1058 
1069 184 1069 168 1072 168 1075 169 1055 166 1049 166 1041 166 1068 178 1022 177 1074 206 1057 204 1057 292 984 282 1025 454 969 445 1039 578 1008 609 1021 580 984 581 996 779 1039 806 965 953 1027 1012 946 988 1003 1040 1040 1001 1102 1058 
1072 184 1072 168 1075 169 1078 169 1057 167 1052 167 1044 167 1072 179 1025 178 1077 206 1060 205 1062 292 986 283 1033 457 967 447 1048 578 1001 614 1025 582 987 584 992 782 1045 807 959 953 1040 1013 939 987 1018 1040 1037 999 1118 1058 
1078 184 1076 168 1079 169 1082 169 1062 167 1056 168 1050 168 1075 179 1031 179 1082 206 1066 206 1070 295 988 284 1044 464 966 454 1069 584 989 622 1029 584 988 587 993 793 1051 814 957 953 1055 1022 938 987 1034 1046 1031 998 1131 1059 
1083 185 1080 169 1083 169 1086 169 1067 168 1061 169 1055 169 1079 178 1036 181 1087 207 1072 207 1075 298 991 285 1060 466 965 456 1089 589 977 622 1034 584 989 587 994 796 1053 818 958 954 1071 1032 939 987 1054 1055 1032 997 1148 1061 
1089 185 1086 169 1088 169 1091 169 1073 169 1066 169 1061 170 1083 178 1041 181 1094 207 1078 207 1081 300 994 287 1075 466 965 461 1105 590 969 624 1037 584 992 588 994 797 1056 824 958 955 1083 1044 938 987 1066 1063 1033 997 1162 1062 
1093 185 1091 169 1094 169 1097 169 1078 169 1070 169 1065 170 1091 178 1046 183 1099 207 1082 207 1089 304 996 290 1085 467 965 465 1115 590 965 628 1043 584 995 589 995 796 1059 825 958 955 1088 1046 939 983 1071 1065 1034 1004 1168 1066 
1098 185 1096 169 1099 169 1103 169 1082 169 1074 170 1069 171 1097 178 1050 183 1104 207 1086 207 1096 307 1000 290 1093 469 965 466 1125 591 964 629 1051 585 1000 589 997 797 1061 829 959 955 1092 1050 939 982 1074 1067 1037 1007 1170 1074 
1102 186 1101 169 1104 169 1108 169 1086 169 1079 170 1073 171 1103 179 1054 184 1109 207 1090 208 1106 311 1002 292 1102 474 966 468 1135 591 965 630 1061 585 1004 589 1003 794 1064 829 960 951 1092 1049 939 977 1076 1067 1038 1004 1165 1076 
1107 186 1106 169 1109 169 1113 170 1091 170 1084 171 1078 172 1107 179 1059 185 1113 208 1094 208 1113 314 1007 293 1110 477 969 468 1147 592 967 631 1068 587 1009 589 1019 794 1068 827 962 951 1094 1053 941 977 1080 1069 1040 1001 1161 1081 
1113 186 1111 169 1115 169 1118 170 1096 170 1089 171 1083 172 1112 179 1063 185 1119 208 1099 208 1120 315 1011 295 1123 479 973 469 1161 594 968 633 1078 590 1017 592 1020 787 1071 826 967 950 1096 1058 945 977 1084 1073 1049 1001 1159 1083 
1118 186 1116 169 1120 169 1124 170 1101 170 1094 171 1088 172 1118 179 1068 186 1124 208 1105 209 1129 314 1016 297 1134 480 978 471 1173 595 970 637 1092 596 1029 597 1028 787 1075 826 971 950 1092 1055 946 976 1076 1072 1051 1001 1159 1083 
1122 186 1121 169 1125 169 1130 169 1105 169 1098 170 1092 171 1125 179 1072 185 1130 208 1109 208 1135 314 1022 296 1142 480 986 471 1183 596 973 637 1102 598 1041 599 1039 789 1080 826 976 949 1091 1054 946 976 1072 1072 1053 1002 1158 1082 
1126 185 1126 168 1131 168 1135 168 1109 168 1102 169 1095 169 1132 179 1076 183 1134 207 1113 208 1144 314 1026 296 1153 480 992 473 1192 596 982 639 1116 601 1054 601 1050 793 1085 831 985 949 1094 1053 946 976 1075 1071 1056 1004 1158 1082 
1132 184 1132 166 1136 167 1140 167 1115 166 1107 167 1101 168 1136 178 1082 181 1139 206 1118 207 1150 313 1029 296 1158 479 999 475 1199 594 994 643 1128 600 1068 601 1064 793 1088 832 991 948 1093 1053 954 972 1078 1071 1060 1003 1157 1082 
1139 181 1137 164 1141 164 1145 164 1122 164 1114 164 1107 165 1140 175 1088 177 1145 203 1126 204 1161 312 1033 295 1170 479 1005 474 1205 594 1008 642 1134 602 1071 603 1076 801 1089 835 1001 945 1092 1048 966 962 1077 1069 1061 1007 1155 1080 
1145 180 1144 162 1148 162 1151 163 1128 162 1120 162 1112 162 1145 173 1093 174 1151 201 1131 202 1167 312 1033 295 1179 482 1010 475 1217 596 1021 645 1141 605 1072 605 1099 805 1093 838 1008 940 1096 1050 971 951 1085 1070 1060 1008 1156 1081 
1151 178 1150 160 1155 161 1158 162 1133 160 1125 160 1118 160 1153 173 1099 171 1157 200 1136 200 1175 312 1035 295 1189 485 1016 479 1229 600 1031 649 1145 608 1073 609 1128 814 1093 841 1018 936 1098 1050 983 940 1088 1068 1060 1013 1155 1082 
1158 175 1158 158 1162 159 1166 160 1140 158 1133 158 1124 158 1162 172 1107 170 1165 198 1143 199 1186 312 1039 295 1199 486 1021 481 1237 602 1039 649 1153 612 1073 613 1164 823 1094 846 1028 929 1100 1051 993 928 1090 1068 1061 1012 1155 1085 
1165 175 1165 158 1169 158 1173 159 1147 157 1140 157 1132 158 1167 171 1114 169 1170 198 1150 198 1193 312 1043 295 1206 489 1026 480 1242 606 1051 649 1162 615 1075 616 1179 830 1094 852 1044 925 1101 1051 1011 927 1093 1068 1063 1011 1151 1085 
1171 175 1172 157 1176 158 1179 158 1154 157 1147 157 1139 157 1174 171 1121 168 1176 198 1156 198 1202 312 1048 294 1213 490 1029 480 1248 610 1063 649 1169 615 1078 617 1195 834 1098 852 1064 927 1101 1049 1032 932 1091 1065 1081 1010 1149 1085 
1179 174 1179 157 1182 157 1186 158 1162 156 1155 156 1147 156 1180 170 1129 167 1183 197 1164 197 1209 313 1054 294 1218 491 1033 480 1251 615 1071 648 1175 616 1081 619 1210 834 1102 850 1082 927 1100 1042 1052 934 1090 1060 1101 1010 1148 1085 
1187 173 1186 156 1189 156 1193 157 1170 156 1163 156 1155 156 1184 169 1135 166 1190 196 1173 196 1215 313 1058 292 1224 490 1038 477 1258 615 1077 648 1182 617 1086 620 1222 838 1103 849 1096 928 1100 1035 1068 936 1088 1058 1123 1011 1148 1083 
1194 172 1194 155 1197 156 1201 156 1177 155 1170 155 1162 155 1192 168 1141 165 1197 195 1179 195 1221 312 1064 290 1230 490 1042 475 1261 615 1084 649 1190 619 1093 621 1228 846 1102 849 1113 960 1097 1032 1083 973 1085 1056 1155 1032 1147 1083 
1200 172 1201 155 1205 155 1209 156 1183 155 1175 154 1167 154 1201 168 1147 165 1203 195 1183 195 1230 312 1068 290 1239 490 1048 475 1268 617 1089 651 1195 622 1096 625 1235 850 1102 854 1134 979 1095 1029 1106 996 1084 1052 1190 1042 1152 1101 
1204 171 1206 154 1211 155 1216 155 1187 153 1179 153 1171 152 1209 167 1151 163 1209 194 1187 193 1236 311 1073 288 1244 487 1052 477 1269 617 1092 652 1202 624 1102 626 1248 854 1104 855 1166 1001 1095 1030 1137 1024 1084 1053 1230 1059 1160 1115 
1212 167 1214 152 1219 152 1224 153 1194 150 1186 150 1177 150 1218 165 1158 162 1218 192 1195 190 1240 309 1077 288 1239 473 1058 481 1263 572 1096 655 1210 627 1109 629 1257 862 1105 858 1190 1025 1095 1037 1162 1046 1086 1055 1257 1076 1160 1135 
1218 164 1221 149 1227 150 1232 150 1200 147 1191 147 1182 148 1227 164 1164 161 1226 190 1201 188 1247 308 1084 288 1247 466 1064 483 1272 559 1098 655 1217 629 1115 631 1262 869 1106 865 1209 1046 1095 1042 1183 1061 1087 1055 1271 1095 1163 1142 
1227 162 1230 146 1236 147 1241 148 1209 144 1200 144 1190 144 1236 162 1172 159 1233 187 1208 184 1259 308 1089 288 1261 467 1069 487 1279 570 1099 656 1225 632 1118 632 1268 878 1107 868 1227 1061 1095 1050 1204 1071 1088 1058 1285 1154 1162 1150 
1236 161 1239 145 1245 146 1249 147 1218 143 1208 143 1199 144 1244 161 1180 159 1243 186 1217 184 1268 309 1097 288 1267 468 1076 487 1277 572 1101 659 1233 636 1126 635 1271 885 1109 873 1248 1077 1096 1053 1221 1132 1089 1060 1300 1189 1156 1118 
1247 161 1248 145 1253 146 1258 147 1228 143 1219 143 1210 144 1251 161 1190 158 1252 186 1229 184 1277 308 1106 288 1277 469 1081 487 1286 577 1101 660 1242 639 1136 638 1275 892 1112 874 1269 1089 1096 1052 1250 1152 1089 1060 1324 1209 1154 1102 
1254 161 1256 146 1261 146 1266 147 1235 144 1226 144 1217 144 1260 161 1198 158 1260 186 1237 184 1288 309 1114 288 1287 478 1087 487 1294 596 1102 664 1254 643 1147 640 1279 897 1118 872 1280 1094 1096 1050 1265 1157 1087 1061 1343 1210 1154 1100 
1263 161 1265 145 1270 146 1275 147 1245 143 1236 143 1227 143 1270 160 1207 158 1269 186 1245 184 1297 310 1123 288 1298 485 1093 491 1313 611 1103 671 1266 646 1159 642 1284 902 1127 874 1290 1119 1098 1050 1268 1156 1087 1063 1346 1212 1152 1098 
1271 161 1274 145 1280 146 1284 147 1254 143 1244 143 1235 143 1280 160 1216 158 1278 186 1253 184 1310 311 1130 289 1313 489 1100 493 1323 618 1101 674 1278 650 1164 646 1288 906 1134 885 1281 1100 1100 1050 1268 1155 1090 1064 1334 1218 1142 1136 
1278 161 1282 145 1288 146 1293 147 1261 144 1252 143 1242 144 1290 160 1225 158 1286 186 1260 184 1325 312 1140 290 1324 492 1108 495 1332 626 1101 675 1291 654 1172 647 1292 907 1141 889 1280 1088 1100 1050 1266 1125 1089 1063 1327 1213 1136 1122 
1289 161 1291 145 1296 146 1302 146 1271 144 1262 144 1252 144 1298 160 1235 158 1297 185 1272 184 1337 313 1151 290 1329 494 1116 496 1334 626 1103 675 1306 654 1186 647 1299 904 1158 886 1280 1084 1101 1047 1267 1087 1089 1058 1318 1197 1130 1116 
1299 161 1300 145 1305 146 1310 146 1281 144 1273 144 1264 144 1305 159 1245 158 1307 185 1284 185 1347 312 1161 291 1338 494 1125 495 1348 628 1108 676 1319 654 1200 647 1306 901 1171 885 1283 1079 1102 1048 1271 1076 1089 1058 1319 1191 1132 1141 
1311 161 1311 145 1315 145 1319 146 1293 144 1285 144 1276 144 1311 158 1256 158 1317 185 1296 185 1358 312 1171 291 1354 496 1133 495 1368 636 1114 676 1328 655 1211 646 1312 901 1180 886 1279 1076 1103 1048 1268 1074 1089 1058 1316 1186 1133 1150 
1321 161 1321 145 1325 145 1329 146 1304 144 1296 143 1287 144 1320 158 1266 157 1325 185 1306 185 1373 312 1179 290 1386 496 1144 495 1412 647 1123 677 1340 655 1222 646 1318 901 1190 887 1276 1074 1108 1044 1262 1075 1090 1053 1316 1185 1135 1115 
1330 160 1330 144 1334 144 1338 145 1314 143 1305 142 1297 142 1330 157 1275 155 1335 185 1315 184 1384 312 1190 290 1405 498 1154 494 1430 652 1133 677 1349 655 1234 646 1321 900 1202 888 1278 1073 1111 1044 1259 1072 1090 1052 1316 1180 1137 1105 
1339 160 1339 143 1343 144 1347 145 1322 142 1313 142 1305 142 1341 157 1284 154 1344 185 1324 184 1399 312 1200 289 1418 500 1163 492 1450 656 1143 679 1360 656 1243 646 1324 904 1208 898 1277 1073 1114 1045 1257 1070 1090 1052 1317 1179 1130 1138 
1348 160 1348 143 1353 144 1358 144 1331 142 1322 141 1314 141 1352 157 1292 154 1355 185 1334 184 1408 312 1209 289 1427 501 1173 492 1466 656 1154 681 1370 656 1251 647 1332 904 1214 908 1280 1070 1124 1036 1263 1068 1099 1039 1316 1179 1125 1094 
1356 160 1356 143 1361 143 1366 144 1338 141 1330 141 1321 141 1361 157 1298 154 1363 185 1341 184 1419 311 1217 291 1435 501 1183 495 1476 654 1163 684 1378 658 1260 649 1337 905 1221 916 1283 1068 1141 1022 1267 1065 1115 1006 1316 1179 1127 1073 
1365 160 1366 143 1371 143 1375 144 1347 141 1339 141 1330 141 1370 157 1307 155 1372 185 1350 184 1428 311 1222 294 1441 500 1192 496 1485 652 1173 685 1389 657 1269 650 1343 905 1232 917 1285 1049 1149 1008 1274 1049 1136 1000 1308 1172 1127 1068 
1373 160 1374 143 1379 143 1383 144 1355 141 1347 141 1338 142 1378 157 1316 155 1380 186 1358 184 1437 311 1230 294 1449 502 1200 497 1496 651 1184 687 1395 658 1276 650 1345 907 1242 924 1286 1044 1157 1004 1278 1044 1145 996 1279 1150 1134 1065 
1380 160 1381 143 1386 143 1390 144 1362 141 1353 141 1344 141 1386 156 1322 154 1387 185 1364 184 1443 310 1237 294 1455 502 1209 497 1507 649 1193 687 1397 658 1282 650 1347 909 1255 930 1286 1039 1160 1008 1278 1041 1135 1004 1281 1153 1137 1114 
1385 160 1386 142 1391 143 1396 143 1367 140 1358 140 1349 141 1391 156 1325 154 1393 185 1370 184 1445 309 1241 294 1460 502 1216 497 1513 646 1202 687 1399 655 1286 649 1348 910 1267 932 1285 1037 1167 1012 1280 1039 1146 1004 1285 1155 1143 1120 
1392 160 1393 142 1397 142 1402 143 1373 140 1365 140 1355 140 1396 156 1331 154 1399 185 1376 184 1447 307 1247 294 1464 501 1221 497 1520 643 1210 687 1401 653 1291 649 1352 910 1277 931 1283 1039 1179 1013 1278 1042 1155 1005 1282 1155 1163 1129 
1398 161 1399 142 1404 142 1408 143 1380 140 1371 140 1362 140 1402 156 1337 154 1404 186 1382 185 1450 307 1252 294 1469 500 1225 497 1525 641 1215 687 1404 651 1296 648 1356 909 1284 929 1282 1039 1189 1014 1249 1055 1172 1008 1279 1156 1182 1127 
1403 162 1404 142 1408 143 1413 143 1385 140 1376 140 1366 140 1406 156 1339 154 1408 187 1386 185 1450 306 1254 294 1470 500 1229 498 1526 641 1218 687 1408 650 1300 648 1358 909 1290 930 1282 1040 1199 1016 1252 1054 1183 1010 1281 1156 1198 1128 
1407 162 1408 142 1412 143 1417 143 1390 140 1381 140 1371 140 1409 156 1345 154 1412 187 1391 186 1452 306 1258 293 1471 500 1232 499 1525 641 1222 687 1409 650 1303 648 1358 916 1294 937 1282 1048 1188 1038 1259 1056 1180 1041 1294 1174 1188 1165 
1410 162 1411 142 1415 143 1420 143 1394 140 1385 140 1376 140 1412 156 1349 153 1415 187 1395 186 1453 305 1261 292 1470 501 1235 500 1523 641 1223 687 1410 651 1305 651 1357 920 1295 942 1282 1049 1183 1053 1262 1057 1174 1052 1310 1177 1186 1180 
1413 162 1413 142 1417 143 1421 144 1396 141 1387 140 1379 140 1413 156 1351 153 1417 187 1397 186 1451 305 1265 290 1468 501 1237 500 1518 641 1225 687 1412 651 1309 651 1360 919 1299 941 1282 1052 1184 1085 1262 1059 1166 1058 1318 1176 1203 1195 
1412 162 1413 142 1417 143 1421 144 1395 141 1387 140 1378 140 1413 156 1350 153 1417 188 1397 186 1452 306 1266 289 1468 502 1238 500 1514 645 1224 688 1413 651 1310 651 1364 916 1296 944 1284 1052 1186 1113 1262 1060 1165 1073 1333 1176 1216 1220 
1414 162 1414 142 1418 143 1422 144 1397 140 1388 140 1379 140 1413 155 1350 153 1418 188 1398 186 1453 305 1265 287 1470 501 1238 499 1514 648 1224 688 1414 650 1310 651 1363 915 1294 946 1286 1054 1192 1128 1263 1062 1164 1135 1336 1176 1229 1237 
1416 161 1415 141 1419 141 1423 142 1399 139 1390 139 1381 139 1414 154 1352 151 1420 186 1401 185 1456 305 1264 287 1470 502 1238 499 1509 654 1222 689 1414 651 1309 652 1362 915 1292 947 1286 1054 1204 1132 1263 1062 1173 1146 1334 1175 1246 1237 
1416 161 1415 141 1419 141 1423 142 1398 139 1390 139 1381 139 1414 153 1352 151 1421 186 1401 185 1455 305 1264 287 1469 502 1236 501 1497 659 1221 690 1413 652 1308 654 1361 914 1291 947 1286 1050 1218 1130 1263 1058 1188 1148 1337 1167 1274 1231 
1417 161 1416 140 1420 141 1424 142 1399 139 1390 139 1381 138 1415 154 1353 151 1421 186 1401 184 1454 305 1263 286 1468 502 1235 499 1489 659 1220 689 1412 652 1307 654 1359 910 1290 946 1286 1042 1222 1126 1264 1053 1193 1146 1336 1155 1278 1225 
1417 161 1416 140 1420 141 1424 142 1399 138 1390 138 1381 138 1416 154 1353 150 1421 186 1400 184 1454 305 1262 286 1467 503 1235 499 1485 661 1219 689 1412 653 1306 654 1357 909 1281 946 1286 1041 1215 1123 1264 1051 1187 1141 1335 1151 1263 1223 
1416 160 1416 140 1420 141 1424 142 1398 138 1389 137 1380 137 1416 154 1352 149 1420 186 1399 183 1454 305 1262 285 1464 503 1234 496 1481 661 1217 687 1411 654 1305 654 1354 910 1273 944 1286 1042 1212 1135 1264 1051 1184 1159 1334 1152 1257 1235 
1415 160 1416 140 1420 141 1424 142 1397 138 1388 137 1379 137 1416 154 1352 149 1420 186 1399 183 1453 306 1262 285 1463 502 1232 493 1479 660 1211 686 1411 654 1304 654 1353 909 1267 935 1285 1042 1211 1106 1264 1051 1184 1145 1323 1152 1252 1229 
1415 160 1415 140 1419 141 1423 141 1397 138 1388 137 1379 137 1415 154 1351 149 1420 185 1398 183 1453 307 1261 284 1461 502 1226 493 1478 660 1205 686 1411 655 1301 654 1351 909 1260 927 1284 1044 1211 1084 1263 1051 1197 1087 1308 1155 1250 1223 
1414 160 1415 140 1419 141 1423 141 1396 138 1387 137 1377 137 1415 154 1348 149 1419 186 1397 183 1453 308 1260 284 1460 503 1221 493 1479 660 1202 686 1410 655 1297 654 1350 910 1258 921 1283 1050 1212 1075 1263 1055 1204 1072 1304 1162 1248 1215 
1412 160 1413 140 1418 141 1422 141 1393 138 1384 137 1373 137 1414 154 1344 149 1418 186 1394 183 1453 309 1255 285 1459 503 1218 494 1477 660 1198 686 1408 657 1293 654 1348 912 1254 920 1283 1058 1214 1071 1264 1060 1209 1066 1296 1172 1246 1211 
1410 160 1411 140 1416 141 1420 142 1391 139 1381 138 1370 138 1412 155 1341 150 1416 186 1391 184 1453 312 1252 285 1457 506 1216 495 1476 663 1194 685 1403 658 1286 654 1345 912 1250 917 1283 1060 1214 1072 1264 1064 1211 1070 1298 1172 1246 1208 
1408 160 1409 141 1414 141 1418 142 1389 139 1379 138 1368 138 1411 156 1339 150 1414 186 1389 184 1453 312 1249 285 1454 507 1214 494 1477 664 1190 684 1398 658 1281 653 1342 912 1247 914 1283 1063 1215 1072 1265 1067 1211 1071 1296 1173 1245 1204 
1406 161 1407 141 1412 142 1416 143 1387 140 1377 139 1367 139 1407 156 1337 151 1412 186 1388 184 1451 312 1245 285 1451 506 1212 494 1476 664 1188 684 1391 658 1273 653 1337 916 1243 914 1282 1065 1214 1073 1265 1069 1209 1074 1293 1177 1239 1205 
1402 161 1403 141 1408 142 1412 143 1382 140 1373 139 1362 139 1403 156 1334 151 1408 186 1383 184 1445 312 1243 285 1446 505 1208 494 1475 663 1188 682 1386 657 1268 652 1335 915 1242 914 1282 1057 1212 1071 1265 1059 1207 1069 1290 1177 1231 1205 
1396 160 1398 141 1403 142 1407 143 1377 139 1367 139 1356 138 1397 156 1328 151 1401 186 1376 184 1439 312 1239 285 1440 504 1204 493 1473 662 1185 682 1380 657 1263 652 1330 915 1232 924 1281 1053 1183 1100 1264 1053 1169 1113 1292 1176 1205 1211 
1388 160 1391 141 1395 142 1400 143 1371 139 1361 139 1351 138 1390 156 1322 151 1393 186 1368 184 1432 312 1233 285 1433 504 1199 493 1469 662 1182 682 1373 657 1257 653 1324 921 1220 933 1281 1054 1173 1093 1264 1055 1150 1121 1295 1176 1179 1212 
1379 161 1382 142 1387 142 1391 143 1363 139 1353 139 1343 138 1382 156 1314 151 1384 186 1360 184 1422 312 1226 286 1427 504 1191 493 1462 663 1179 682 1366 658 1252 654 1317 924 1209 940 1280 1057 1149 1090 1262 1057 1136 1096 1295 1179 1152 1211 
1367 161 1371 143 1377 144 1382 145 1352 140 1343 139 1333 138 1375 157 1306 151 1374 187 1348 184 1410 313 1219 286 1419 505 1184 493 1451 663 1174 682 1355 661 1243 657 1312 925 1194 941 1277 1057 1115 1068 1257 1060 1100 1070 1295 1182 1125 1180 
1359 161 1362 143 1368 144 1374 145 1344 140 1335 139 1325 138 1368 157 1298 151 1365 187 1340 185 1400 313 1211 287 1407 505 1178 493 1437 663 1172 682 1347 663 1236 658 1311 924 1189 940 1275 1057 1107 1039 1257 1061 1089 1033 1305 1182 1117 1146 
1350 161 1352 142 1357 144 1362 145 1333 140 1324 139 1314 139 1357 157 1288 151 1355 187 1330 185 1381 313 1201 287 1379 505 1171 493 1408 664 1168 682 1340 663 1230 658 1309 924 1178 934 1275 1062 1095 1006 1257 1066 1077 1003 1308 1185 1096 1080 
1336 162 1339 143 1343 144 1347 145 1319 140 1310 139 1300 139 1343 157 1274 151 1342 188 1317 187 1367 313 1190 288 1357 505 1160 493 1375 664 1163 682 1331 663 1220 659 1306 924 1160 926 1275 1074 1077 989 1257 1074 1063 983 1315 1199 1068 1073 
1324 164 1327 145 1331 146 1335 147 1308 142 1299 141 1289 141 1330 159 1263 153 1330 191 1304 189 1350 313 1179 288 1328 502 1151 493 1334 659 1154 682 1320 663 1212 658 1302 920 1147 912 1275 1076 1055 997 1257 1077 1039 997 1321 1204 1064 1080 
1292 167 1296 148 1301 149 1306 151 1276 146 1268 145 1259 145 1301 163 1239 157 1299 194 1272 191 1320 313 1157 292 1283 496 1129 498 1282 650 1137 684 1288 664 1183 661 1289 919 1116 880 1275 1081 1036 1005 1257 1085 1019 1011 1327 1206 1068 1076 
1280 171 1283 152 1287 153 1291 154 1264 150 1254 150 1245 149 1285 165 1221 162 1285 198 1259 196 1303 313 1142 297 1262 488 1117 498 1269 634 1125 683 1264 663 1159 661 1276 912 1099 867 1270 1084 1035 1008 1254 1150 1023 1018 1321 1218 1071 1073 
1269 176 1271 156 1274 157 1278 158 1253 154 1244 153 1234 153 1272 170 1208 166 1273 203 1248 200 1286 316 1129 299 1243 488 1105 497 1252 631 1112 682 1246 660 1145 659 1258 906 1098 853 1258 1084 1036 999 1237 1151 1023 1019 1297 1216 1074 1064 
1255 177 1259 157 1263 159 1269 160 1241 154 1232 154 1221 154 1261 172 1194 167 1259 204 1234 201 1274 317 1117 302 1231 487 1087 502 1237 628 1099 682 1233 660 1133 659 1249 906 1084 863 1260 1088 1037 1001 1238 1149 1029 1033 1299 1213 1075 1080 
1244 177 1247 158 1253 159 1258 160 1229 155 1219 154 1209 154 1249 173 1180 168 1249 205 1224 201 1263 318 1101 305 1233 482 1073 504 1238 595 1086 681 1221 659 1118 658 1234 901 1076 864 1260 1087 1035 1005 1240 1142 1025 1033 1299 1209 1076 1077 
1236 179 1242 160 1247 162 1251 163 1223 157 1212 156 1201 155 1244 176 1171 168 1240 206 1215 202 1254 321 1089 305 1228 483 1062 503 1229 600 1075 678 1208 657 1105 658 1226 901 1071 862 1258 1113 1036 1008 1241 1149 1026 1033 1296 1209 1080 1077 
1222 179 1228 161 1233 163 1238 164 1209 157 1199 156 1189 155 1233 177 1161 169 1227 206 1201 202 1246 321 1080 304 1226 483 1052 499 1226 603 1063 674 1204 655 1100 654 1225 892 1068 864 1248 1086 1036 1019 1231 1096 1023 1039 1311 1165 1082 1080 
1214 178 1218 161 1224 163 1229 164 1199 157 1189 156 1179 155 1222 177 1152 169 1219 206 1195 202 1239 321 1077 303 1209 483 1041 491 1205 605 1049 670 1197 648 1092 647 1227 879 1064 861 1237 1072 1037 1023 1221 1082 1025 1040 1298 1151 1080 1082 
1205 177 1209 160 1215 162 1220 163 1190 157 1180 156 1170 155 1214 177 1143 169 1211 205 1186 202 1235 321 1067 302 1202 483 1031 487 1191 601 1039 665 1197 641 1087 642 1227 863 1065 859 1224 1059 1039 1024 1207 1073 1027 1040 1290 1136 1082 1084 
1201 173 1203 156 1208 158 1213 159 1185 154 1176 153 1166 153 1204 173 1137 168 1206 200 1184 198 1228 319 1058 302 1190 480 1023 486 1178 598 1028 664 1193 633 1084 635 1224 846 1063 851 1208 1035 1036 1024 1190 1057 1026 1039 1272 1093 1080 1084 
1195 169 1195 153 1199 154 1203 155 1178 151 1169 151 1159 151 1192 169 1128 167 1199 195 1178 195 1220 314 1051 300 1186 473 1013 483 1167 590 1012 657 1185 628 1076 629 1221 841 1062 846 1189 1017 1036 1023 1170 1040 1027 1039 1258 1077 1077 1077 
1191 168 1191 152 1194 153 1198 154 1173 151 1164 151 1154 151 1186 168 1123 167 1195 192 1174 193 1215 312 1045 299 1181 469 1008 480 1168 582 1002 652 1181 622 1072 623 1216 831 1061 839 1173 1000 1035 1018 1153 1023 1028 1036 1242 1060 1072 1073 
1186 166 1186 151 1190 152 1194 153 1169 150 1160 150 1150 150 1183 167 1120 166 1190 190 1169 191 1212 311 1041 299 1182 469 1001 480 1171 584 994 652 1176 619 1069 621 1211 823 1061 836 1153 980 1036 1019 1125 1002 1028 1038 1221 1043 1074 1074 
1181 165 1182 150 1187 151 1191 152 1164 149 1156 149 1146 149 1181 167 1117 164 1185 189 1165 189 1211 311 1037 298 1187 470 998 477 1179 587 983 647 1172 618 1065 618 1205 820 1061 832 1133 964 1037 1018 1094 982 1029 1036 1195 1027 1074 1074 
1178 165 1179 150 1183 151 1187 152 1161 149 1152 149 1143 149 1179 167 1114 164 1182 189 1162 189 1212 311 1034 297 1192 470 994 476 1185 587 978 644 1171 614 1064 613 1199 817 1062 823 1121 950 1037 1014 1080 967 1029 1033 1175 1018 1075 1071 
1177 165 1177 150 1181 151 1185 152 1159 148 1151 149 1142 149 1176 167 1114 164 1181 189 1162 189 1213 311 1035 297 1194 471 993 474 1194 588 974 640 1167 611 1060 611 1191 815 1058 825 1109 943 1037 1012 1070 961 1027 1032 1164 1009 1075 1068 
1175 165 1175 150 1179 151 1183 152 1158 148 1149 148 1139 149 1175 167 1112 164 1179 188 1160 188 1215 311 1035 296 1207 471 993 474 1223 606 971 638 1165 606 1060 608 1183 809 1057 821 1103 935 1036 1010 1066 951 1026 1031 1153 1005 1076 1066 
1175 165 1175 150 1179 150 1182 151 1157 148 1149 148 1140 149 1173 167 1112 164 1180 188 1161 188 1217 311 1036 296 1217 471 993 471 1241 613 973 634 1166 601 1060 603 1177 805 1057 819 1103 934 1036 1008 1068 950 1025 1028 1150 1006 1075 1067 
1174 165 1173 150 1177 150 1181 151 1156 148 1148 148 1138 149 1173 167 1112 165 1180 187 1161 188 1218 311 1038 297 1224 471 995 468 1251 612 977 626 1168 600 1062 602 1169 807 1058 819 1106 933 1033 1007 1074 950 1023 1026 1149 1005 1073 1067 
1173 165 1173 150 1177 150 1181 151 1156 149 1148 149 1138 149 1173 167 1112 166 1180 188 1160 188 1218 310 1040 297 1233 471 996 468 1265 611 979 628 1170 599 1064 601 1164 807 1058 820 1109 934 1032 1011 1079 952 1024 1030 1150 1004 1069 1068 
1174 165 1173 150 1177 150 1181 151 1156 149 1148 149 1139 149 1175 167 1114 168 1181 188 1162 188 1220 310 1046 297 1236 471 998 467 1275 608 981 625 1171 600 1065 601 1159 806 1058 821 1106 938 1031 1015 1078 957 1023 1033 1148 1002 1069 1069 
1175 165 1175 150 1179 150 1183 151 1158 149 1150 150 1141 151 1177 167 1114 169 1182 188 1162 189 1220 309 1056 297 1240 467 1003 462 1282 600 987 622 1172 599 1067 600 1156 804 1058 821 1105 939 1030 1012 1077 961 1022 1032 1152 1001 1069 1070 
1178 167 1176 151 1179 152 1183 152 1161 151 1152 152 1144 154 1177 168 1120 172 1186 189 1167 190 1222 309 1063 297 1243 467 1011 462 1291 596 994 622 1173 599 1072 600 1157 801 1059 822 1104 940 1031 1012 1074 963 1022 1033 1153 1002 1070 1069 
1181 168 1178 152 1181 153 1184 153 1163 153 1155 154 1147 156 1180 168 1125 174 1190 190 1171 191 1225 310 1072 297 1243 466 1022 458 1293 587 1003 616 1173 600 1076 599 1158 803 1067 822 1100 941 1032 1012 1070 965 1023 1033 1150 1003 1072 1069 
1186 169 1182 154 1185 154 1188 154 1168 155 1159 157 1152 158 1183 168 1130 177 1196 191 1178 192 1228 310 1078 297 1244 465 1031 457 1295 580 1011 613 1176 599 1084 597 1160 802 1081 823 1096 943 1033 1012 1065 966 1023 1033 1152 1003 1074 1069 
1192 172 1188 156 1191 156 1194 156 1173 158 1165 160 1157 162 1189 170 1135 181 1202 194 1183 196 1230 311 1084 297 1244 462 1039 457 1293 572 1020 612 1177 597 1088 595 1161 801 1095 822 1095 944 1038 1006 1062 966 1023 1029 1153 1003 1079 1068 
1198 175 1194 159 1197 159 1200 159 1180 162 1171 163 1163 165 1194 172 1141 184 1208 198 1189 200 1232 311 1090 297 1244 459 1044 457 1291 568 1027 611 1179 596 1092 595 1162 799 1112 821 1092 944 1051 992 1057 967 1028 1019 1151 1002 1086 1059 
1202 178 1199 163 1202 162 1205 162 1184 164 1176 166 1167 167 1198 175 1145 185 1211 201 1192 203 1234 310 1093 297 1244 456 1049 457 1288 567 1031 609 1180 592 1096 592 1163 799 1122 820 1094 944 1056 990 1060 967 1033 1015 1152 1001 1088 1059 
1204 181 1201 165 1205 165 1208 165 1186 166 1178 167 1169 169 1202 177 1147 186 1213 205 1194 205 1238 310 1093 297 1245 457 1054 457 1287 569 1035 609 1180 589 1095 589 1162 798 1132 814 1095 944 1064 977 1062 968 1039 998 1150 1002 1088 1055 
1205 182 1203 167 1207 167 1210 167 1188 167 1180 168 1171 169 1204 179 1149 186 1214 206 1195 206 1239 310 1094 297 1246 457 1053 456 1284 571 1035 607 1180 586 1095 585 1162 792 1143 801 1096 942 1073 972 1066 963 1050 992 1149 1002 1099 1043 
1205 184 1203 168 1207 168 1211 169 1188 168 1180 169 1171 169 1205 180 1149 186 1214 208 1194 207 1240 310 1094 296 1245 457 1055 454 1273 572 1036 601 1181 578 1095 576 1165 777 1156 783 1096 934 1081 959 1071 952 1057 978 1150 996 1116 1026 
1204 183 1203 168 1207 168 1210 168 1187 168 1179 168 1170 169 1206 180 1148 185 1213 207 1194 207 1242 309 1094 295 1246 456 1056 452 1264 573 1035 599 1181 571 1095 569 1165 762 1172 761 1096 924 1087 943 1071 943 1062 960 1151 987 1134 1008 
1204 186 1202 169 1206 170 1210 170 1187 169 1179 169 1170 170 1207 182 1148 185 1213 209 1193 207 1245 309 1094 295 1247 454 1056 450 1258 574 1034 595 1181 565 1095 561 1168 755 1192 732 1097 923 1098 912 1071 944 1074 929 1152 985 1139 983 
1204 187 1202 171 1206 171 1210 172 1186 170 1178 170 1170 171 1207 183 1147 186 1212 210 1193 208 1248 310 1094 294 1248 455 1055 447 1252 579 1031 591 1179 563 1091 550 1168 760 1206 699 1101 924 1114 884 1072 954 1087 906 1152 987 1146 959 
1200 187 1200 171 1204 171 1209 171 1184 170 1176 170 1168 171 1206 183 1147 186 1210 209 1189 207 1250 314 1094 294 1247 457 1054 446 1246 583 1027 589 1175 562 1088 545 1157 761 1217 664 1101 931 1129 874 1072 959 1106 894 1152 988 1165 944 
1200 187 1200 171 1204 171 1209 172 1184 170 1176 171 1168 172 1206 183 1148 186 1209 209 1189 208 1251 316 1094 294 1247 457 1054 443 1239 583 1023 585 1173 561 1085 541 1156 769 1228 632 1098 938 1147 856 1070 963 1132 874 1150 991 1185 923 
1200 187 1200 171 1204 171 1208 171 1184 170 1176 171 1168 172 1206 183 1149 186 1209 209 1189 207 1250 317 1093 294 1247 456 1048 441 1238 574 1017 578 1172 561 1083 542 1148 778 1237 597 1098 944 1162 838 1070 966 1146 854 1150 992 1219 893 
1200 188 1200 172 1204 173 1208 173 1184 171 1176 172 1169 173 1206 184 1150 187 1209 210 1189 208 1250 319 1091 294 1246 450 1044 440 1234 568 1015 575 1169 562 1082 542 1143 779 1231 581 1099 946 1173 827 1072 966 1157 847 1150 993 1253 875 
1199 189 1200 173 1204 174 1208 175 1183 172 1176 173 1168 174 1206 185 1150 187 1208 210 1187 209 1251 324 1089 295 1246 454 1040 439 1225 569 1012 574 1165 562 1076 544 1143 782 1232 557 1099 946 1188 807 1072 966 1170 834 1151 993 1274 853 
1197 188 1199 173 1203 174 1208 175 1181 172 1174 173 1167 174 1206 186 1149 187 1206 210 1184 209 1251 326 1086 296 1246 457 1038 439 1221 570 1008 574 1162 563 1075 546 1142 782 1236 534 1099 945 1202 783 1072 966 1177 813 1152 993 1290 831 
1196 189 1197 175 1202 176 1206 177 1180 173 1173 174 1166 175 1205 187 1149 189 1205 211 1182 209 1250 327 1086 297 1246 462 1037 439 1220 570 1005 575 1160 563 1075 546 1141 779 1244 516 1098 942 1215 771 1071 965 1186 801 1152 993 1299 815 
1195 190 1196 176 1200 177 1205 178 1179 175 1172 176 1165 177 1203 188 1149 191 1204 212 1182 210 1249 326 1086 297 1242 464 1037 439 1220 574 1003 576 1160 563 1075 545 1141 777 1248 509 1098 941 1225 766 1070 963 1195 793 1152 993 1306 810 
1195 190 1194 177 1199 177 1203 178 1178 176 1171 177 1164 178 1202 188 1149 192 1203 212 1182 211 1248 326 1086 297 1237 466 1037 439 1212 579 1003 577 1158 563 1075 545 1140 776 1248 506 1099 940 1228 763 1070 963 1198 792 1152 993 1311 806 
1194 191 1193 177 1197 178 1201 178 1178 177 1171 178 1164 180 1199 188 1148 194 1203 212 1182 211 1248 326 1087 297 1235 466 1037 439 1209 582 1002 577 1157 564 1075 543 1140 774 1247 506 1099 940 1224 764 1070 963 1195 792 1153 993 1310 808 
1193 191 1190 177 1195 178 1199 178 1176 177 1170 179 1163 181 1197 188 1148 195 1202 212 1182 212 1245 324 1088 298 1231 462 1037 439 1207 578 1003 578 1155 563 1074 543 1140 771 1246 512 1099 940 1220 769 1070 964 1191 798 1153 993 1307 814 
1193 191 1189 177 1193 177 1197 178 1175 177 1169 179 1162 181 1195 188 1147 195 1202 212 1182 212 1243 323 1088 298 1231 460 1038 441 1208 577 1004 578 1155 563 1073 543 1140 771 1243 522 1099 940 1215 775 1071 964 1187 806 1155 994 1298 824 
1192 190 1188 177 1192 177 1196 177 1174 177 1167 179 1161 181 1194 187 1145 195 1201 210 1181 211 1242 321 1088 299 1229 452 1040 441 1210 573 1007 578 1155 562 1073 543 1139 771 1242 532 1099 940 1210 780 1070 965 1183 809 1155 993 1292 827 
1190 190 1186 176 1190 177 1194 177 1172 177 1166 179 1159 181 1193 187 1144 195 1200 210 1180 211 1240 321 1088 299 1228 447 1043 441 1215 569 1011 578 1154 560 1073 543 1139 771 1237 553 1099 940 1202 802 1069 965 1182 822 1153 993 1278 853 
1188 188 1184 175 1188 175 1192 175 1170 176 1164 178 1158 180 1191 185 1143 195 1198 208 1178 210 1238 316 1088 298 1227 443 1044 442 1220 568 1015 578 1153 558 1073 542 1139 772 1237 583 1099 939 1184 819 1069 964 1166 833 1152 994 1250 876 
1186 188 1183 174 1186 174 1190 174 1169 176 1162 177 1156 180 1189 184 1141 195 1196 208 1176 210 1233 312 1087 297 1223 442 1045 442 1222 568 1016 578 1152 555 1073 541 1139 766 1234 615 1099 937 1166 835 1070 962 1148 851 1152 994 1220 895 
1185 188 1182 174 1186 174 1190 174 1168 176 1161 177 1155 179 1189 184 1139 194 1194 208 1173 210 1229 310 1086 294 1217 443 1046 441 1223 568 1021 578 1153 552 1074 540 1144 751 1227 650 1105 935 1146 852 1071 961 1127 871 1157 992 1194 916 
1184 187 1182 174 1186 174 1190 174 1168 175 1161 177 1155 178 1187 184 1138 193 1193 208 1172 210 1225 310 1084 293 1215 447 1047 441 1234 568 1024 578 1153 552 1074 541 1167 745 1220 678 1107 926 1127 854 1071 953 1104 866 1160 990 1161 929 
1183 185 1181 172 1185 173 1189 173 1167 173 1160 175 1153 177 1186 183 1137 191 1192 207 1171 208 1222 310 1081 292 1214 451 1047 441 1240 573 1025 579 1156 558 1077 547 1172 746 1203 706 1106 925 1110 869 1071 953 1083 868 1160 991 1137 952 
1181 182 1180 169 1184 169 1189 170 1165 169 1159 170 1152 172 1186 182 1136 187 1189 205 1167 206 1218 310 1078 291 1212 454 1045 441 1245 574 1028 579 1158 561 1079 553 1169 749 1188 738 1099 923 1093 886 1067 951 1062 893 1159 991 1123 954 
1177 180 1178 167 1182 167 1186 168 1162 166 1155 167 1148 168 1184 181 1134 184 1185 203 1163 204 1212 311 1075 291 1210 457 1044 442 1246 574 1028 580 1160 566 1083 562 1163 753 1164 761 1086 923 1075 902 1064 950 1049 915 1150 990 1091 964 
1175 179 1176 166 1180 167 1184 168 1160 165 1153 166 1146 167 1181 181 1130 182 1182 201 1162 202 1211 311 1073 290 1209 459 1042 442 1246 574 1029 580 1162 570 1085 568 1159 765 1140 779 1083 924 1062 919 1059 950 1034 933 1145 991 1074 993 
1172 179 1174 166 1178 167 1182 167 1158 164 1150 164 1143 165 1180 180 1126 180 1179 201 1158 201 1207 311 1070 290 1206 460 1040 443 1245 573 1031 583 1163 576 1085 576 1152 779 1115 794 1084 928 1044 945 1060 951 1020 959 1146 993 1062 1017 
1171 177 1172 165 1175 165 1179 166 1156 163 1149 163 1141 163 1175 178 1122 178 1176 199 1157 199 1202 311 1066 290 1197 460 1037 447 1244 570 1031 587 1163 578 1085 579 1147 785 1094 798 1089 936 1022 958 1063 953 1009 973 1149 998 1045 1027 
1171 178 1170 165 1173 166 1177 166 1155 163 1148 163 1140 164 1170 178 1119 179 1176 199 1158 200 1196 311 1062 290 1192 460 1035 449 1235 567 1031 590 1161 581 1081 582 1143 787 1070 801 1089 936 1014 962 1066 953 1004 979 1150 999 1044 1034 
1165 178 1165 165 1168 166 1172 166 1150 163 1143 163 1135 164 1166 178 1114 178 1169 199 1152 200 1191 311 1055 291 1190 460 1031 449 1226 567 1031 592 1157 581 1076 581 1139 788 1058 792 1092 941 1017 968 1073 958 1008 992 1152 999 1050 1037 
1160 178 1160 165 1164 166 1168 166 1145 164 1138 164 1130 164 1161 178 1109 178 1165 199 1147 200 1187 311 1048 291 1187 460 1025 449 1216 568 1031 593 1153 581 1068 581 1139 787 1048 792 1093 942 1014 969 1074 960 1005 994 1152 999 1047 1038 
1155 178 1155 165 1159 166 1163 166 1141 164 1133 164 1125 164 1156 177 1103 178 1159 199 1142 200 1184 311 1038 291 1180 461 1019 450 1203 576 1030 598 1143 584 1052 584 1140 790 1039 796 1095 944 1015 972 1076 963 1008 997 1154 999 1046 1039 
1152 177 1151 165 1155 165 1158 166 1137 163 1130 163 1121 163 1151 177 1099 177 1155 198 1139 199 1181 311 1032 290 1171 463 1011 450 1184 586 1027 601 1136 584 1042 583 1144 790 1037 796 1099 944 1015 969 1077 963 1009 992 1156 1001 1047 1039 
1141 176 1143 164 1147 165 1150 165 1127 161 1119 161 1111 161 1146 176 1091 175 1147 197 1127 197 1179 311 1021 290 1160 463 1000 454 1154 584 1022 604 1132 583 1035 582 1154 793 1030 799 1102 943 1013 968 1080 962 1007 992 1156 1003 1047 1041 
1132 175 1136 164 1140 164 1144 165 1118 161 1109 160 1102 160 1143 176 1084 173 1139 197 1116 196 1176 311 1010 290 1157 462 988 456 1145 587 1014 605 1129 585 1028 584 1170 797 1026 807 1106 943 1014 971 1083 960 1011 994 1157 1004 1045 1041 
1125 175 1129 163 1134 164 1138 165 1110 160 1102 159 1095 159 1137 175 1077 172 1132 197 1108 196 1169 311 1001 290 1150 460 976 457 1138 586 1002 609 1124 588 1021 589 1190 797 1019 814 1115 936 1016 972 1087 947 1013 991 1159 1001 1048 1043 
1122 175 1125 163 1129 164 1133 165 1106 159 1097 159 1089 159 1130 175 1071 171 1128 197 1105 195 1160 310 993 290 1124 461 966 457 1119 588 988 608 1121 589 1017 593 1205 790 1016 817 1121 921 1016 974 1089 935 1013 995 1164 993 1052 1046 
1118 174 1120 162 1124 163 1128 164 1103 158 1095 158 1086 158 1123 173 1065 170 1123 196 1103 194 1148 307 990 290 1123 455 956 457 1119 583 974 608 1119 589 1019 594 1219 771 1017 817 1130 904 1015 973 1095 919 1012 994 1170 982 1053 1047 
1112 173 1113 160 1117 161 1121 162 1097 157 1089 156 1080 157 1115 171 1058 170 1117 195 1098 194 1138 301 987 290 1117 446 950 457 1121 566 960 609 1120 586 1021 595 1235 747 1018 816 1145 884 1013 970 1107 900 1009 991 1180 968 1053 1044 
1108 172 1109 159 1114 160 1118 160 1093 156 1084 156 1075 156 1110 170 1051 169 1112 194 1093 193 1137 299 982 290 1115 443 944 455 1120 559 944 609 1120 581 1021 595 1252 722 1019 819 1159 856 1012 969 1123 869 1008 990 1190 942 1051 1042 
1107 172 1108 159 1112 160 1116 160 1091 156 1083 156 1074 156 1107 170 1048 168 1110 194 1091 193 1130 298 979 290 1110 441 941 455 1123 554 931 609 1119 576 1020 594 1271 692 1022 820 1173 834 1012 969 1140 845 1007 989 1206 919 1049 1041 
1105 173 1106 159 1110 160 1114 160 1088 156 1080 156 1071 156 1106 170 1047 168 1108 195 1089 193 1125 295 977 290 1104 436 937 455 1121 550 919 609 1118 568 1020 594 1287 660 1024 818 1182 806 1013 968 1148 818 1008 989 1214 899 1048 1041 
1103 173 1104 159 1108 159 1112 160 1086 156 1078 156 1069 156 1104 169 1046 168 1108 195 1089 193 1127 296 978 290 1101 433 933 452 1121 548 908 607 1116 564 1018 594 1294 629 1025 816 1188 785 1014 968 1154 795 1008 985 1220 879 1048 1040 
1103 173 1103 158 1107 159 1111 159 1085 156 1077 156 1069 156 1104 169 1046 167 1108 194 1089 193 1129 296 976 289 1104 432 930 452 1124 549 903 605 1111 561 1017 593 1298 588 1026 815 1198 765 1014 967 1162 774 1008 983 1227 857 1048 1040 
1102 173 1102 158 1107 158 1110 159 1085 156 1076 156 1068 156 1103 169 1046 167 1108 194 1089 193 1130 296 975 289 1107 432 927 450 1127 553 899 600 1109 555 1018 592 1299 562 1026 813 1210 750 1015 967 1174 761 1009 983 1240 836 1049 1040 
1101 173 1102 158 1107 158 1111 159 1085 156 1076 156 1068 156 1105 170 1045 167 1107 195 1088 193 1132 299 973 289 1111 433 923 449 1141 566 896 599 1105 554 1017 591 1297 542 1027 811 1213 738 1015 967 1180 749 1009 982 1248 824 1049 1040 
1102 173 1103 158 1107 159 1111 159 1086 156 1077 156 1069 156 1105 172 1046 168 1108 195 1088 194 1133 303 973 289 1120 437 923 448 1152 574 899 597 1103 553 1016 590 1292 529 1027 807 1214 730 1015 966 1181 744 1009 982 1252 817 1049 1040 
1103 174 1104 158 1108 159 1111 160 1087 157 1078 157 1070 157 1105 173 1046 168 1109 196 1089 194 1134 304 972 289 1127 437 921 448 1155 575 901 598 1101 553 1015 589 1291 521 1026 804 1216 724 1015 966 1183 739 1009 983 1253 813 1049 1039 
1103 174 1104 158 1108 159 1111 160 1087 157 1079 157 1070 157 1105 173 1047 169 1109 196 1089 194 1134 304 972 289 1130 437 921 447 1158 574 904 597 1102 553 1016 589 1292 524 1027 802 1216 726 1015 966 1182 741 1009 983 1253 817 1049 1039 
1104 174 1104 158 1108 159 1112 160 1087 157 1079 157 1071 157 1106 173 1047 169 1109 196 1090 194 1136 305 971 289 1133 437 922 447 1159 574 907 597 1103 553 1016 589 1291 533 1026 801 1217 735 1015 966 1185 747 1009 983 1251 826 1050 1040 
1104 174 1104 158 1108 159 1112 160 1088 157 1079 157 1071 157 1106 173 1048 169 1110 196 1090 194 1137 305 971 289 1135 439 923 446 1160 574 908 597 1102 554 1016 589 1290 547 1025 800 1215 743 1014 966 1182 754 1008 983 1247 832 1050 1041 
1104 173 1105 158 1109 159 1112 160 1088 157 1080 156 1071 156 1106 173 1048 168 1110 196 1090 194 1137 305 972 289 1134 439 924 446 1158 572 914 597 1103 554 1016 589 1292 553 1024 800 1212 748 1013 966 1179 760 1006 983 1239 836 1050 1041 
1104 173 1105 158 1109 159 1112 159 1088 156 1080 156 1071 156 1107 173 1048 167 1110 196 1090 193 1137 304 972 289 1129 439 924 445 1158 572 919 597 1106 557 1016 589 1293 593 1023 801 1204 765 1012 966 1173 771 1005 983 1222 862 1049 1040 
1104 172 1105 157 1109 158 1113 159 1088 155 1080 155 1071 154 1108 172 1048 166 1110 195 1090 192 1137 303 972 288 1120 439 925 445 1157 559 925 599 1112 559 1016 589 1292 636 1023 802 1196 792 1011 965 1165 796 1003 983 1206 892 1049 1040 
1104 171 1105 157 1109 158 1114 159 1088 155 1080 154 1071 153 1109 172 1048 165 1110 195 1090 192 1135 303 973 287 1109 440 929 445 1138 556 934 599 1116 564 1017 589 1290 676 1023 804 1185 825 1011 965 1154 825 1002 984 1187 920 1049 1039 
1104 171 1106 157 1110 158 1115 159 1089 155 1081 154 1072 153 1110 173 1049 164 1110 195 1090 192 1135 303 973 286 1105 440 933 445 1130 555 939 600 1122 567 1019 590 1276 714 1023 806 1174 848 1010 965 1143 849 1000 984 1174 947 1049 1037 
1104 172 1106 158 1111 159 1115 161 1089 155 1081 154 1073 153 1111 174 1050 164 1110 196 1090 192 1135 301 973 286 1105 440 940 446 1127 556 945 603 1128 571 1022 590 1255 750 1024 809 1160 880 1010 966 1130 884 999 986 1156 981 1053 1037 
1105 172 1107 158 1112 160 1117 162 1089 155 1082 154 1074 153 1113 175 1052 164 1110 196 1090 192 1139 301 973 286 1106 440 946 447 1130 556 952 605 1132 573 1023 590 1238 773 1024 813 1144 904 1010 966 1113 909 1000 986 1151 997 1056 1037 
1105 172 1109 159 1114 160 1119 162 1091 155 1083 154 1077 153 1117 175 1056 164 1111 196 1090 192 1148 300 975 286 1117 439 951 448 1142 559 961 607 1137 578 1027 589 1222 795 1025 813 1127 931 1010 967 1100 938 1000 988 1152 1011 1056 1037 
1106 172 1112 159 1117 160 1122 162 1093 155 1085 154 1079 153 1123 175 1061 164 1113 196 1091 191 1160 300 981 286 1135 439 960 449 1153 570 967 608 1142 583 1032 590 1203 808 1028 814 1120 948 1010 967 1096 955 1001 987 1155 1025 1055 1038 
1108 172 1114 158 1120 160 1125 162 1095 155 1087 154 1082 153 1128 175 1066 164 1116 195 1093 191 1172 300 989 287 1157 441 968 452 1166 576 973 609 1145 588 1035 590 1183 811 1033 814 1115 959 1010 967 1088 972 1001 988 1157 1031 1053 1038 
1117 172 1121 158 1127 160 1131 161 1103 155 1095 154 1089 154 1133 175 1073 166 1125 195 1102 191 1183 300 998 290 1182 438 976 455 1182 575 979 609 1149 590 1039 590 1168 806 1039 812 1111 960 1011 967 1087 977 1003 988 1155 1029 1052 1036 
1125 172 1128 158 1134 160 1138 161 1110 156 1102 155 1097 155 1139 175 1080 169 1134 195 1111 193 1189 299 1008 292 1195 434 985 456 1198 567 985 609 1155 591 1047 589 1157 807 1046 811 1105 964 1012 967 1081 984 1005 988 1156 1031 1049 1034 
1132 173 1134 158 1140 160 1145 161 1117 156 1110 157 1103 157 1145 175 1085 173 1141 196 1119 194 1197 300 1021 295 1201 439 994 456 1201 570 991 609 1162 594 1057 589 1152 804 1052 809 1102 960 1012 967 1078 980 1005 989 1155 1028 1048 1034 
1140 173 1141 158 1146 159 1151 160 1124 156 1117 157 1110 157 1150 172 1092 173 1149 195 1128 194 1204 300 1030 296 1215 452 1006 455 1237 574 997 608 1164 594 1062 590 1153 807 1057 808 1103 961 1014 967 1079 982 1007 989 1155 1027 1048 1033 
1149 173 1150 158 1154 159 1158 160 1134 157 1127 157 1119 158 1156 171 1100 174 1157 195 1137 194 1208 300 1037 296 1218 456 1015 456 1252 577 1004 608 1167 593 1067 590 1154 810 1060 808 1103 961 1014 967 1079 980 1007 989 1155 1027 1046 1033 
1157 173 1157 159 1160 159 1164 160 1141 158 1134 158 1125 159 1160 171 1105 174 1163 195 1144 195 1212 300 1041 296 1224 458 1020 456 1264 579 1009 608 1170 593 1071 591 1153 811 1064 809 1105 961 1014 967 1081 979 1007 989 1155 1028 1045 1033 
1162 175 1162 159 1166 160 1170 160 1147 159 1139 159 1130 160 1165 172 1110 175 1169 196 1150 196 1213 300 1046 296 1227 456 1025 457 1273 579 1013 608 1173 594 1075 591 1154 810 1069 809 1106 962 1016 967 1082 978 1008 988 1155 1029 1045 1034 
1166 178 1166 162 1170 162 1173 162 1150 162 1142 162 1133 163 1169 173 1113 177 1172 198 1153 199 1212 300 1051 297 1227 455 1030 457 1277 576 1016 608 1174 594 1078 593 1153 810 1071 810 1107 963 1018 968 1083 980 1010 988 1155 1028 1045 1034 
1168 180 1169 164 1173 164 1176 164 1153 164 1144 164 1136 165 1172 174 1115 177 1175 200 1156 201 1214 300 1056 298 1229 455 1033 458 1283 575 1017 609 1176 594 1080 594 1152 812 1074 813 1107 962 1020 968 1082 980 1012 988 1153 1027 1045 1034 
1171 181 1171 165 1175 165 1179 165 1155 165 1146 165 1138 165 1175 176 1117 178 1178 202 1158 203 1216 301 1058 299 1231 455 1035 459 1285 573 1019 610 1175 594 1080 595 1152 811 1078 816 1106 963 1021 968 1079 980 1013 987 1153 1027 1046 1033 
1173 183 1174 166 1178 166 1182 166 1157 166 1149 167 1141 167 1179 177 1120 179 1180 204 1160 204 1216 302 1061 299 1231 455 1037 459 1287 570 1020 609 1175 595 1082 595 1152 813 1088 816 1107 964 1025 959 1080 981 1017 972 1153 1029 1047 1026 
1175 185 1176 168 1181 168 1185 168 1160 168 1151 168 1143 169 1182 179 1122 180 1182 206 1161 206 1218 302 1061 299 1234 453 1035 459 1288 566 1017 609 1175 595 1082 594 1151 813 1098 816 1107 968 1029 946 1081 986 1019 954 1154 1031 1046 1013 
1177 187 1179 170 1183 170 1187 170 1163 170 1154 170 1146 170 1183 180 1125 180 1184 207 1164 207 1219 302 1062 298 1237 449 1033 458 1295 563 1009 609 1177 594 1083 592 1152 812 1109 814 1107 969 1031 938 1080 986 1019 944 1154 1032 1043 1008 
1179 187 1180 171 1184 171 1188 171 1164 170 1155 170 1147 170 1184 181 1126 180 1185 208 1165 207 1219 301 1064 297 1240 447 1031 453 1305 561 987 601 1177 594 1086 588 1152 811 1120 811 1105 968 1037 931 1078 986 1020 936 1154 1032 1045 1003 
1180 188 1181 171 1185 171 1189 172 1165 171 1157 171 1148 170 1184 181 1127 181 1186 209 1166 208 1219 301 1064 297 1246 440 1019 449 1312 552 953 584 1178 594 1089 588 1150 811 1123 810 1103 967 1042 928 1077 985 1020 934 1154 1032 1047 1000 
1181 189 1182 172 1186 172 1190 172 1166 171 1157 171 1149 171 1185 182 1128 181 1186 211 1167 209 1220 301 1064 296 1257 432 1000 443 1321 535 923 565 1178 595 1089 588 1150 812 1126 810 1102 966 1045 927 1076 984 1022 932 1152 1032 1050 1000 
1182 190 1184 173 1188 173 1191 174 1167 172 1159 172 1150 172 1186 183 1129 181 1187 212 1168 211 1219 301 1064 295 1264 415 977 435 1329 511 887 549 1178 595 1090 588 1149 812 1127 809 1100 965 1046 927 1076 984 1023 933 1150 1031 1053 1002 
1182 191 1184 174 1188 174 1192 174 1168 173 1159 173 1151 172 1186 183 1129 182 1188 213 1168 212 1220 301 1063 294 1271 401 958 415 1336 486 859 518 1179 595 1090 588 1149 812 1129 809 1100 965 1049 924 1076 984 1024 930 1148 1031 1055 1000 
1183 191 1185 174 1189 174 1192 174 1169 173 1160 173 1152 173 1186 183 1130 182 1188 213 1169 212 1220 300 1063 291 1279 389 961 383 1346 464 868 443 1179 594 1091 587 1149 812 1133 807 1100 963 1051 921 1076 984 1024 926 1145 1031 1057 997 
1183 191 1185 174 1189 174 1192 174 1169 173 1160 173 1152 173 1186 183 1131 182 1189 213 1169 212 1220 300 1062 289 1275 376 939 366 1346 428 810 420 1180 593 1091 587 1150 812 1135 807 1099 962 1051 917 1074 983 1025 922 1143 1029 1059 992 
1183 190 1185 172 1189 172 1193 172 1169 171 1160 171 1152 171 1187 182 1131 181 1189 213 1169 211 1220 298 1062 286 1271 362 929 344 1345 400 792 381 1180 591 1090 586 1152 810 1138 806 1099 961 1050 913 1073 982 1024 916 1142 1027 1059 985 
1183 188 1185 170 1190 170 1193 170 1169 169 1161 169 1152 170 1187 180 1131 180 1189 210 1169 208 1219 295 1062 282 1270 351 914 327 1347 377 759 352 1179 588 1091 585 1152 809 1141 806 1097 957 1049 907 1071 979 1025 904 1141 1024 1061 979 
1183 186 1185 169 1190 169 1193 169 1169 168 1161 169 1153 169 1187 179 1131 180 1189 208 1170 207 1217 292 1062 279 1265 347 907 308 1342 354 752 322 1179 588 1091 585 1152 807 1149 805 1096 954 1051 902 1071 976 1025 897 1140 1021 1058 977 
1184 186 1186 169 1190 169 1194 169 1170 168 1162 168 1154 169 1187 179 1132 179 1190 207 1170 206 1215 290 1061 277 1261 343 898 296 1339 336 747 293 1179 588 1091 584 1152 807 1152 805 1095 953 1053 894 1071 976 1029 885 1141 1019 1056 971 
1184 183 1186 167 1190 167 1194 167 1170 166 1162 166 1154 167 1188 178 1132 178 1190 205 1170 204 1214 285 1061 274 1255 337 894 281 1332 323 736 276 1179 587 1091 583 1152 806 1155 804 1095 953 1057 878 1071 976 1032 869 1141 1015 1056 957 
1184 182 1186 166 1191 167 1195 167 1171 165 1163 165 1155 165 1188 178 1132 176 1190 204 1170 202 1213 285 1060 272 1248 341 899 277 1327 320 742 262 1179 587 1091 583 1152 806 1159 804 1096 953 1057 864 1074 976 1032 854 1143 1013 1056 945 
1184 181 1186 165 1191 166 1195 166 1170 164 1163 164 1154 164 1189 177 1132 175 1190 203 1170 201 1213 285 1060 271 1247 342 899 276 1326 322 743 261 1179 587 1091 583 1152 805 1159 803 1096 952 1057 852 1076 976 1030 842 1143 1009 1057 946 
1184 181 1186 165 1191 166 1195 166 1170 164 1162 164 1154 164 1189 177 1132 175 1190 203 1170 201 1213 285 1059 271 1249 343 896 277 1331 329 738 270 1178 588 1090 583 1152 804 1161 803 1096 945 1059 856 1076 974 1030 841 1143 1004 1070 952 
1184 180 1186 165 1190 166 1195 166 1170 164 1162 164 1154 164 1189 177 1131 175 1190 203 1170 201 1213 286 1057 272 1253 344 893 286 1332 342 736 281 1178 589 1090 583 1152 802 1162 803 1096 942 1058 854 1076 974 1027 835 1143 1002 1074 948 
1184 180 1186 165 1190 165 1194 166 1170 164 1162 164 1154 163 1188 177 1131 175 1190 202 1170 201 1214 286 1056 272 1255 344 895 293 1334 347 734 300 1177 589 1088 584 1151 803 1164 804 1097 949 1049 844 1077 977 1021 831 1144 1004 1068 928 
1183 180 1185 164 1189 165 1194 166 1169 163 1161 163 1153 163 1188 177 1129 174 1189 202 1169 201 1214 287 1055 272 1257 356 898 307 1339 374 741 318 1177 589 1087 584 1150 805 1162 805 1097 954 1048 848 1077 979 1020 837 1145 1004 1061 930 
1180 180 1183 164 1188 165 1192 166 1166 163 1158 163 1149 162 1188 177 1126 174 1187 202 1166 201 1214 290 1052 273 1258 373 898 330 1339 409 745 361 1177 589 1087 584 1149 805 1162 806 1097 954 1050 857 1077 979 1023 844 1145 1004 1055 931 
1178 180 1182 164 1186 165 1191 166 1164 163 1155 163 1146 162 1187 177 1124 173 1185 202 1164 201 1214 292 1050 274 1258 390 908 350 1339 450 773 399 1177 589 1086 584 1147 807 1155 806 1093 953 1049 885 1073 979 1022 881 1143 1009 1048 958 
1174 179 1178 164 1183 164 1187 165 1160 162 1151 162 1142 161 1184 177 1120 173 1181 202 1160 200 1214 295 1049 278 1255 410 933 366 1331 483 828 424 1177 590 1084 585 1145 810 1136 804 1094 957 1046 915 1073 980 1022 920 1142 1020 1046 1001 
1171 178 1175 163 1180 164 1185 164 1157 161 1148 160 1138 160 1182 176 1117 173 1178 201 1156 199 1215 298 1049 284 1250 427 936 396 1314 518 840 479 1177 595 1083 588 1145 816 1119 810 1097 962 1040 949 1073 982 1022 963 1142 1026 1049 1029 
1171 178 1174 163 1179 164 1184 164 1156 161 1147 160 1137 160 1181 176 1115 173 1178 201 1155 199 1215 301 1047 287 1245 445 947 420 1295 548 855 541 1177 597 1081 591 1148 820 1099 822 1103 964 1037 982 1075 984 1022 1000 1144 1026 1066 1047 
1168 178 1172 162 1177 163 1182 164 1153 160 1144 160 1135 159 1179 176 1112 172 1175 201 1153 199 1214 304 1046 291 1227 457 961 440 1269 574 880 572 1177 598 1080 594 1149 822 1085 829 1104 967 1037 1005 1076 987 1029 1026 1145 1028 1077 1063 
1167 178 1171 162 1176 163 1180 164 1153 160 1143 160 1134 159 1177 176 1110 172 1174 201 1151 199 1210 306 1044 292 1213 467 980 451 1244 594 920 595 1177 598 1078 594 1150 822 1072 826 1105 966 1045 1008 1078 987 1040 1030 1145 1029 1085 1062 
1164 176 1168 161 1173 162 1177 162 1149 159 1140 159 1131 159 1174 174 1107 172 1171 199 1149 198 1208 307 1042 294 1195 466 1002 468 1203 594 959 618 1177 600 1075 596 1151 823 1069 827 1105 966 1051 1013 1078 987 1046 1036 1145 1030 1087 1067 
1159 173 1164 158 1169 159 1173 160 1145 157 1136 157 1127 157 1171 172 1103 171 1167 196 1144 196 1206 308 1040 294 1185 465 1016 469 1182 610 998 627 1177 601 1075 598 1151 822 1062 831 1105 966 1051 1013 1078 988 1046 1036 1145 1031 1085 1070 
1157 173 1162 157 1167 158 1171 159 1144 156 1135 156 1126 156 1168 171 1101 170 1164 195 1142 195 1204 310 1034 294 1198 476 1015 471 1215 613 998 631 1175 601 1074 599 1153 822 1061 832 1105 966 1051 1013 1079 987 1045 1036 1146 1031 1087 1069 
1155 172 1159 156 1164 157 1168 157 1141 155 1132 155 1123 155 1165 169 1099 169 1162 194 1140 194 1205 310 1030 295 1204 475 1006 471 1230 607 987 628 1172 601 1069 602 1155 822 1056 835 1105 966 1050 1013 1079 987 1044 1034 1146 1031 1087 1069 
1152 171 1156 155 1161 155 1165 155 1137 154 1128 154 1119 154 1161 167 1096 168 1160 192 1138 193 1204 309 1025 295 1207 472 997 467 1233 602 972 630 1170 602 1061 603 1160 823 1055 835 1106 965 1050 1012 1080 984 1044 1034 1147 1030 1086 1069 
