2.262891090081086 -3.4882584530392946 -0.9585253713536215 7.371946521267651 13.478429757511071 -26.205649043071265 7.371946521267651 13.478429757511071 -26.205649043071265 7.371946521267651 13.478429757511071 -26.205649043071265 7.371946521267651 13.478429757511071 -26.205649043071265 7.371946521267651 13.478429757511071 -26.205649043071265 7.371946521267651 13.478429757511071 -26.205649043071265 7.371946521267651 13.478429757511071 -26.205649043071265 7.371946521267651 13.478429757511071 -26.205649043071265 7.371946521267651 13.478429757511071 -26.205649043071265 7.371946521267651 13.478429757511071 -26.205649043071265 1.077361948759119 -3.6862813080950945 0.6893404401100015 -0.6947774630882135 -4.089626628928108 -0.9955928406538795 1.8485055006300373 -0.8130427803978542 0.7522254517664828 -0.8138556877675848 -1.4179027665775839 -1.4682367754796362 2.4406454712052814 0.9387864700610462 0.5021330820361268 0.3995009621424656 1.002274563303 -2.339330145343523 7.371946521267651 13.478429757511071 -26.205649043071265 7.371946521267651 13.478429757511071 -26.205649043071265 7.371946521267651 13.478429757511071 -26.205649043071265 7.371946521267651 13.478429757511071 -26.205649043071265 7.371946521267651 13.478429757511071 -26.205649043071265 7.371946521267651 13.478429757511071 -26.205649043071265 0.9983453746730188 0.6241373557420047 0.011113232676720135 -0.615760889002114 -0.08863126713028278 -0.3173656332205994 -0.7886690021845254 1.9540693854229716 0.8965900022402454 -1.3720208292244906 2.121020764015768 0.19512387400484496 -3.0112468693185193 2.789357232015193 2.284014951441468 -1.7309196069055293 4.1540974336082455 0.7485097317753758 7.371946521267651 13.478429757511071 -26.205649043071265 7.371946521267651 13.478429757511071 -26.205649043071265 7.371946521267651 13.478429757511071 -26.205649043071265 7.371946521267651 13.478429757511071 -26.205649043071265 0.19129224283545296 -3.8879539685116007 -0.15312620027193893 0.19129224283545238 0.26775304430586094 -0.15312620027193963 0.19129224283545282 -2.849027215307235 -0.15312620027193913 0.19129224283545265 -1.8101004621028698 -0.1531262002719393 0.1912922428354526 -1.2906370855006872 -0.15312620027193938 0.19129224283545251 -0.7711737088985045 -0.15312620027193946 
2.245618769806697 -3.5149749553234466 -0.9136115831208571 7.3539951859829955 13.455189162889527 -26.18669534131456 7.3539951859829955 13.455189162889527 -26.18669534131456 7.3539951859829955 13.455189162889527 -26.18669534131456 7.3539951859829955 13.455189162889527 -26.18669534131456 7.3539951859829955 13.455189162889527 -26.18669534131456 7.3539951859829955 13.455189162889527 -26.18669534131456 7.3539951859829955 13.455189162889527 -26.18669534131456 7.3539951859829955 13.455189162889527 -26.18669534131456 7.3539951859829955 13.455189162889527 -26.18669534131456 7.3539951859829955 13.455189162889527 -26.18669534131456 1.32400524060569 -3.2319204635205097 0.35316549604265124 -0.8194652768738945 -4.274666484577069 -0.8156031419608903 1.9923260502983728 -0.6772826768128078 0.6233428348400561 -1.07933208177941 -1.7473754617066457 -1.1828756571649375 2.576736945277227 1.0639394013650565 0.3998241074521949 0.38154962685781035 0.9790339686814552 -2.3203764435868197 7.3539951859829955 13.455189162889527 -26.18669534131456 7.3539951859829955 13.455189162889527 -26.18669534131456 7.3539951859829955 13.455189162889527 -26.18669534131456 7.3539951859829955 13.455189162889527 -26.18669534131456 7.3539951859829955 13.455189162889527 -26.18669534131456 7.3539951859829955 13.455189162889527 -26.18669534131456 1.0776580336782273 0.7078337048443595 -0.08669492187199612 -0.8231818724872494 -0.3178341864430272 -0.11179518510188623 -0.7295382979822658 2.0278807351602093 0.7988428332901264 -1.5630738180633192 1.94031116257715 0.3754629833084112 -2.8647523059673943 2.919121667305531 2.095921391138556 -1.7185510133704867 4.125933588449762 0.7843972867353876 7.3539951859829955 13.455189162889527 -26.18669534131456 7.3539951859829955 13.455189162889527 -26.18669534131456 7.3539951859829955 13.455189162889527 -26.18669534131456 7.3539951859829955 13.455189162889527 -26.18669534131456 0.25226998186589794 -3.7532934740487893 -0.23121882295911958 0.12723808059548902 0.19499975920066615 -0.09924505348694118 0.22101200654829573 -2.7662201657364256 -0.19822538059107497 0.18975403123069348 -1.7791468574240616 -0.1652319382230304 0.17412504357189235 -1.2856102032678796 -0.1487352170390081 0.15849605591309124 -0.7920735491116977 -0.1322384958549858 
2.0015928912362764 -3.7922872825280596 -0.8170691707069658 7.327296400609887 13.447054962011352 -26.184132230252235 7.327296400609887 13.447054962011352 -26.184132230252235 7.327296400609887 13.447054962011352 -26.184132230252235 7.327296400609887 13.447054962011352 -26.184132230252235 7.327296400609887 13.447054962011352 -26.184132230252235 7.327296400609887 13.447054962011352 -26.184132230252235 7.327296400609887 13.447054962011352 -26.184132230252235 7.327296400609887 13.447054962011352 -26.184132230252235 7.327296400609887 13.447054962011352 -26.184132230252235 7.327296400609887 13.447054962011352 -26.184132230252235 1.2844180115892283 -3.3499378164706695 0.517614158741212 -0.7367753298010561 -4.137010528610125 -0.9121504259269101 2.0923802002458416 -0.5625098498677357 0.5714813295835685 -1.0597504583693291 -1.669542606612625 -1.3034751686086974 2.7348564706648997 1.1510951511346694 0.3361820554005685 0.354850841484702 0.9708997678032812 -2.317813332524492 7.327296400609887 13.447054962011352 -26.184132230252235 7.327296400609887 13.447054962011352 -26.184132230252235 7.327296400609887 13.447054962011352 -26.184132230252235 7.327296400609887 13.447054962011352 -26.184132230252235 7.327296400609887 13.447054962011352 -26.184132230252235 7.327296400609887 13.447054962011352 -26.184132230252235 1.0577646074088454 0.6917520259118417 -0.03003941537722722 -0.8285913629302523 -0.2622910692235651 -0.16711759240208396 -0.885808515453522 1.9063824287175182 0.9372269646315682 -1.437651966732196 2.068170222492877 0.31270930848717754 -2.8614218882870386 2.8858020238543616 2.109865534955488 -1.715863501056405 4.099477533398231 0.7625857537468054 7.327296400609887 13.447054962011352 -26.184132230252235 7.327296400609887 13.447054962011352 -26.184132230252235 7.327296400609887 13.447054962011352 -26.184132230252235 7.327296400609887 13.447054962011352 -26.184132230252235 0.27382134089408633 -3.743474172540397 -0.197268133592849 0.11458662223929653 0.21473047834413833 -0.0985785038896556 0.23401266123038889 -2.753923009819263 -0.17259572616705066 0.19420398156669144 -1.7643718470981293 -0.1479233187412523 0.17429964173484272 -1.2695962657375623 -0.13558711502835313 0.154395301902994 -0.7748206843769955 -0.12325091131545396 
1.9669696785164297 -3.8544247361851167 -0.6713281238926089 7.289633017144145 13.393104711301607 -26.104143258832064 7.289633017144145 13.393104711301607 -26.104143258832064 7.289633017144145 13.393104711301607 -26.104143258832064 7.289633017144145 13.393104711301607 -26.104143258832064 7.289633017144145 13.393104711301607 -26.104143258832064 7.289633017144145 13.393104711301607 -26.104143258832064 7.289633017144145 13.393104711301607 -26.104143258832064 7.289633017144145 13.393104711301607 -26.104143258832064 7.289633017144145 13.393104711301607 -26.104143258832064 7.289633017144145 13.393104711301607 -26.104143258832064 1.7141333124767573 -2.625399851617545 -0.24320245133909976 -1.0926580462647626 -4.736700957438324 -0.25109113947400097 2.1836090683082414 -0.35501884317528193 0.35143875783667244 -1.4516819230222582 -2.26035789167235 -0.575278988470305 3.088306602598609 1.7387906713344323 -0.4043162488764041 0.31718745801895953 0.9169495170935362 -2.237824361104321 7.289633017144145 13.393104711301607 -26.104143258832064 7.289633017144145 13.393104711301607 -26.104143258832064 7.289633017144145 13.393104711301607 -26.104143258832064 7.289633017144145 13.393104711301607 -26.104143258832064 7.289633017144145 13.393104711301607 -26.104143258832064 7.289633017144145 13.393104711301607 -26.104143258832064 1.110897468678846 0.7522691503053732 -0.12017789150746577 -0.9200046122344532 -0.40555694575702406 0.03292425981787078 -0.686181083916198 2.1135478759373543 0.6671029869759326 -1.7731828929416351 1.6850641387944547 0.67719283672722 -2.6019431179441885 3.152166348752275 1.732486620929091 -1.8554519122743367 3.8786715236282046 1.0420737423774589 7.289633017144145 13.393104711301607 -26.104143258832064 7.289633017144145 13.393104711301607 -26.104143258832064 7.289633017144145 13.393104711301607 -26.104143258832064 7.289633017144145 13.393104711301607 -26.104143258832064 0.31073763310599706 -3.6810504045279346 -0.24714679540655043 0.09544642822219637 0.17335610227417458 -0.0436268158447975 0.2569148318850469 -2.7174487778274075 -0.1962668005161122 0.2030920306640967 -1.75384715112688 -0.14538680562567396 0.1761806300536216 -1.2720463377766165 -0.11994680818045485 0.14926922944314652 -0.7902455244263528 -0.09450681073523573 
1.992388214769393 -3.8007902696002835 -0.7339968037663167 7.339798322558258 13.463007842015015 -26.162397574562593 7.339798322558258 13.463007842015015 -26.162397574562593 7.339798322558258 13.463007842015015 -26.162397574562593 7.339798322558258 13.463007842015015 -26.162397574562593 7.339798322558258 13.463007842015015 -26.162397574562593 7.339798322558258 13.463007842015015 -26.162397574562593 7.339798322558258 13.463007842015015 -26.162397574562593 7.339798322558258 13.463007842015015 -26.162397574562593 7.339798322558258 13.463007842015015 -26.162397574562593 7.339798322558258 13.463007842015015 -26.162397574562593 1.446857094771663 -3.0610123170152352 0.20412096129897345 -0.9377059353483004 -4.406969892006422 -0.6705973147296579 2.145108832960747 -0.49932774958439785 0.475946246162541 -1.2918349654678591 -1.9662560792223773 -0.99875157416025 2.8481552038887803 1.2773344958119646 0.20391529501911973 0.36735276343307255 0.9868526478069434 -2.296078676834852 7.339798322558258 13.463007842015015 -26.162397574562593 7.339798322558258 13.463007842015015 -26.162397574562593 7.339798322558258 13.463007842015015 -26.162397574562593 7.339798322558258 13.463007842015015 -26.162397574562593 7.339798322558258 13.463007842015015 -26.162397574562593 7.339798322558258 13.463007842015015 -26.162397574562593 1.0584229405044345 0.7509169767166956 -0.10559577835215012 -1.0064338827299477 -0.4255575586534912 -0.016607579872181016 -0.7787254269016669 2.0150988469054796 0.8081684683645974 -1.448627066224488 2.0291234355588235 0.3629081642732874 -2.6436262624184783 3.0543090357745863 1.9438866131969357 -1.751331511237355 4.04627842750771 0.8226819793999732 7.339798322558258 13.463007842015015 -26.162397574562593 7.339798322558258 13.463007842015015 -26.162397574562593 7.339798322558258 13.463007842015015 -26.162397574562593 7.339798322558258 13.463007842015015 -26.162397574562593 0.2545755797116811 -3.733991104510829 -0.23323817671534217 0.02599452888724338 0.16267970903160214 -0.06110167911216556 0.19743031700557168 -2.759823401125221 -0.190204052314548 0.14028505429946225 -1.7856556977396134 -0.14716992791375386 0.11171242294640754 -1.2985718460468094 -0.12565286571335677 0.08313979159335282 -0.8114879943540056 -0.1041358035129597 
2.261644009958412 -3.5815525113529487 -0.774930381600183 7.278813894955134 13.383569722709382 -26.08311203131343 7.278813894955134 13.383569722709382 -26.08311203131343 7.278813894955134 13.383569722709382 -26.08311203131343 7.278813894955134 13.383569722709382 -26.08311203131343 7.278813894955134 13.383569722709382 -26.08311203131343 7.278813894955134 13.383569722709382 -26.08311203131343 7.278813894955134 13.383569722709382 -26.08311203131343 7.278813894955134 13.383569722709382 -26.08311203131343 7.278813894955134 13.383569722709382 -26.08311203131343 7.278813894955134 13.383569722709382 -26.08311203131343 1.6768653156998563 -2.7787956947604164 -0.22730457053792333 -1.1735272007918487 -4.790540552352523 -0.26902489174693756 2.1572679631732963 -0.4131387949349583 0.38810069078684106 -1.4936306209208188 -2.3049731297030047 -0.6384131705573244 3.101201002754959 1.737961466851918 -0.386371853831368 0.30636833582994855 0.907414528501311 -2.2167931335856865 7.278813894955134 13.383569722709382 -26.08311203131343 7.278813894955134 13.383569722709382 -26.08311203131343 7.278813894955134 13.383569722709382 -26.08311203131343 7.278813894955134 13.383569722709382 -26.08311203131343 7.278813894955134 13.383569722709382 -26.08311203131343 7.278813894955134 13.383569722709382 -26.08311203131343 1.0738189673176526 0.7287727732809552 -0.06611786799018268 -1.0128119648189935 -0.4392043266584025 0.03222463186591663 -0.7839996534993156 2.053372468190342 0.7461022268322826 -1.59509166144241 1.859413155088522 0.5557193106775884 -2.5314801758495755 3.1903580930220463 1.7609957494151192 -1.986624317411166 3.8309125248271463 1.0958132602718644 7.278813894955134 13.383569722709382 -26.08311203131343 7.278813894955134 13.383569722709382 -26.08311203131343 7.278813894955134 13.383569722709382 -26.08311203131343 7.278813894955134 13.383569722709382 -26.08311203131343 0.2516690574540037 -3.7846681235564694 -0.24816473114243015 0.03050350124932954 0.1447842233112764 -0.01694661806213304 0.19637766840283516 -2.802305036839533 -0.1903602028723559 0.14108627935166662 -1.8199419501225964 -0.1325556746022816 0.11344058482608235 -1.328760406764128 -0.10365341046724447 0.08579489030049808 -0.83757886340566 -0.07475114633220732 
1.9279902652876095 -3.9739619075980044 -0.5210698742136916 7.3776821264688435 13.463534288150823 -26.136218105898966 7.3776821264688435 13.463534288150823 -26.136218105898966 7.3776821264688435 13.463534288150823 -26.136218105898966 7.3776821264688435 13.463534288150823 -26.136218105898966 7.3776821264688435 13.463534288150823 -26.136218105898966 7.3776821264688435 13.463534288150823 -26.136218105898966 7.3776821264688435 13.463534288150823 -26.136218105898966 7.3776821264688435 13.463534288150823 -26.136218105898966 7.3776821264688435 13.463534288150823 -26.136218105898966 7.3776821264688435 13.463534288150823 -26.136218105898966 2.186375027680074 -1.9046307906455175 -0.8338757197193362 -1.7489471649544446 -5.738053279079837 0.6163390607647657 2.709313224978201 0.36742026265763217 -0.4659661007577287 -2.8112051625332986 -4.096348204394089 1.113781158947322 3.881504187989132 2.852901204104302 -1.723097864793518 0.40523656734365826 0.9873790939427535 -2.2698992081712235 7.3776821264688435 13.463534288150823 -26.136218105898966 7.3776821264688435 13.463534288150823 -26.136218105898966 7.3776821264688435 13.463534288150823 -26.136218105898966 7.3776821264688435 13.463534288150823 -26.136218105898966 7.3776821264688435 13.463534288150823 -26.136218105898966 7.3776821264688435 13.463534288150823 -26.136218105898966 1.6169164549548358 1.3876078445045186 -0.7325549385919323 -1.52999247342899 -1.0856266546209263 0.7639800486990245 -0.4129710060847049 2.439037976389932 0.3584060987287751 -1.906600852563439 1.5088680897324132 0.9985962143805371 -2.002941786743831 3.7074610954373006 1.1806862675466225 -2.314677281924784 3.547945269569551 1.5146748571803883 7.3776821264688435 13.463534288150823 -26.136218105898966 7.3776821264688435 13.463534288150823 -26.136218105898966 7.3776821264688435 13.463534288150823 -26.136218105898966 7.3776821264688435 13.463534288150823 -26.136218105898966 0.21871393136281472 -3.8213420348626777 -0.10876832947728528 0.04346199076292287 0.1509905949417961 0.015712555053546035 0.17490094621284175 -2.8282588774115593 -0.07764810834457744 0.1310879610628688 -1.8351757199604408 -0.04652788721186962 0.10918146848788232 -1.3386341412348817 -0.03096777664551571 0.08727497591289583 -0.8420925625093224 -0.015407666079161794 
1.9449587640647652 -3.929160767342864 -0.5461671654864716 7.3986294491884435 13.497337434802345 -26.15376062894895 7.3986294491884435 13.497337434802345 -26.15376062894895 7.3986294491884435 13.497337434802345 -26.15376062894895 7.3986294491884435 13.497337434802345 -26.15376062894895 7.3986294491884435 13.497337434802345 -26.15376062894895 7.3986294491884435 13.497337434802345 -26.15376062894895 7.3986294491884435 13.497337434802345 -26.15376062894895 7.3986294491884435 13.497337434802345 -26.15376062894895 7.3986294491884435 13.497337434802345 -26.15376062894895 7.3986294491884435 13.497337434802345 -26.15376062894895 2.109398839878871 -2.1337885753547043 -0.7806971148368561 -1.7656573183593518 -5.77690963716557 0.6484326516273858 2.7358150017622362 0.3950406100459434 -0.4982704959963859 -2.8079934959036033 -4.101733557409399 1.1032143915402985 3.8821962563949484 2.878033912062866 -1.7243881499729656 0.4261838900632577 1.0211822405942732 -2.28744173122121 7.3986294491884435 13.497337434802345 -26.15376062894895 7.3986294491884435 13.497337434802345 -26.15376062894895 7.3986294491884435 13.497337434802345 -26.15376062894895 7.3986294491884435 13.497337434802345 -26.15376062894895 7.3986294491884435 13.497337434802345 -26.15376062894895 7.3986294491884435 13.497337434802345 -26.15376062894895 1.665379645325061 1.4483970288712429 -0.7547341670432611 -1.5471027839595914 -1.0830176524136432 0.7718871033672391 -0.3922688721853379 2.4774851620964498 0.3450687277569595 -1.9640746310965842 1.4758986832549428 1.0440167698025251 -1.9259805615968124 3.7897880398854267 1.131130975481139 -2.3608547343878805 3.5387845128750093 1.5479482049816276 7.3986294491884435 13.497337434802345 -26.15376062894895 7.3986294491884435 13.497337434802345 -26.15376062894895 7.3986294491884435 13.497337434802345 -26.15376062894895 7.3986294491884435 13.497337434802345 -26.15376062894895 0.17187076075975966 -3.9553491062601376 -0.06613223160473505 0.05913843068273475 0.1826896882287998 0.008576468161989008 0.14368767824050344 -2.9208394076379034 -0.04745505666305404 0.1155045957212472 -1.886329709015669 -0.028777881721373022 0.10141305446161908 -1.369074859704552 -0.019439294250532514 0.08732151320199097 -0.8518200103934346 -0.010100706779692006 
2.23645513885084 -3.645970850722097 -0.7024128409567109 7.318286851127374 13.410161822744774 -26.107046651088325 7.318286851127374 13.410161822744774 -26.107046651088325 7.318286851127374 13.410161822744774 -26.107046651088325 7.318286851127374 13.410161822744774 -26.107046651088325 7.318286851127374 13.410161822744774 -26.107046651088325 7.318286851127374 13.410161822744774 -26.107046651088325 7.318286851127374 13.410161822744774 -26.107046651088325 7.318286851127374 13.410161822744774 -26.107046651088325 7.318286851127374 13.410161822744774 -26.107046651088325 7.318286851127374 13.410161822744774 -26.107046651088325 1.8780998461836855 -2.4152441465422703 -0.6018608906273537 -1.5157743835396484 -5.338210579505183 0.2458907580492116 2.4565495598128315 0.07169624519513947 -0.1689609254778743 -1.9469794057741987 -2.9286880759785787 -0.05926654939561593 3.1448927985958233 1.8744470490603609 -0.531418852830088 0.34584129200218927 0.9340066285367039 -2.2407277533605816 7.318286851127374 13.410161822744774 -26.107046651088325 7.318286851127374 13.410161822744774 -26.107046651088325 7.318286851127374 13.410161822744774 -26.107046651088325 7.318286851127374 13.410161822744774 -26.107046651088325 7.318286851127374 13.410161822744774 -26.107046651088325 7.318286851127374 13.410161822744774 -26.107046651088325 1.3977404729185385 1.1397446982695616 -0.4339990272274892 -1.26302803497232 -0.7466023931925717 0.4222392825016898 -0.4675605562851016 2.332605192191645 0.46186649997976453 -1.857932152459726 1.6062019478477032 0.8843047395218354 -2.104301672759728 3.586533599230475 1.2761813014049996 -2.3040029025731825 3.5294806856090926 1.448164258418239 7.318286851127374 13.410161822744774 -26.107046651088325 7.318286851127374 13.410161822744774 -26.107046651088325 7.318286851127374 13.410161822744774 -26.107046651088325 7.318286851127374 13.410161822744774 -26.107046651088325 0.1811627313220184 -3.8767273630237264 -0.17798506628907115 0.0673562189731093 0.19657115253849497 -0.005879872362899684 0.15271110323479115 -2.858402734133171 -0.1349587678075283 0.12425947514756386 -1.8400781052426158 -0.09193246932598542 0.11003366110395021 -1.3309157907973381 -0.07041932008521398 0.09580784706033657 -0.8217534763520604 -0.048906170844442556 
2.319847485081792 -3.4217673801026676 -1.0424817622580078 7.516179105402642 13.600565092452959 -26.285683218513235 7.516179105402642 13.600565092452959 -26.285683218513235 7.516179105402642 13.600565092452959 -26.285683218513235 7.516179105402642 13.600565092452959 -26.285683218513235 7.516179105402642 13.600565092452959 -26.285683218513235 7.516179105402642 13.600565092452959 -26.285683218513235 7.516179105402642 13.600565092452959 -26.285683218513235 7.516179105402642 13.600565092452959 -26.285683218513235 7.516179105402642 13.600565092452959 -26.285683218513235 7.516179105402642 13.600565092452959 -26.285683218513235 1.65514229458977 -2.9355039962146514 0.12807304164854647 -0.9377616065756915 -4.443955230746796 -0.7305894622945871 2.2194740805038133 -0.48525147376543293 0.47088915134229625 -1.6163272652662781 -2.2772077306235787 -0.9372024309359069 2.990602537767346 1.5501634347457103 -0.10998446165076985 -0.800272298357036 -0.2863065849782236 -1.2508799672189703 7.516179105402642 13.600565092452959 -26.285683218513235 7.516179105402642 13.600565092452959 -26.285683218513235 7.516179105402642 13.600565092452959 -26.285683218513235 7.516179105402642 13.600565092452959 -26.285683218513235 7.516179105402642 13.600565092452959 -26.285683218513235 7.516179105402642 13.600565092452959 -26.285683218513235 1.4157278979151393 1.054612421337206 -0.20087728378953643 -0.9561845458453728 -0.3153516718848572 -0.1518351634163568 -0.5932129686995165 2.1829048421043176 0.7560510657573837 -1.5502884757613573 1.9642982117869041 0.38242915625390184 -2.3380700865086665 3.3156825152136213 1.8704760754239171 -1.8086770488439317 4.097682643128446 0.8159320411381064 7.516179105402642 13.600565092452959 -26.285683218513235 7.516179105402642 13.600565092452959 -26.285683218513235 7.516179105402642 13.600565092452959 -26.285683218513235 7.516179105402642 13.600565092452959 -26.285683218513235 0.3586903440070391 -3.689729613480724 -0.3012582103230203 0.2297716760348833 0.3696303747261744 -0.17635622360294662 0.32646067701400017 -2.6748896164289993 -0.27003271364300185 0.2942310100209612 -1.6600496193772747 -0.23880721696298346 0.2781161765244417 -1.1526296208514124 -0.22319446862297426 0.2620013430279222 -0.6452096223255501 -0.20758172028296504 
2.385837197799734 -3.371734739025432 -1.1181893061775792 7.537818068669508 13.613274217665074 -26.32148989925684 7.537818068669508 13.613274217665074 -26.32148989925684 7.537818068669508 13.613274217665074 -26.32148989925684 7.537818068669508 13.613274217665074 -26.32148989925684 7.537818068669508 13.613274217665074 -26.32148989925684 7.537818068669508 13.613274217665074 -26.32148989925684 7.537818068669508 13.613274217665074 -26.32148989925684 7.537818068669508 13.613274217665074 -26.32148989925684 7.537818068669508 13.613274217665074 -26.32148989925684 7.537818068669508 13.613274217665074 -26.32148989925684 1.833112366910851 -2.781818322888744 0.0645984012824313 -0.8529613061559701 -4.329056144744192 -0.8419237353773648 2.3148467116226943 -0.40101992133423087 0.4269952766574993 -1.7737017285586487 -2.3650658511101494 -0.9661367811150323 2.9036499534410813 1.3116950488946038 0.2785968018361454 -0.9293180475914495 -0.30644036287483345 -1.2643764801918604 7.537818068669508 13.613274217665074 -26.32148989925684 7.537818068669508 13.613274217665074 -26.32148989925684 7.537818068669508 13.613274217665074 -26.32148989925684 7.537818068669508 13.613274217665074 -26.32148989925684 7.537818068669508 13.613274217665074 -26.32148989925684 7.537818068669508 13.613274217665074 -26.32148989925684 1.383205651600284 1.0523326098981582 -0.1621271679805815 -1.064030650511549 -0.3486750103803943 -0.13938167599722562 -0.3615744685005179 2.3173639023795607 0.6499874440147001 -1.5285991096393168 2.0061130701964065 0.33913419316247945 -2.316080200755583 3.285454081059282 1.8731617079343201 -1.9943863696616135 3.9308516399299354 0.8596613219520816 7.537818068669508 13.613274217665074 -26.32148989925684 7.537818068669508 13.613274217665074 -26.32148989925684 7.537818068669508 13.613274217665074 -26.32148989925684 7.537818068669508 13.613274217665074 -26.32148989925684 0.4900755303774406 -3.5554372338164684 -0.38866266704746666 0.15958750054436738 0.35182879975888204 -0.15075442198890354 0.4074535229191723 -2.5786207254226308 -0.32918560578282585 0.324831515460904 -1.6018042170287932 -0.2697085445181851 0.28352051173176984 -1.1133959628318744 -0.2399700138858647 0.2422095080026357 -0.6249877086349556 -0.21023148325354432 
2.3037280138486373 -3.5336541320428054 -0.9831681782780389 7.341066157843108 13.381414998006857 -26.13788478501691 7.341066157843108 13.381414998006857 -26.13788478501691 7.341066157843108 13.381414998006857 -26.13788478501691 7.341066157843108 13.381414998006857 -26.13788478501691 7.341066157843108 13.381414998006857 -26.13788478501691 7.341066157843108 13.381414998006857 -26.13788478501691 7.341066157843108 13.381414998006857 -26.13788478501691 7.341066157843108 13.381414998006857 -26.13788478501691 7.341066157843108 13.381414998006857 -26.13788478501691 7.341066157843108 13.381414998006857 -26.13788478501691 1.6142578019400753 -3.0980187828875883 0.3630820699178721 -0.828238287095629 -4.2474499610870975 -0.9238608360248339 2.0316358071347524 -0.7441209214560528 0.8685828845840127 -0.9776731241370491 -1.3581210439022937 -1.8876261845916484 2.7141078088164705 1.026566164949761 0.5883455462343198 -0.14766351214844728 0.7353228935218624 -2.3425588352766997 7.341066157843108 13.381414998006857 -26.13788478501691 7.341066157843108 13.381414998006857 -26.13788478501691 7.341066157843108 13.381414998006857 -26.13788478501691 7.341066157843108 13.381414998006857 -26.13788478501691 7.341066157843108 13.381414998006857 -26.13788478501691 7.341066157843108 13.381414998006857 -26.13788478501691 1.028001078973613 0.6188931638654303 0.2829749998070729 -1.0179411401440064 -0.2929289379035675 -0.1788517945900851 -0.6909837463426256 1.9322446621679628 1.0647955715321817 -1.4704320693194524 2.120517388467825 0.0686674493991773 -2.874856223265282 2.688810723094588 2.5020278217727183 -1.6839424082610952 4.151938783211914 0.5775894855139593 7.341066157843108 13.381414998006857 -26.13788478501691 7.341066157843108 13.381414998006857 -26.13788478501691 7.341066157843108 13.381414998006857 -26.13788478501691 7.341066157843108 13.381414998006857 -26.13788478501691 0.39300975742222305 -3.672734371987343 -0.280389383053481 0.0050299694148032825 0.16298211298093138 0.052061602608493886 0.2960148104203681 -2.713805250745274 -0.19727663663798728 0.19901986341851316 -1.7548761295032058 -0.11416389022249356 0.15052238991758568 -1.2754115688821714 -0.0726075170147467 0.10202491641665822 -0.7959470082611372 -0.031051143806999835 
2.313835043286046 -3.5156312764248847 -0.9747143208137996 7.372677028970761 13.416997664252891 -26.148695493482425 7.372677028970761 13.416997664252891 -26.148695493482425 7.372677028970761 13.416997664252891 -26.148695493482425 7.372677028970761 13.416997664252891 -26.148695493482425 7.372677028970761 13.416997664252891 -26.148695493482425 7.372677028970761 13.416997664252891 -26.148695493482425 7.372677028970761 13.416997664252891 -26.148695493482425 7.372677028970761 13.416997664252891 -26.148695493482425 7.372677028970761 13.416997664252891 -26.148695493482425 7.372677028970761 13.416997664252891 -26.148695493482425 1.7004362799171246 -2.9834563668314127 0.30480705613751324 -0.7863725651705239 -4.174805448314747 -0.973649955336186 2.0325854475411465 -0.7494571200983421 0.9138962461967803 -1.0896435088915168 -1.4319710983694047 -1.8561647963922503 2.7148974634602627 1.0111879668614356 0.604902208461106 -0.2787521328741532 0.643311355892961 -2.340501994178085 7.372677028970761 13.416997664252891 -26.148695493482425 7.372677028970761 13.416997664252891 -26.148695493482425 7.372677028970761 13.416997664252891 -26.148695493482425 7.372677028970761 13.416997664252891 -26.148695493482425 7.372677028970761 13.416997664252891 -26.148695493482425 7.372677028970761 13.416997664252891 -26.148695493482425 1.0768457957069522 0.6455217311433813 0.26159073820209805 -1.023061770975187 -0.32014011670926984 -0.16777261719591252 -0.6849313872626851 1.9150452273545826 1.0929202951196721 -1.4788108331907825 2.1046824024704955 0.07211867450446355 -2.8712894661370587 2.6572376943554725 2.541869609624626 -1.625738365409593 4.198475048669752 0.52069885566996 7.372677028970761 13.416997664252891 -26.148695493482425 7.372677028970761 13.416997664252891 -26.148695493482425 7.372677028970761 13.416997664252891 -26.148695493482425 7.372677028970761 13.416997664252891 -26.148695493482425 0.4570318573733003 -3.57913090757308 -0.3344214495993364 0.02689201236588264 0.16269080721705576 0.04690906050309276 0.3494968961214459 -2.643675478875546 -0.2390888220737291 0.24196193486959147 -1.708220050178012 -0.14375619454812183 0.18819445424366427 -1.240492335829245 -0.09608988078531819 0.13442697361773706 -0.7727646214804782 -0.04842356702251453 
2.337410222600864 -3.5112183384177866 -0.972635057702383 7.452694852371506 13.455421113192108 -26.208079359410593 7.452694852371506 13.455421113192108 -26.208079359410593 7.452694852371506 13.455421113192108 -26.208079359410593 7.452694852371506 13.455421113192108 -26.208079359410593 7.452694852371506 13.455421113192108 -26.208079359410593 7.452694852371506 13.455421113192108 -26.208079359410593 7.452694852371506 13.455421113192108 -26.208079359410593 7.452694852371506 13.455421113192108 -26.208079359410593 7.452694852371506 13.455421113192108 -26.208079359410593 7.452694852371506 13.455421113192108 -26.208079359410593 1.7223069537926723 -2.950159957641686 0.2637540124645846 -0.8759763715672733 -4.283184174995529 -0.9171946736313165 2.048872749026719 -0.7758806183340722 0.8779433282073745 -1.2442118298324683 -1.597437948294675 -1.7611966633068767 2.744456402718505 1.0352463525522655 0.5600322346221622 -0.431047359485678 0.5619734411227378 -2.2565114893456095 7.452694852371506 13.455421113192108 -26.208079359410593 7.452694852371506 13.455421113192108 -26.208079359410593 7.452694852371506 13.455421113192108 -26.208079359410593 7.452694852371506 13.455421113192108 -26.208079359410593 7.452694852371506 13.455421113192108 -26.208079359410593 7.452694852371506 13.455421113192108 -26.208079359410593 1.111468230039676 0.7038529103492437 0.23010965023768934 -1.0034894457239996 -0.2763905302039536 -0.1593077474090235 -0.6137326070555148 1.9875806940593992 1.034802169273638 -1.3835248524346575 2.1825061033062254 0.04421009108219459 -2.884056463392766 2.6622960513314333 2.5433817026030736 -1.5284756286860348 4.260816015166441 0.5126124429044766 7.452694852371506 13.455421113192108 -26.208079359410593 7.452694852371506 13.455421113192108 -26.208079359410593 7.452694852371506 13.455421113192108 -26.208079359410593 7.452694852371506 13.455421113192108 -26.208079359410593 0.4231652911126996 -3.6166720663186074 -0.3267203305833661 0.053989392157838295 0.21373119007264502 0.03540095141433293 0.33087131637398426 -2.6590712522207944 -0.23619001008394133 0.23857734163526895 -1.7014704381229813 -0.14565968958451658 0.1924303542659113 -1.2226700310740748 -0.10039452933480421 0.14628336689655363 -0.7438696240251681 -0.05512936908509183 
2.337342278241021 -3.531809847516525 -0.9478488124469495 7.408716967823586 13.408935735278249 -26.18049099394485 7.408716967823586 13.408935735278249 -26.18049099394485 7.408716967823586 13.408935735278249 -26.18049099394485 7.408716967823586 13.408935735278249 -26.18049099394485 7.408716967823586 13.408935735278249 -26.18049099394485 7.408716967823586 13.408935735278249 -26.18049099394485 7.408716967823586 13.408935735278249 -26.18049099394485 7.408716967823586 13.408935735278249 -26.18049099394485 7.408716967823586 13.408935735278249 -26.18049099394485 7.408716967823586 13.408935735278249 -26.18049099394485 1.5970555786339267 -3.083221846708569 0.3923784604580394 -0.6983690250411833 -4.082017940584315 -1.0791805553479745 1.750173386436365 -1.0962075474761666 1.1217315597625954 -1.0043879902217545 -1.3635840539409498 -1.9247302289078798 2.6089639514478806 0.889186828020145 0.6912122148674248 -0.10977712461781668 0.8541800287477685 -2.496151665664748 7.408716967823586 13.408935735278249 -26.18049099394485 7.408716967823586 13.408935735278249 -26.18049099394485 7.408716967823586 13.408935735278249 -26.18049099394485 7.408716967823586 13.408935735278249 -26.18049099394485 7.408716967823586 13.408935735278249 -26.18049099394485 7.408716967823586 13.408935735278249 -26.18049099394485 0.9604130652423689 0.5792102452702592 0.32618493992402453 -0.8944480150043504 -0.16753361799532734 -0.2592999162785397 -0.6577104916034341 1.9410953161455398 1.062390534739379 -1.296125591957022 2.2942770556055763 -0.0803905525814227 -3.1070779984689785 2.4435626912934376 2.786077113283674 -1.4860520230870256 4.322862689139131 0.4076269081923808 7.408716967823586 13.408935735278249 -26.18049099394485 7.408716967823586 13.408935735278249 -26.18049099394485 7.408716967823586 13.408935735278249 -26.18049099394485 7.408716967823586 13.408935735278249 -26.18049099394485 0.44934327679637165 -3.5826198936464424 -0.3434010474449676 0.03298252511900919 0.20583831363746594 0.033442511822742424 0.34525308887703104 -2.6355053418254655 -0.2491901576280401 0.2411629009576904 -1.6883907900044883 -0.15497926781111257 0.1891178069980201 -1.2148335140939999 -0.10787382290264882 0.1370727130383498 -0.7412762381835112 -0.06076837799418507 
2.26960577584628 -3.577197837581124 -0.9274231520168159 7.34907211468352 13.350789273515947 -26.11767803863902 7.34907211468352 13.350789273515947 -26.11767803863902 7.34907211468352 13.350789273515947 -26.11767803863902 7.34907211468352 13.350789273515947 -26.11767803863902 7.34907211468352 13.350789273515947 -26.11767803863902 7.34907211468352 13.350789273515947 -26.11767803863902 7.34907211468352 13.350789273515947 -26.11767803863902 7.34907211468352 13.350789273515947 -26.11767803863902 7.34907211468352 13.350789273515947 -26.11767803863902 7.34907211468352 13.350789273515947 -26.11767803863902 1.8518956344607862 -2.8224477258283893 0.2762067723447846 -0.8878316371197918 -4.229756581344903 -0.9887458616771234 2.0251921810688036 -0.8462677665718978 1.0178574484517011 -1.230556997850391 -1.540476612388494 -1.8559000590085737 2.661748020546251 0.9192950665376699 0.6973870593012607 -0.22679305518015214 0.7657502320116333 -2.5168218485813783 7.34907211468352 13.350789273515947 -26.11767803863902 7.34907211468352 13.350789273515947 -26.11767803863902 7.34907211468352 13.350789273515947 -26.11767803863902 7.34907211468352 13.350789273515947 -26.11767803863902 7.34907211468352 13.350789273515947 -26.11767803863902 7.34907211468352 13.350789273515947 -26.11767803863902 1.2282318653017874 0.8176375302239272 0.19277797405479996 -1.0276033188056224 -0.2602712064939632 -0.22457232879989217 -0.5997698520115131 1.9511437796670876 1.0879180120575043 -1.4423816804683531 2.144199760270019 -0.002254815151950223 -2.984414216071643 2.481607548300612 2.75170239074772 -1.637322719716454 4.196783813197814 0.49186840827793554 7.34907211468352 13.350789273515947 -26.11767803863902 7.34907211468352 13.350789273515947 -26.11767803863902 7.34907211468352 13.350789273515947 -26.11767803863902 7.34907211468352 13.350789273515947 -26.11767803863902 0.48203199867049734 -3.526102153586646 -0.3562695446661695 0.10031427324808244 0.278683161864982 -0.015897177372546097 0.3866025673148936 -2.574905824723739 -0.27117645284276365 0.2911731359592899 -1.623709495860832 -0.1860833610193578 0.24345842028148804 -1.1481113314293785 -0.14353681510765487 0.19574370460368617 -0.672513166997925 -0.10099026919595194 
2.3850024992917906 -3.4299808806280736 -1.0656681595251671 7.440166549396274 13.473833819481428 -26.247816915622636 7.440166549396274 13.473833819481428 -26.247816915622636 7.440166549396274 13.473833819481428 -26.247816915622636 7.440166549396274 13.473833819481428 -26.247816915622636 7.440166549396274 13.473833819481428 -26.247816915622636 7.440166549396274 13.473833819481428 -26.247816915622636 7.440166549396274 13.473833819481428 -26.247816915622636 7.440166549396274 13.473833819481428 -26.247816915622636 7.440166549396274 13.473833819481428 -26.247816915622636 7.440166549396274 13.473833819481428 -26.247816915622636 1.9743947426759298 -2.7250845005119273 0.15971653509237535 -0.9447616000910579 -4.37453186241106 -0.8250008065240296 2.1297188279783286 -0.6729162454085115 0.7026449446462629 -1.7076601964108584 -2.2120663489610615 -1.1147434782959849 2.8190363107429715 1.1435456845235468 0.4542748469179497 -0.3451730347575365 0.6383601901341508 -2.3364607830621282 7.440166549396274 13.473833819481428 -26.247816915622636 7.440166549396274 13.473833819481428 -26.247816915622636 7.440166549396274 13.473833819481428 -26.247816915622636 7.440166549396274 13.473833819481428 -26.247816915622636 7.440166549396274 13.473833819481428 -26.247816915622636 7.440166549396274 13.473833819481428 -26.247816915622636 1.3415060032962218 0.9704934729531405 -0.009073598238408524 -1.0407628298705194 -0.29475094349177694 -0.163724157256053 -0.4612545170972651 2.133795890788962 0.8628522612684573 -1.559846076414469 2.00850388342319 0.19580918955823315 -2.7731125938647123 2.787294129188807 2.3871370379327903 -1.8170875354788274 4.027337530400645 0.752236167485708 7.440166549396274 13.473833819481428 -26.247816915622636 7.440166549396274 13.473833819481428 -26.247816915622636 7.440166549396274 13.473833819481428 -26.247816915622636 7.440166549396274 13.473833819481428 -26.247816915622636 0.5148165712924361 -3.5498081814614935 -0.33264213571582707 0.15037158671285122 0.33787126473068174 -0.08639887774723076 0.4237053251475399 -2.5778883199134497 -0.271081321223678 0.33259407900264365 -1.605968458365406 -0.20952050673152892 0.28703845593019556 -1.120008527591384 -0.17874009948545438 0.24148283285774744 -0.6340485968173621 -0.14795969223937983 
2.2912049652602353 -3.631482324549906 -1.0135308273515584 7.482064580826933 13.479584911328889 -26.27433636730388 7.482064580826933 13.479584911328889 -26.27433636730388 7.482064580826933 13.479584911328889 -26.27433636730388 7.482064580826933 13.479584911328889 -26.27433636730388 7.482064580826933 13.479584911328889 -26.27433636730388 7.482064580826933 13.479584911328889 -26.27433636730388 7.482064580826933 13.479584911328889 -26.27433636730388 7.482064580826933 13.479584911328889 -26.27433636730388 7.482064580826933 13.479584911328889 -26.27433636730388 7.482064580826933 13.479584911328889 -26.27433636730388 2.0356081329105993 -2.621980667402306 0.06151794491442202 -0.9334388607968701 -4.332003454518009 -0.9327625951423749 2.1380198201750127 -0.7470531108629012 0.8273031479838094 -1.7951324413542589 -2.2108111768163043 -1.233955300154476 2.881133654909476 1.1424783248788792 0.5014927509908947 -0.42753437214257556 0.6243448404219306 -2.3741256012775835 7.482064580826933 13.479584911328889 -26.27433636730388 7.482064580826933 13.479584911328889 -26.27433636730388 7.482064580826933 13.479584911328889 -26.27433636730388 7.482064580826933 13.479584911328889 -26.27433636730388 7.482064580826933 13.479584911328889 -26.27433636730388 7.482064580826933 13.479584911328889 -26.27433636730388 1.3058225219070703 0.9041462717044878 0.1101667989851249 -1.000579910551041 -0.22527016893130689 -0.2133397516797176 -0.49062009103551 2.1135498072950663 0.9741124408065722 -1.4105672913641336 2.194731092537768 0.05315005950078367 -2.921227303262217 2.6400378005201386 2.6472361477 -1.6726888246558127 4.149312765722404 0.5927347847241273 7.482064580826933 13.479584911328889 -26.27433636730388 7.482064580826933 13.479584911328889 -26.27433636730388 7.482064580826933 13.479584911328889 -26.27433636730388 7.482064580826933 13.479584911328889 -26.27433636730388 0.5510846360568646 -3.4769920609601574 -0.4356223251139764 0.15262130567801463 0.3394380513865905 -0.05158647634729632 0.4514688034621521 -2.5228845328734706 -0.33961336292230637 0.3518529708674396 -1.5687770047867835 -0.24360440073063638 0.30204505457008335 -1.09172324074344 -0.19559991963480136 0.2522371382727271 -0.6146694767000965 -0.14759543853896634 
2.2282073028043468 -3.7693612680377644 -0.8552854916842413 7.467524804200527 13.436711682789316 -26.240431232536547 7.467524804200527 13.436711682789316 -26.240431232536547 7.467524804200527 13.436711682789316 -26.240431232536547 7.467524804200527 13.436711682789316 -26.240431232536547 7.467524804200527 13.436711682789316 -26.240431232536547 7.467524804200527 13.436711682789316 -26.240431232536547 7.467524804200527 13.436711682789316 -26.240431232536547 7.467524804200527 13.436711682789316 -26.240431232536547 7.467524804200527 13.436711682789316 -26.240431232536547 7.467524804200527 13.436711682789316 -26.240431232536547 2.0514847518213273 -2.4717126883002605 -0.10462855844880083 -0.9862212841533134 -4.456579459697279 -0.7341498983045772 2.2692843410594024 -0.5212348874209837 0.4886258170997246 -1.8453126462515932 -2.378262371043681 -0.8968340007406894 2.909487800945984 1.2797143156037192 0.3402515103154455 -0.4420741487689818 0.5814716118823581 -2.3402204665102495 7.467524804200527 13.436711682789316 -26.240431232536547 7.467524804200527 13.436711682789316 -26.240431232536547 7.467524804200527 13.436711682789316 -26.240431232536547 7.467524804200527 13.436711682789316 -26.240431232536547 7.467524804200527 13.436711682789316 -26.240431232536547 7.467524804200527 13.436711682789316 -26.240431232536547 1.4415293915310416 1.080192292080706 -0.16171246285784716 -0.9890590381823494 -0.3250442648271961 -0.03901792817384366 -0.3846427918493224 2.242197635673119 0.7643095649658692 -1.6049241132477148 1.9418544471420962 0.436325136425371 -2.9293756875424988 2.768603646487286 2.2889156527996044 -1.7183838781663399 4.028160990457845 0.8134211251142316 7.467524804200527 13.436711682789316 -26.240431232536547 7.467524804200527 13.436711682789316 -26.240431232536547 7.467524804200527 13.436711682789316 -26.240431232536547 7.467524804200527 13.436711682789316 -26.240431232536547 0.532631733834007 -3.46414607399877 -0.4193892283766892 0.22623517667434603 0.3775740136267551 -0.10036519551584541 0.45603259454409173 -2.503716052092389 -0.33963322016147823 0.3794334552541765 -1.5432860301860076 -0.2598772119462673 0.34113388560921887 -1.063071019232817 -0.2199992078386618 0.30283431596426125 -0.5828560082796262 -0.18012120373105633 
2.2061618203892994 -3.741373380690459 -0.9084120694354835 7.515279413408549 13.496594335655 -26.278941711564247 7.515279413408549 13.496594335655 -26.278941711564247 7.515279413408549 13.496594335655 -26.278941711564247 7.515279413408549 13.496594335655 -26.278941711564247 7.515279413408549 13.496594335655 -26.278941711564247 7.515279413408549 13.496594335655 -26.278941711564247 7.515279413408549 13.496594335655 -26.278941711564247 7.515279413408549 13.496594335655 -26.278941711564247 7.515279413408549 13.496594335655 -26.278941711564247 7.515279413408549 13.496594335655 -26.278941711564247 1.7130744901354655 -2.9427336616259505 0.3042904528066506 -0.8681117228431382 -4.226865374626335 -0.976203977652543 2.145252619451367 -0.7074180045376579 0.6766761298869657 -1.639862379915548 -2.07853801112504 -1.2558154417866771 2.859317693036533 1.1810029997129388 0.4494116039719954 -0.4124921705256461 0.5479292564161478 -2.196852333962851 7.515279413408549 13.496594335655 -26.278941711564247 7.515279413408549 13.496594335655 -26.278941711564247 7.515279413408549 13.496594335655 -26.278941711564247 7.515279413408549 13.496594335655 -26.278941711564247 7.515279413408549 13.496594335655 -26.278941711564247 7.515279413408549 13.496594335655 -26.278941711564247 1.2391365255689564 0.8591950306096281 0.05674843161512465 -0.8972490766974195 -0.19338346904425793 -0.20005824802365252 -0.5385333285207792 2.117954757704971 0.9278361408701474 -1.4099997014052577 2.2054935774975513 0.10103562206187275 -2.7910447612499967 2.7954053584288108 2.3945471882213076 -1.6056500074238684 4.183330921279659 0.6267965014271448 7.515279413408549 13.496594335655 -26.278941711564247 7.515279413408549 13.496594335655 -26.278941711564247 7.515279413408549 13.496594335655 -26.278941711564247 7.515279413408549 13.496594335655 -26.278941711564247 0.4224813836461636 -3.584799518126143 -0.33595676242294614 0.17094372443576838 0.33290578078268507 -0.07165490820426391 0.3595969688435648 -2.605373193398936 -0.2698812988682756 0.29671255404096597 -1.625946868671729 -0.20380583531360502 0.2652703466396666 -1.1362337063081256 -0.17076810353626976 0.23382813923836718 -0.6465205439445221 -0.13773037175893446 
2.3056031025728254 -3.668352719470127 -0.9287302433328333 7.569804534364847 13.50999165913369 -26.234517759303436 7.569804534364847 13.50999165913369 -26.234517759303436 7.569804534364847 13.50999165913369 -26.234517759303436 7.569804534364847 13.50999165913369 -26.234517759303436 7.569804534364847 13.50999165913369 -26.234517759303436 7.569804534364847 13.50999165913369 -26.234517759303436 7.569804534364847 13.50999165913369 -26.234517759303436 7.569804534364847 13.50999165913369 -26.234517759303436 7.569804534364847 13.50999165913369 -26.234517759303436 7.569804534364847 13.50999165913369 -26.234517759303436 2.009543578542309 -2.405046441275598 -0.4305839578450522 -1.1897708364959936 -4.847723553712395 -0.36143462738218474 2.369934570569046 -0.3948174592518017 0.3109106304043417 -2.223991768231596 -2.9569360270385983 -0.25353648960809366 3.215297470270501 1.769678510956462 -0.2823861471683716 -0.35796704956934844 0.5613265798948354 -2.1524283817020406 7.569804534364847 13.50999165913369 -26.234517759303436 7.569804534364847 13.50999165913369 -26.234517759303436 7.569804534364847 13.50999165913369 -26.234517759303436 7.569804534364847 13.50999165913369 -26.234517759303436 7.569804534364847 13.50999165913369 -26.234517759303436 7.569804534364847 13.50999165913369 -26.234517759303436 1.4064132021352864 1.057543012948136 -0.1813620043875349 -1.0003927691753125 -0.34406643050937985 0.07032913418508455 -0.24847983715936256 2.4288681213484256 0.5043224386696334 -1.7909854017911042 1.7696005251391167 0.6997103956086147 -2.5482716413153663 3.17646538819423 1.8529557373403893 -1.9469326203518937 3.8534604927766627 1.1522335152180785 7.569804534364847 13.50999165913369 -26.234517759303436 7.569804534364847 13.50999165913369 -26.234517759303436 7.569804534364847 13.50999165913369 -26.234517759303436 7.569804534364847 13.50999165913369 -26.234517759303436 0.4098863710231577 -3.6263849974939966 -0.39600929261361834 0.20301021647998693 0.35673829121937806 -0.05551643510122518 0.35816733238736503 -2.630604175315653 -0.31088607823552006 0.30644829375157234 -1.6348233531373093 -0.22576286385742175 0.280588774433676 -1.1369329420481376 -0.18320125666837261 0.25472925511577965 -0.6390425309589656 -0.14063964947932348 
2.539510845867711 -3.396402395905014 -1.1324428269080689 7.7496531220771 13.761357687470225 -26.43820375348463 7.7496531220771 13.761357687470225 -26.43820375348463 7.7496531220771 13.761357687470225 -26.43820375348463 7.7496531220771 13.761357687470225 -26.43820375348463 7.7496531220771 13.761357687470225 -26.43820375348463 7.7496531220771 13.761357687470225 -26.43820375348463 7.7496531220771 13.761357687470225 -26.43820375348463 7.7496531220771 13.761357687470225 -26.43820375348463 7.7496531220771 13.761357687470225 -26.43820375348463 7.7496531220771 13.761357687470225 -26.43820375348463 2.932140333483233 -0.9205158437522643 -2.0782241761804507 -2.6044581743208215 -7.1390283310414215 1.9244360937544132 2.5497831582812993 -0.14345143091526436 0.10722463622314858 -4.702663289802156 -6.556764412702443 3.5968438785440298 4.740072171512017 4.190013741213475 -3.2939108992714594 -0.17811846185709534 0.8126926082313728 -2.3561143758832337 7.7496531220771 13.761357687470225 -26.43820375348463 7.7496531220771 13.761357687470225 -26.43820375348463 7.7496531220771 13.761357687470225 -26.43820375348463 7.7496531220771 13.761357687470225 -26.43820375348463 7.7496531220771 13.761357687470225 -26.43820375348463 7.7496531220771 13.761357687470225 -26.43820375348463 2.3068082512462884 2.325154703727594 -1.6723680533601901 -1.750571994447539 -1.4277001815395236 1.4593614022315837 0.2821300456326604 3.1982134775373123 -0.35746918396748584 -2.1305009205021133 1.3698079722736132 1.3943820367477788 -1.8869323506142253 4.001298732741341 0.851696547748749 -2.097199614479232 3.6866813601312924 1.556584920321142 7.7496531220771 13.761357687470225 -26.43820375348463 7.7496531220771 13.761357687470225 -26.43820375348463 7.7496531220771 13.761357687470225 -26.43820375348463 7.7496531220771 13.761357687470225 -26.43820375348463 0.16384107958120553 -4.029772087396843 -0.07689404121301886 0.2781181283993746 0.44872726109403527 -0.10650332556430314 0.19241034178574778 -2.9101472502741235 -0.08429636230083992 0.22097960399029007 -1.790522413151404 -0.091698683388661 0.23526423509256122 -1.2307099945900442 -0.09539984393257153 0.24954886619483235 -0.6708975760286844 -0.09910100447648207 
2.790934333367641 -3.0667273775209427 -1.5283380011118894 7.891373424695086 13.990836524663512 -26.77261951304273 7.891373424695086 13.990836524663512 -26.77261951304273 7.891373424695086 13.990836524663512 -26.77261951304273 7.891373424695086 13.990836524663512 -26.77261951304273 7.891373424695086 13.990836524663512 -26.77261951304273 7.891373424695086 13.990836524663512 -26.77261951304273 7.891373424695086 13.990836524663512 -26.77261951304273 7.891373424695086 13.990836524663512 -26.77261951304273 7.891373424695086 13.990836524663512 -26.77261951304273 7.891373424695086 13.990836524663512 -26.77261951304273 3.034478047139348 -0.7181244363302556 -2.379612132358711 -2.089825386590275 -6.413595731047511 1.2027137876138858 2.6915034608992845 0.0860274062780227 -0.22719112333495156 -4.140555616389844 -5.8934656820919935 3.0360199012069318 4.881792474130002 4.419492578406762 -3.6283266588295593 -3.2664501945277906 -3.3648675840111095 2.599580029853627 7.891373424695086 13.990836524663512 -26.77261951304273 7.891373424695086 13.990836524663512 -26.77261951304273 7.891373424695086 13.990836524663512 -26.77261951304273 7.891373424695086 13.990836524663512 -26.77261951304273 7.891373424695086 13.990836524663512 -26.77261951304273 7.891373424695086 13.990836524663512 -26.77261951304273 2.3405980648659774 2.4966294975985766 -1.9336262486506104 -1.4044375834782863 -0.9748181886852388 0.9970812769731476 0.4118333852990901 3.3902298481618867 -0.6745706293239364 -1.7215783268082518 1.7897633349821966 0.8871915665543195 -1.7881470000653186 4.177996330116061 0.575090863602135 -1.7401456578415788 4.071460004143486 1.0739873678056386 7.891373424695086 13.990836524663512 -26.77261951304273 7.891373424695086 13.990836524663512 -26.77261951304273 7.891373424695086 13.990836524663512 -26.77261951304273 7.891373424695086 13.990836524663512 -26.77261951304273 0.47232633027453647 -3.565860083688883 -0.5884491723724127 0.4680802406938457 0.7609056544566688 -0.46827248583873143 0.47126480787936376 -2.4841686491524952 -0.5584050007389924 0.4702032854841911 -1.4024772146161073 -0.528360829105572 0.4696725242866048 -0.8616314973479133 -0.5133387432888619 0.4691417630890184 -0.32078578007971925 -0.4983166574721517 
2.8196910610189008 -3.0245249157896166 -1.5930524877933783 7.7442089328687596 13.761775634610972 -26.63038327963792 7.7442089328687596 13.761775634610972 -26.63038327963792 7.7442089328687596 13.761775634610972 -26.63038327963792 7.7442089328687596 13.761775634610972 -26.63038327963792 7.7442089328687596 13.761775634610972 -26.63038327963792 7.7442089328687596 13.761775634610972 -26.63038327963792 7.7442089328687596 13.761775634610972 -26.63038327963792 7.7442089328687596 13.761775634610972 -26.63038327963792 7.7442089328687596 13.761775634610972 -26.63038327963792 7.7442089328687596 13.761775634610972 -26.63038327963792 1.78664043757819 -2.6924640768748285 -0.2716895278773957 -0.5169969187842575 -3.8435933731985052 -1.3690415726789327 2.3269236031449565 -0.42436579029438265 0.19751283281452406 -1.2676661171121093 -1.7493593857346454 -1.4149510628513615 3.004087884946798 1.3899054158364454 0.04626513481646724 -3.4136146863541166 -3.5939284740636515 2.7418162632584373 7.7442089328687596 13.761775634610972 -26.63038327963792 7.7442089328687596 13.761775634610972 -26.63038327963792 7.7442089328687596 13.761775634610972 -26.63038327963792 7.7442089328687596 13.761775634610972 -26.63038327963792 7.7442089328687596 13.761775634610972 -26.63038327963792 7.7442089328687596 13.761775634610972 -26.63038327963792 1.356110054792465 1.2029836846101647 -0.43862126094278314 -0.4983480525767902 0.30125687485777125 -0.5941551251153399 -0.30652631910503714 2.438738287799478 0.40455812198227287 -1.1377848170316949 2.4381666941256173 -0.05298873014022032 -2.7642513181495203 3.116169092929469 1.9169821565655283 -1.3882648123677523 4.44101596579671 0.4273652579621547 7.7442089328687596 13.761775634610972 -26.63038327963792 7.7442089328687596 13.761775634610972 -26.63038327963792 7.7442089328687596 13.761775634610972 -26.63038327963792 7.7442089328687596 13.761775634610972 -26.63038327963792 0.6348217593969663 -3.268028725036667 -0.820365550278164 0.4288810011078373 0.752120279733968 -0.5163881930290615 0.583336569824684 -2.262991473844008 -0.7443712109658884 0.5318513802524018 -1.2579542226513494 -0.6683768716536127 0.5061087854662607 -0.7554355970550201 -0.6303797019974748 0.48036619068011954 -0.2529169714586907 -0.5923825323413371 
2.515873767011843 -3.3740183460252764 -1.3826266930431312 7.759049291843862 13.798616775842842 -26.650924824396924 7.759049291843862 13.798616775842842 -26.650924824396924 7.759049291843862 13.798616775842842 -26.650924824396924 7.759049291843862 13.798616775842842 -26.650924824396924 7.759049291843862 13.798616775842842 -26.650924824396924 7.759049291843862 13.798616775842842 -26.650924824396924 7.759049291843862 13.798616775842842 -26.650924824396924 7.759049291843862 13.798616775842842 -26.650924824396924 7.759049291843862 13.798616775842842 -26.650924824396924 7.759049291843862 13.798616775842842 -26.650924824396924 2.01581972513309 -2.4146625438396416 -0.48534376411092484 -0.6823302845062879 -4.148517490670555 -1.099815554846518 2.422316491934363 -0.27364581900159884 0.13790047481643022 -1.6157426301506685 -2.0959236203712353 -1.1480445369401153 3.1282723365980836 1.5515263822133831 -0.0347895673859967 -3.3987743273790136 -3.557087332831781 2.7212747184994317 7.759049291843862 13.798616775842842 -26.650924824396924 7.759049291843862 13.798616775842842 -26.650924824396924 7.759049291843862 13.798616775842842 -26.650924824396924 7.759049291843862 13.798616775842842 -26.650924824396924 7.759049291843862 13.798616775842842 -26.650924824396924 7.759049291843862 13.798616775842842 -26.650924824396924 1.7386973808099657 1.5539818139918418 -0.7112367191462888 -0.590554858065969 0.18469903549680833 -0.46123453416327054 -0.1990734147319001 2.6006808153872014 0.23444714434636899 -1.4207464690371485 2.1457891467625525 0.1509882406083944 -2.397481048110269 3.4546370607092243 1.5240979721472272 -1.5162766695060474 4.37254089817912 0.5543828192183741 7.759049291843862 13.798616775842842 -26.650924824396924 7.759049291843862 13.798616775842842 -26.650924824396924 7.759049291843862 13.798616775842842 -26.650924824396924 7.759049291843862 13.798616775842842 -26.650924824396924 0.666744720313401 -3.2815900172550982 -0.7925796594787212 0.5740712613719984 0.869340424744325 -0.5862356266547797 0.6435763555780504 -2.243857406755242 -0.7409936512727358 0.6204079908426997 -1.2061247962553865 -0.6894076430667504 0.6088238084750244 -0.6872584910054587 -0.6636146389637577 0.597239626107349 -0.16839218575553072 -0.637821634860765 
2.5016289094228523 -3.405394925486048 -1.3162151127955608 7.766025211230218 13.768068752922531 -26.58379265447734 7.766025211230218 13.768068752922531 -26.58379265447734 7.766025211230218 13.768068752922531 -26.58379265447734 7.766025211230218 13.768068752922531 -26.58379265447734 7.766025211230218 13.768068752922531 -26.58379265447734 7.766025211230218 13.768068752922531 -26.58379265447734 7.766025211230218 13.768068752922531 -26.58379265447734 7.766025211230218 13.768068752922531 -26.58379265447734 7.766025211230218 13.768068752922531 -26.58379265447734 7.766025211230218 13.768068752922531 -26.58379265447734 2.51463451449465 -1.7226565474469617 -1.2845954573686706 -1.1283694436103693 -4.812524490749448 -0.4063824568074722 2.7570101855680824 0.2997622710274731 -0.47844248122376054 -2.247373747788395 -2.9504201991433168 -0.2586759496950306 3.4695615816995433 2.1114392964044724 -0.6922811611200494 -3.391798407992658 -3.587635355752092 2.788406888419017 7.766025211230218 13.768068752922531 -26.58379265447734 7.766025211230218 13.768068752922531 -26.58379265447734 7.766025211230218 13.768068752922531 -26.58379265447734 7.766025211230218 13.768068752922531 -26.58379265447734 7.766025211230218 13.768068752922531 -26.58379265447734 7.766025211230218 13.768068752922531 -26.58379265447734 1.8944157666911678 1.708679978809262 -0.9024775281387857 -0.8301856726882421 -0.1591322756457405 -0.06638048175705048 -0.10581209240026741 2.7490188376718936 0.08797516647773307 -1.7261418364353716 1.8605138907114722 0.5771057625224557 -1.9697843639691344 3.8363154290485935 0.9805117743508364 -1.737785392991838 4.072034090550445 0.9714510371363347 7.766025211230218 13.768068752922531 -26.58379265447734 7.766025211230218 13.768068752922531 -26.58379265447734 7.766025211230218 13.768068752922531 -26.58379265447734 7.766025211230218 13.768068752922531 -26.58379265447734 0.6931325354421405 -3.2675905190982046 -0.8454889570880713 0.5321150470014627 0.7747738515817606 -0.4844290049479181 0.652878163331971 -2.256999426428213 -0.7552239690530329 0.6126237912218016 -1.2464083337582221 -0.6649589810179947 0.5924966051667169 -0.7411127874232264 -0.6198264870004755 0.5723694191116322 -0.23581724108823077 -0.5746939929829564 
2.506434091356512 -3.3803505977194748 -1.3160830625117506 7.797277595510535 13.847889204616369 -26.662592330150908 7.797277595510535 13.847889204616369 -26.662592330150908 7.797277595510535 13.847889204616369 -26.662592330150908 7.797277595510535 13.847889204616369 -26.662592330150908 7.797277595510535 13.847889204616369 -26.662592330150908 7.797277595510535 13.847889204616369 -26.662592330150908 7.797277595510535 13.847889204616369 -26.662592330150908 7.797277595510535 13.847889204616369 -26.662592330150908 7.797277595510535 13.847889204616369 -26.662592330150908 7.797277595510535 13.847889204616369 -26.662592330150908 2.637428877396824 -1.4620395391872973 -1.485899314652529 -1.311786759236211 -5.083129682530383 -0.15824186973396537 2.971113603429805 0.632771724890137 -0.8014211140759754 -2.995734262435412 -4.0195884604096355 0.863525672445894 3.500813965979861 2.19125974809831 -0.7710808367936157 -3.360546023712341 -3.5078149040582542 2.7096072127454507 7.797277595510535 13.847889204616369 -26.662592330150908 7.797277595510535 13.847889204616369 -26.662592330150908 7.797277595510535 13.847889204616369 -26.662592330150908 7.797277595510535 13.847889204616369 -26.662592330150908 7.797277595510535 13.847889204616369 -26.662592330150908 7.797277595510535 13.847889204616369 -26.662592330150908 2.0419593443953534 1.937571155648001 -1.2085568533690287 -0.9539896782768748 -0.32069693152456985 0.10220627608302527 0.05497664694171969 2.931090610227594 -0.15418359929650283 -1.6856458558195442 1.876422814895076 0.5649198685046949 -1.7755776710669056 4.060497072634367 0.7361777376483586 -1.6294462789527444 4.144006989036159 0.9190298830059337 7.797277595510535 13.847889204616369 -26.662592330150908 7.797277595510535 13.847889204616369 -26.662592330150908 7.797277595510535 13.847889204616369 -26.662592330150908 7.797277595510535 13.847889204616369 -26.662592330150908 0.6628210590803069 -3.27258461085884 -0.8220705921932471 0.5439848330592394 0.8084371120617155 -0.5531752886430017 0.6331120025750401 -2.2523291801287013 -0.7548467663056857 0.6034029460697732 -1.2320737493985623 -0.6876229404181244 0.5885484178171397 -0.7219460340334929 -0.6540110274743438 0.5736938895645063 -0.21181831866842338 -0.6203991145305631 
2.5588042116325114 -3.318403025244885 -1.3653214393826811 7.78877281247908 13.846824325104178 -26.644528726836157 7.78877281247908 13.846824325104178 -26.644528726836157 7.78877281247908 13.846824325104178 -26.644528726836157 7.78877281247908 13.846824325104178 -26.644528726836157 7.78877281247908 13.846824325104178 -26.644528726836157 7.78877281247908 13.846824325104178 -26.644528726836157 7.78877281247908 13.846824325104178 -26.644528726836157 7.78877281247908 13.846824325104178 -26.644528726836157 7.78877281247908 13.846824325104178 -26.644528726836157 7.78877281247908 13.846824325104178 -26.644528726836157 2.865151772774765 -1.0688118183470101 -1.917994925200932 -1.5982023221492974 -5.585733771672337 0.31745375171082263 3.092306883722693 0.8550039907911289 -1.0734746601145488 -3.275445389953608 -4.45697022899536 1.378024824543342 3.492309182948406 2.1901948685861194 -0.7530172334788664 -3.369050806743796 -3.508879783570445 2.7276708160602 7.78877281247908 13.846824325104178 -26.644528726836157 7.78877281247908 13.846824325104178 -26.644528726836157 7.78877281247908 13.846824325104178 -26.644528726836157 7.78877281247908 13.846824325104178 -26.644528726836157 7.78877281247908 13.846824325104178 -26.644528726836157 7.78877281247908 13.846824325104178 -26.644528726836157 2.225044982472035 2.2084290166849496 -1.5347720748291696 -1.1284617599062816 -0.5794511411546196 0.423825140862445 0.29353326189317813 3.178648750269884 -0.5152705283353791 -1.8050807031484197 1.7556533544488129 0.7342313266885637 -1.6251084834197185 4.248205287295631 0.5424833818896392 -1.7258008301224714 4.082114500908169 1.0361616195865582 7.78877281247908 13.846824325104178 -26.644528726836157 7.78877281247908 13.846824325104178 -26.644528726836157 7.78877281247908 13.846824325104178 -26.644528726836157 7.78877281247908 13.846824325104178 -26.644528726836157 0.6334747253127339 -3.3272727950096734 -0.8002705867450547 0.5482916112828767 0.8144889377651652 -0.5554734669833623 0.6121789468052696 -2.2918323618159637 -0.7390713068046315 0.5908831682978053 -1.256391928622254 -0.6778720268642084 0.5802352790440731 -0.7386717120253992 -0.6472723868939969 0.569587389790341 -0.22095149542854442 -0.6166727469237854 
2.433114088986724 -3.484973942558476 -1.2968807827581859 7.762964198301274 13.79934909232665 -26.633570161195966 7.762964198301274 13.79934909232665 -26.633570161195966 7.762964198301274 13.79934909232665 -26.633570161195966 7.762964198301274 13.79934909232665 -26.633570161195966 7.762964198301274 13.79934909232665 -26.633570161195966 7.762964198301274 13.79934909232665 -26.633570161195966 7.762964198301274 13.79934909232665 -26.633570161195966 7.762964198301274 13.79934909232665 -26.633570161195966 7.762964198301274 13.79934909232665 -26.633570161195966 7.762964198301274 13.79934909232665 -26.633570161195966 3.0389622562926606 -0.8519478980887817 -2.0770104591759977 -1.7221411016704962 -5.737286315663395 0.4333987958010424 3.1857041094254837 0.9708668226961304 -1.1574374375289225 -3.4669664574851633 -4.692394543420408 1.576471004656227 3.4665005687705994 2.1427196358085916 -0.7420586678386761 -3.394859420921602 -3.5563550163479727 2.7386293817003904 7.762964198301274 13.79934909232665 -26.633570161195966 7.762964198301274 13.79934909232665 -26.633570161195966 7.762964198301274 13.79934909232665 -26.633570161195966 7.762964198301274 13.79934909232665 -26.633570161195966 7.762964198301274 13.79934909232665 -26.633570161195966 7.762964198301274 13.79934909232665 -26.633570161195966 2.3740181125380975 2.374907211830764 -1.648381090448881 -1.2063383767115192 -0.6496571519289442 0.5297876873779931 0.3841295571471688 3.262083227757739 -0.5733576778281326 -1.7919326270212483 1.7554688173464839 0.7692484732547443 -1.5869392679932872 4.324949701597107 0.4627452997388629 -1.7132514413574593 4.141619450971152 0.9848454730495498 7.762964198301274 13.79934909232665 -26.633570161195966 7.762964198301274 13.79934909232665 -26.633570161195966 7.762964198301274 13.79934909232665 -26.633570161195966 7.762964198301274 13.79934909232665 -26.633570161195966 0.6584105773110823 -3.2946171068760886 -0.8218058316874777 0.5838398679132892 0.8626250299509098 -0.5592967015354439 0.6397678999616341 -2.255306572669339 -0.7561785491494692 0.6211252226121857 -1.2159960384625894 -0.6905512666114608 0.6118038839374615 -0.6963407713592146 -0.6577376253424566 0.6024825452627375 -0.1766855042558398 -0.6249239840734524 
2.459130377022958 -3.409988809214122 -1.3192938516809913 7.623320164559934 13.643371628760582 -26.456014333776345 7.623320164559934 13.643371628760582 -26.456014333776345 7.623320164559934 13.643371628760582 -26.456014333776345 7.623320164559934 13.643371628760582 -26.456014333776345 7.623320164559934 13.643371628760582 -26.456014333776345 7.623320164559934 13.643371628760582 -26.456014333776345 7.623320164559934 13.643371628760582 -26.456014333776345 7.623320164559934 13.643371628760582 -26.456014333776345 7.623320164559934 13.643371628760582 -26.456014333776345 7.623320164559934 13.643371628760582 -26.456014333776345 2.3967860322522934 -1.8914523755054262 -1.0490314974917085 -1.3146585946968954 -4.968229226110924 -0.4067969355370127 2.8109211239624576 0.40782171112306004 -0.49542376901346336 -2.1376496928855917 -2.863467108060203 -0.30939703058916984 3.3231819957164497 2.001029260816456 -0.6361012778768895 -3.534503454662943 -3.7123324799140405 2.916185209120011 7.623320164559934 13.643371628760582 -26.456014333776345 7.623320164559934 13.643371628760582 -26.456014333776345 7.623320164559934 13.643371628760582 -26.456014333776345 7.623320164559934 13.643371628760582 -26.456014333776345 7.623320164559934 13.643371628760582 -26.456014333776345 7.623320164559934 13.643371628760582 -26.456014333776345 1.916018402093201 1.7880742751049234 -0.9792694295115125 -0.922461611581805 -0.18893148971979626 -0.07602554856444887 0.1918094794820893 2.970102569768765 -0.17203879058931862 -1.6706473672531776 1.760310670115378 0.6493112440468325 -1.7185776610737633 4.055124694708461 0.803849690356684 -1.799349028375281 4.0519383068874575 1.0740319873309996 7.623320164559934 13.643371628760582 -26.456014333776345 7.623320164559934 13.643371628760582 -26.456014333776345 7.623320164559934 13.643371628760582 -26.456014333776345 7.623320164559934 13.643371628760582 -26.456014333776345 0.5410637187776991 -3.4298408008081753 -0.7279142165143607 0.496778395255698 0.7995713926925636 -0.5276474890379806 0.5299923878971988 -2.3724877524329906 -0.6778475346452657 0.5189210570166986 -1.3151347040578059 -0.6277808527761707 0.5133853915764484 -0.7864581798702135 -0.6027475118416232 0.5078497261361983 -0.2577816556826211 -0.5777141709070757 
2.2256174372155844 -3.7478573792750023 -0.9110033190110349 7.369486498263099 13.313758511456736 -26.054843575449333 7.369486498263099 13.313758511456736 -26.054843575449333 7.369486498263099 13.313758511456736 -26.054843575449333 7.369486498263099 13.313758511456736 -26.054843575449333 7.369486498263099 13.313758511456736 -26.054843575449333 7.369486498263099 13.313758511456736 -26.054843575449333 7.369486498263099 13.313758511456736 -26.054843575449333 7.369486498263099 13.313758511456736 -26.054843575449333 7.369486498263099 13.313758511456736 -26.054843575449333 7.369486498263099 13.313758511456736 -26.054843575449333 2.0042853842715176 -2.6627264402051454 -0.11330337060819715 -1.1321228735386444 -4.6266074166638695 -0.7090263508990158 2.2532987478058706 -0.4614516624059533 0.5232811203151693 -1.8304142235421372 -2.333927647584696 -0.9217143956366983 2.9199005395507367 1.492062942545283 0.018652793000907775 -0.7913514182376977 0.02104659105467611 -1.5727716177082618 7.369486498263099 13.313758511456736 -26.054843575449333 7.369486498263099 13.313758511456736 -26.054843575449333 7.369486498263099 13.313758511456736 -26.054843575449333 7.369486498263099 13.313758511456736 -26.054843575449333 7.369486498263099 13.313758511456736 -26.054843575449333 7.369486498263099 13.313758511456736 -26.054843575449333 1.437267297170608 1.1092677993755813 -0.14938163083138237 -1.0534296887674768 -0.2799994675876957 -0.06114183880821459 -0.2958682630623576 2.3687297662972595 0.6478259401321466 -1.611651117118678 1.9228106885537684 0.4402534713608661 -2.319195624172101 3.2815300286589753 1.754588480391309 -1.8063361975752203 3.9171221972368437 1.0537407183023744 7.369486498263099 13.313758511456736 -26.054843575449333 7.369486498263099 13.313758511456736 -26.054843575449333 7.369486498263099 13.313758511456736 -26.054843575449333 7.369486498263099 13.313758511456736 -26.054843575449333 0.4360812553664366 -3.6446669284345075 -0.4111648607536066 0.19191880420156557 0.4146341658939428 -0.10526173481979847 0.37504064257521885 -2.629841654852395 -0.33468907927015457 0.3140000297840011 -1.6150163812702822 -0.25821329778670254 0.2834797233883922 -1.107603744479226 -0.21997540704497653 0.25295941699278335 -0.6001911076881697 -0.18173751630325052 
2.0797421773358424 -3.8261536137350944 -0.8538129511661762 7.264650732517835 13.248768077396761 -26.006851319778637 7.264650732517835 13.248768077396761 -26.006851319778637 7.264650732517835 13.248768077396761 -26.006851319778637 7.264650732517835 13.248768077396761 -26.006851319778637 7.264650732517835 13.248768077396761 -26.006851319778637 7.264650732517835 13.248768077396761 -26.006851319778637 7.264650732517835 13.248768077396761 -26.006851319778637 7.264650732517835 13.248768077396761 -26.006851319778637 7.264650732517835 13.248768077396761 -26.006851319778637 7.264650732517835 13.248768077396761 -26.006851319778637 1.7580351917339025 -2.8374531414893447 -0.08604685042683215 -1.1895990698917878 -4.689985092262317 -0.6010240675184323 2.089430426258469 -0.6085062476565971 0.5738648502355986 -1.7032287941632351 -2.2518697338546767 -0.8765631530884 2.8841432993133576 1.4718810528788322 0.0006529391871376687 -0.19974208262847704 0.4267944699632052 -1.8042365332785508 7.264650732517835 13.248768077396761 -26.006851319778637 7.264650732517835 13.248768077396761 -26.006851319778637 7.264650732517835 13.248768077396761 -26.006851319778637 7.264650732517835 13.248768077396761 -26.006851319778637 7.264650732517835 13.248768077396761 -26.006851319778637 7.264650732517835 13.248768077396761 -26.006851319778637 1.351005616673609 1.0505168368123945 -0.1565862226051358 -1.0092374452364308 -0.25304266300862654 -0.054769915914678335 -0.3397587236692043 2.340923437695906 0.6265827092221626 -1.5290443789514228 1.9712848710434367 0.4135125743164462 -2.3549552617101677 3.3045682206957134 1.7122820473697051 -1.8367909550644597 3.901041602917126 1.106144573667173 7.264650732517835 13.248768077396761 -26.006851319778637 7.264650732517835 13.248768077396761 -26.006851319778637 7.264650732517835 13.248768077396761 -26.006851319778637 7.264650732517835 13.248768077396761 -26.006851319778637 0.28421806092105745 -3.763719116875831 -0.3435354589726322 0.17088408571858915 0.3987370869018839 -0.10567806925990705 0.2558845671204404 -2.723105065931402 -0.2840711115444509 0.2275510733198233 -1.6824910149869734 -0.22460676411626962 0.21338432641951477 -1.1621839895147592 -0.19487459040217897 0.1992175795192062 -0.6418769640425448 -0.16514241668808832 
2.1163974412414035 -3.768023172481293 -0.8799986945260957 7.176706621749296 13.15296614805356 -25.91503805184268 7.176706621749296 13.15296614805356 -25.91503805184268 7.176706621749296 13.15296614805356 -25.91503805184268 7.176706621749296 13.15296614805356 -25.91503805184268 7.176706621749296 13.15296614805356 -25.91503805184268 7.176706621749296 13.15296614805356 -25.91503805184268 7.176706621749296 13.15296614805356 -25.91503805184268 7.176706621749296 13.15296614805356 -25.91503805184268 7.176706621749296 13.15296614805356 -25.91503805184268 7.176706621749296 13.15296614805356 -25.91503805184268 1.562927434465278 -3.0638563926045066 0.12118682175592488 -1.0450828897984024 -4.446610462189045 -0.810447026717126 2.0027760518736164 -0.6997256853414482 0.6531041146770258 -1.120279068206963 -1.5173341015549902 -1.6456775954970249 2.688775188807871 1.23353036447092 0.3061436378084405 -0.07864068727082649 0.5495525888980533 -1.910622832779144 7.176706621749296 13.15296614805356 -25.91503805184268 7.176706621749296 13.15296614805356 -25.91503805184268 7.176706621749296 13.15296614805356 -25.91503805184268 7.176706621749296 13.15296614805356 -25.91503805184268 7.176706621749296 13.15296614805356 -25.91503805184268 7.176706621749296 13.15296614805356 -25.91503805184268 1.1791846178170866 0.8602963677693762 0.011552280224288433 -0.8902014321024072 -0.14432092432952337 -0.17859407433144092 -0.5585877881150335 2.0926674199859896 0.8930560846815108 -1.469063584741082 1.9979113491401497 0.3516759387126529 -2.588296977853663 3.0141425343273704 2.041337187337212 -1.7999083061168266 3.8917701139089687 1.047284158653784 7.176706621749296 13.15296614805356 -25.91503805184268 7.176706621749296 13.15296614805356 -25.91503805184268 7.176706621749296 13.15296614805356 -25.91503805184268 7.176706621749296 13.15296614805356 -25.91503805184268 0.2589222723334379 -3.755233427396776 -0.3446301024806005 0.14449159285733967 0.3579877217199264 -0.08352089705357622 0.23031460246441335 -2.7269281401176 -0.2793528011238444 0.2017069325953888 -1.6986228528384246 -0.21407549976708837 0.1874030976608765 -1.1844702091988368 -0.18143684908871033 0.17309926272636422 -0.6703175655592492 -0.1487981984103323 
2.113969148007866 -3.850100214403966 -0.8724625479117394 7.167649433468014 13.128647167465575 -25.940742802410956 7.167649433468014 13.128647167465575 -25.940742802410956 7.167649433468014 13.128647167465575 -25.940742802410956 7.167649433468014 13.128647167465575 -25.940742802410956 7.167649433468014 13.128647167465575 -25.940742802410956 7.167649433468014 13.128647167465575 -25.940742802410956 7.167649433468014 13.128647167465575 -25.940742802410956 7.167649433468014 13.128647167465575 -25.940742802410956 7.167649433468014 13.128647167465575 -25.940742802410956 7.167649433468014 13.128647167465575 -25.940742802410956 1.6182819381526492 -2.953261755966633 0.16860140124205633 -1.0451954313316203 -4.413110857770623 -0.9245731055988243 1.9209365856997838 -0.7851539280211911 0.7561895987639186 -1.0410244658102548 -1.3458047515209044 -1.8200102242029377 2.6255117168314523 1.0401211837797812 0.514338558985142 -0.08769787555210795 0.5252336083100675 -1.9363275833474214 7.167649433468014 13.128647167465575 -25.940742802410956 7.167649433468014 13.128647167465575 -25.940742802410956 7.167649433468014 13.128647167465575 -25.940742802410956 7.167649433468014 13.128647167465575 -25.940742802410956 7.167649433468014 13.128647167465575 -25.940742802410956 7.167649433468014 13.128647167465575 -25.940742802410956 1.2511118883548633 0.8913056934792786 0.025355559664782267 -0.9239934166795546 -0.1641789986489235 -0.17411783842421977 -0.5004019969513878 2.15274912363411 0.8825267618520738 -1.5612042702749416 1.980917479581416 0.3278481034243055 -2.520001771712003 3.03232492441041 2.0631628106747817 -1.8502920487347498 3.888958493137213 0.9894685048780839 7.167649433468014 13.128647167465575 -25.940742802410956 7.167649433468014 13.128647167465575 -25.940742802410956 7.167649433468014 13.128647167465575 -25.940742802410956 7.167649433468014 13.128647167465575 -25.940742802410956 0.28654325341051434 -3.683186306868628 -0.3779858521783841 0.1635592358376544 0.36356334741517754 -0.07438113937971874 0.2557972490172994 -2.6714988932976764 -0.30208467397871774 0.22505124462408438 -1.6598114797267252 -0.22618349577905142 0.20967824242747687 -1.1539677729412494 -0.18823290667921827 0.19430524023086937 -0.6481240661557738 -0.1502823175793851 
2.214086241310938 -3.6923237260527166 -0.9881434533734172 7.148359154245162 13.096319274108899 -25.886056133678068 7.148359154245162 13.096319274108899 -25.886056133678068 7.148359154245162 13.096319274108899 -25.886056133678068 7.148359154245162 13.096319274108899 -25.886056133678068 7.148359154245162 13.096319274108899 -25.886056133678068 7.148359154245162 13.096319274108899 -25.886056133678068 7.148359154245162 13.096319274108899 -25.886056133678068 7.148359154245162 13.096319274108899 -25.886056133678068 7.148359154245162 13.096319274108899 -25.886056133678068 7.148359154245162 13.096319274108899 -25.886056133678068 2.0769179214750815 -2.1904818066384655 -0.6222137681277313 -1.50527554444898 -5.189007321901298 -0.14030315621707687 2.256053108154857 -0.20612657867240394 0.12322833953914002 -2.13194579520818 -2.8506621885129495 -0.1856708188634666 2.9391031006817374 1.5563555186859916 -0.12510290105123842 -0.10698815477496156 0.49290571495339025 -1.8816409146145359 7.148359154245162 13.096319274108899 -25.886056133678068 7.148359154245162 13.096319274108899 -25.886056133678068 7.148359154245162 13.096319274108899 -25.886056133678068 7.148359154245162 13.096319274108899 -25.886056133678068 7.148359154245162 13.096319274108899 -25.886056133678068 7.148359154245162 13.096319274108899 -25.886056133678068 1.633421926605073 1.4021268856163893 -0.5662610944704634 -1.0764263606368867 -0.4063070797254283 0.13346761179150546 -0.15075638678969505 2.493651047533944 0.38867863441193606 -1.8729186116377694 1.5874238831871064 0.8862733570230373 -2.122085591841832 3.476475582694951 1.4540337268137475 -2.153185852889379 3.5259700688314854 1.5236544371385947 7.148359154245162 13.096319274108899 -25.886056133678068 7.148359154245162 13.096319274108899 -25.886056133678068 7.148359154245162 13.096319274108899 -25.886056133678068 7.148359154245162 13.096319274108899 -25.886056133678068 0.28582118851305066 -3.6897445642698816 -0.3812584621724041 0.27849778298409317 0.49790990294548043 -0.21639674133947892 0.2839903371308113 -2.642830947466041 -0.34004303196417285 0.2821594857485719 -1.5959173306622005 -0.29882760175594153 0.2812440600574522 -1.0724605222602803 -0.27821988665182584 0.28032863436633254 -0.5490037138583601 -0.2576121715477102 
2.3941933653095355 -3.5605396930470996 -1.104536526935483 7.215912910786262 13.144871614923183 -25.950070746022845 7.215912910786262 13.144871614923183 -25.950070746022845 7.215912910786262 13.144871614923183 -25.950070746022845 7.215912910786262 13.144871614923183 -25.950070746022845 7.215912910786262 13.144871614923183 -25.950070746022845 7.215912910786262 13.144871614923183 -25.950070746022845 7.215912910786262 13.144871614923183 -25.950070746022845 7.215912910786262 13.144871614923183 -25.950070746022845 7.215912910786262 13.144871614923183 -25.950070746022845 7.215912910786262 13.144871614923183 -25.950070746022845 1.9907411105097998 -2.3469281149112233 -0.5439491991674075 -1.388807165846406 -5.063085168702798 -0.27323031576600265 2.240856188723044 -0.22392461977523243 0.13492329932880429 -2.0770432578863947 -2.7051121824920323 -0.3001823398278353 2.953420601822154 1.5822238120191257 -0.1473965008913547 -0.5207678079691954 0.07650904155423616 -1.3856990009501962 7.215912910786262 13.144871614923183 -25.950070746022845 7.215912910786262 13.144871614923183 -25.950070746022845 7.215912910786262 13.144871614923183 -25.950070746022845 7.215912910786262 13.144871614923183 -25.950070746022845 7.215912910786262 13.144871614923183 -25.950070746022845 7.215912910786262 13.144871614923183 -25.950070746022845 1.551213831720966 1.3075718084775312 -0.5079920669968337 -1.0176473079692854 -0.3444108606085235 0.06600058107538867 -0.21845233444778595 2.457078483789315 0.4853922422022795 -1.7721757163570087 1.677102098035059 0.7674239398858668 -2.070676386537624 3.5164120034911672 1.4148424409512057 -2.064855121071777 3.627103392170522 1.394403447091535 7.215912910786262 13.144871614923183 -25.950070746022845 7.215912910786262 13.144871614923183 -25.950070746022845 7.215912910786262 13.144871614923183 -25.950070746022845 7.215912910786262 13.144871614923183 -25.950070746022845 0.3009669723316966 -3.7050066418070107 -0.408589757466705 0.26678326187584034 0.4815804739345038 -0.22099574296072252 0.29242104471773256 -2.658359862871632 -0.3616912538402094 0.28387511710376845 -1.6117130839362535 -0.3147927502137138 0.2796021532967864 -1.0883896944685643 -0.29134349840046597 0.2753291894898044 -0.5650663050008748 -0.26789424658721817 
2.5580826429463173 -3.2863435181974903 -1.3288391801422388 7.375331727517809 13.307079169959732 -26.05777528955352 7.375331727517809 13.307079169959732 -26.05777528955352 7.375331727517809 13.307079169959732 -26.05777528955352 7.375331727517809 13.307079169959732 -26.05777528955352 7.375331727517809 13.307079169959732 -26.05777528955352 7.375331727517809 13.307079169959732 -26.05777528955352 7.375331727517809 13.307079169959732 -26.05777528955352 7.375331727517809 13.307079169959732 -26.05777528955352 7.375331727517809 13.307079169959732 -26.05777528955352 7.375331727517809 13.307079169959732 -26.05777528955352 2.6954608708541463 -1.3615816111817227 -1.779674152741309 -2.192377086540171 -6.3056977975206 0.9611995423772267 3.1114114965053963 1.0989361219400877 -1.391398888435296 -3.7977977394378426 -5.027743364354388 2.0443058750615997 3.1128394185537003 1.7444313670556744 -0.2551010444220272 -0.36134899123764896 0.23871659659078479 -1.4934035444808686 7.375331727517809 13.307079169959732 -26.05777528955352 7.375331727517809 13.307079169959732 -26.05777528955352 7.375331727517809 13.307079169959732 -26.05777528955352 7.375331727517809 13.307079169959732 -26.05777528955352 7.375331727517809 13.307079169959732 -26.05777528955352 7.375331727517809 13.307079169959732 -26.05777528955352 2.162527588080958 2.1186621090356756 -1.3849112877877365 -1.6091698070519072 -1.0877424651269627 0.9849677098628803 0.3063925985592251 3.0750057540598648 -0.23380340125288604 -2.116467568787185 1.3048611405158068 1.288748564081281 -1.5970976357453965 4.023564574041586 0.8558418902321744 -2.2724557866995876 3.4649310931417086 1.7320679176471847 7.375331727517809 13.307079169959732 -26.05777528955352 7.375331727517809 13.307079169959732 -26.05777528955352 7.375331727517809 13.307079169959732 -26.05777528955352 7.375331727517809 13.307079169959732 -26.05777528955352 0.25154189215698763 -3.833639704351161 -0.40923730518204104 0.27667889051452554 0.5154598219543566 -0.19997178896242815 0.2578261417463721 -2.746364822774782 -0.3569209261271378 0.2641103913357566 -1.6590899411984024 -0.3046045470722346 0.26725251613044887 -1.1154525004102127 -0.278446357544783 0.2703946409251411 -0.5718150596220228 -0.2522881680173314 
2.6271175525806596 -3.2171814241924044 -1.381563511478999 7.490229444252448 13.427412812332761 -26.168928818075855 7.490229444252448 13.427412812332761 -26.168928818075855 7.490229444252448 13.427412812332761 -26.168928818075855 7.490229444252448 13.427412812332761 -26.168928818075855 7.490229444252448 13.427412812332761 -26.168928818075855 7.490229444252448 13.427412812332761 -26.168928818075855 7.490229444252448 13.427412812332761 -26.168928818075855 7.490229444252448 13.427412812332761 -26.168928818075855 7.490229444252448 13.427412812332761 -26.168928818075855 7.490229444252448 13.427412812332761 -26.168928818075855 2.617149383113438 -1.2272950127014621 -2.0128498594170288 -2.4255048486634965 -6.739177805957165 1.4016211163347367 3.6717687283941394 2.0412826429753483 -2.5777777863145754 -4.321222576028639 -6.044566307233422 3.3293555766699727 4.921666833942103 4.587833477210025 -3.9590226635261216 -2.8335924342367513 -3.120892220825154 2.531157281236072 7.490229444252448 13.427412812332761 -26.168928818075855 7.490229444252448 13.427412812332761 -26.168928818075855 7.490229444252448 13.427412812332761 -26.168928818075855 7.490229444252448 13.427412812332761 -26.168928818075855 7.490229444252448 13.427412812332761 -26.168928818075855 7.490229444252448 13.427412812332761 -26.168928818075855 2.1712234506881565 2.2149848342974523 -1.5878121924354678 -1.60824121574809 -1.1871553788186908 1.2067248128238244 0.5500748542746505 3.357677629416586 -0.5493273308683513 -1.8824210090407563 1.4345015947914481 1.2973617751283275 -1.4105341114500571 4.268758867293249 0.6428062835207954 -2.0774846078253275 3.631229103744246 1.6593264983268003 7.490229444252448 13.427412812332761 -26.168928818075855 7.490229444252448 13.427412812332761 -26.168928818075855 7.490229444252448 13.427412812332761 -26.168928818075855 7.490229444252448 13.427412812332761 -26.168928818075855 0.09582226722497074 -3.9832364093293133 -0.3056143715411458 0.2814911174700332 0.5139147277393807 -0.1905436898058217 0.14223947978623636 -2.8589486250621396 -0.2768467011073148 0.18865669234750196 -1.7346608407949664 -0.24807903067348375 0.21186529862813475 -1.1725169486613796 -0.23369519545656825 0.23507390490876756 -0.6103730565277928 -0.21931136023965273 
2.797197829227697 -2.9196725706603273 -1.6839065726199274 7.546026099327871 13.555393676146185 -26.298364143629048 7.546026099327871 13.555393676146185 -26.298364143629048 7.546026099327871 13.555393676146185 -26.298364143629048 7.546026099327871 13.555393676146185 -26.298364143629048 7.546026099327871 13.555393676146185 -26.298364143629048 7.546026099327871 13.555393676146185 -26.298364143629048 7.546026099327871 13.555393676146185 -26.298364143629048 7.546026099327871 13.555393676146185 -26.298364143629048 7.546026099327871 13.555393676146185 -26.298364143629048 7.546026099327871 13.555393676146185 -26.298364143629048 3.0474560934600046 -0.4995250346650311 -2.828963597281761 -3.1764068078516257 -8.023832996272453 2.6640043301132725 4.429908206153208 3.228207581025421 -3.9970082541553187 -5.089954129884328 -7.270487852763624 4.7179311254993594 5.283856902323821 5.106605703315474 -4.592272096324481 -3.426982492792972 -3.9733692530606333 3.642680970806489 7.546026099327871 13.555393676146185 -26.298364143629048 7.546026099327871 13.555393676146185 -26.298364143629048 7.546026099327871 13.555393676146185 -26.298364143629048 7.546026099327871 13.555393676146185 -26.298364143629048 7.546026099327871 13.555393676146185 -26.298364143629048 7.546026099327871 13.555393676146185 -26.298364143629048 2.5802530716891425 2.801841972347395 -2.33376065493253 -1.898944545300697 -1.6581286851438564 1.7526736226464839 0.8910133787729289 3.8354755636224014 -1.120247970228419 -2.125545458759867 1.1531072214315088 1.7529057663112404 -1.1335558196672866 4.652370388030128 0.162771908915739 -2.1782962273699975 3.5674079627936512 1.8631914212498468 7.546026099327871 13.555393676146185 -26.298364143629048 7.546026099327871 13.555393676146185 -26.298364143629048 7.546026099327871 13.555393676146185 -26.298364143629048 7.546026099327871 13.555393676146185 -26.298364143629048 -0.06447535719581106 -4.261679015468742 -0.08247963358424404 0.3406542631942227 0.5718566436017692 -0.29054351614302293 0.036807047901697386 -3.053295100701114 -0.13449560422393875 0.13808945299920583 -1.8449111859334864 -0.18651157486363348 0.18873065554796004 -1.2407192285496724 -0.21251956018348084 0.23937185809671427 -0.6365272711658585 -0.23852754550332822 
2.617328875914344 -3.1602828402024676 -1.457358072212382 7.461367053638338 13.384048501395714 -26.175574374198405 7.461367053638338 13.384048501395714 -26.175574374198405 7.461367053638338 13.384048501395714 -26.175574374198405 7.461367053638338 13.384048501395714 -26.175574374198405 7.461367053638338 13.384048501395714 -26.175574374198405 7.461367053638338 13.384048501395714 -26.175574374198405 7.461367053638338 13.384048501395714 -26.175574374198405 7.461367053638338 13.384048501395714 -26.175574374198405 7.461367053638338 13.384048501395714 -26.175574374198405 7.461367053638338 13.384048501395714 -26.175574374198405 2.477726295557466 -1.2034572652214766 -2.2423141242883253 -2.7249312546970454 -7.104899747039013 1.7383669103269404 3.655616326754359 2.089979825654549 -2.69524638439186 -4.306372972293643 -6.138648871509661 3.555576169540965 4.94838466829036 4.587296860749491 -3.9893002831623057 -2.516503333786079 -2.966582359090808 2.4552737571638232 7.461367053638338 13.384048501395714 -26.175574374198405 7.461367053638338 13.384048501395714 -26.175574374198405 7.461367053638338 13.384048501395714 -26.175574374198405 7.461367053638338 13.384048501395714 -26.175574374198405 7.461367053638338 13.384048501395714 -26.175574374198405 7.461367053638338 13.384048501395714 -26.175574374198405 1.9819855759040936 2.1307635433273795 -1.5462378137126842 -1.7201435855974254 -1.2889264333367092 1.4068848456459728 0.7133819862402363 3.510867259342191 -0.6989889775719386 -1.6360675564069302 1.6147351039792288 1.145896526731233 -1.4826929901031503 4.242511000306855 0.6942590345674191 -2.007712035776545 3.6866439230404833 1.6331884113631392 7.461367053638338 13.384048501395714 -26.175574374198405 7.461367053638338 13.384048501395714 -26.175574374198405 7.461367053638338 13.384048501395714 -26.175574374198405 7.461367053638338 13.384048501395714 -26.175574374198405 -0.12360247956978969 -4.154178506130245 -0.2519736069806926 0.13092099515333414 0.4209185549953351 -0.06967648403335565 -0.059971610889008736 -3.01040424084885 -0.20639932624385837 0.0036592577917722233 -1.8666299755674551 -0.16082504550702412 0.0354746921321627 -1.2947428429267576 -0.138037905138607 0.06729012647255318 -0.72285571028606 -0.11525076477018989 
2.6294201172086566 -3.120322343028649 -1.446147757041505 7.326493797505422 13.2612635575858 -26.09858117339553 7.326493797505422 13.2612635575858 -26.09858117339553 7.326493797505422 13.2612635575858 -26.09858117339553 7.326493797505422 13.2612635575858 -26.09858117339553 7.326493797505422 13.2612635575858 -26.09858117339553 7.326493797505422 13.2612635575858 -26.09858117339553 7.326493797505422 13.2612635575858 -26.09858117339553 7.326493797505422 13.2612635575858 -26.09858117339553 7.326493797505422 13.2612635575858 -26.09858117339553 7.326493797505422 13.2612635575858 -26.09858117339553 2.043635510649685 -1.6927020720770445 -1.8793550513490882 -2.4342084869477367 -6.733888561403456 1.4565372918016148 3.217940098492255 1.672761141263111 -2.3747953257727716 -3.7988615827122034 -5.595500431388111 3.1603194206902643 4.536877583836438 4.233158933933016 -3.733324025784741 -2.211466092514198 -2.6332111915732015 2.2182775295165156 7.326493797505422 13.2612635575858 -26.09858117339553 7.326493797505422 13.2612635575858 -26.09858117339553 7.326493797505422 13.2612635575858 -26.09858117339553 7.326493797505422 13.2612635575858 -26.09858117339553 7.326493797505422 13.2612635575858 -26.09858117339553 7.326493797505422 13.2612635575858 -26.09858117339553 1.5402640609670688 1.7548154262496503 -1.2337000228970492 -1.2331743834819855 -0.887260860363305 1.0813335138673048 0.6618059113629643 3.4027948415677547 -0.6087382098424914 -1.2529773713067558 1.8792349487883846 0.919600337162238 -1.743657837904668 4.020688273128838 0.8655725116619212 -1.9555975276495414 3.699431894902976 1.5744197879877926 7.326493797505422 13.2612635575858 -26.09858117339553 7.326493797505422 13.2612635575858 -26.09858117339553 7.326493797505422 13.2612635575858 -26.09858117339553 7.326493797505422 13.2612635575858 -26.09858117339553 -0.19528648814902594 -4.21329531674025 -0.21140887977373668 0.15354483874254163 0.43377728294317264 -0.07618325451487225 -0.10807865642613404 -3.051527166819394 -0.17760247345902058 -0.020870824703242155 -1.8897590168985385 -0.14379606714430446 0.022733091158203787 -1.3088749419381107 -0.1268928639869464 0.06633700701964973 -0.7279908669776829 -0.10998966082958836 
2.686613907738623 -3.124724402819418 -1.4665874496449371 7.389801376158043 13.3242255738755 -26.187464056979753 7.389801376158043 13.3242255738755 -26.187464056979753 7.389801376158043 13.3242255738755 -26.187464056979753 7.389801376158043 13.3242255738755 -26.187464056979753 7.389801376158043 13.3242255738755 -26.187464056979753 7.389801376158043 13.3242255738755 -26.187464056979753 7.389801376158043 13.3242255738755 -26.187464056979753 7.389801376158043 13.3242255738755 -26.187464056979753 7.389801376158043 13.3242255738755 -26.187464056979753 7.389801376158043 13.3242255738755 -26.187464056979753 2.5787268981192892 -0.9879369057460922 -2.677749447626023 -2.7134790119365966 -7.155900974222095 1.8283368773208706 3.4900838759379207 2.0545892361926072 -2.733965998554395 -4.550169595071211 -6.606418331910124 4.2158922468506566 4.783207666448116 4.520749154276449 -4.000963552729507 -2.437058733607689 -2.9430823348586372 2.5632802605235785 7.389801376158043 13.3242255738755 -26.187464056979753 7.389801376158043 13.3242255738755 -26.187464056979753 7.389801376158043 13.3242255738755 -26.187464056979753 7.389801376158043 13.3242255738755 -26.187464056979753 7.389801376158043 13.3242255738755 -26.187464056979753 7.389801376158043 13.3242255738755 -26.187464056979753 1.8187928894649648 2.103750129977247 -1.5922045483950313 -1.472590579568199 -1.1730752421173525 1.3895592359302888 0.7863185387737593 3.596195986506752 -0.8428164393229881 -1.3620704120950302 1.8102920567396257 1.0082620250941943 -1.5881752641882174 4.218328841373153 0.7090364453858369 -2.020200180015723 3.6872327866078716 1.5999203451674782 7.389801376158043 13.3242255738755 -26.187464056979753 7.389801376158043 13.3242255738755 -26.187464056979753 7.389801376158043 13.3242255738755 -26.187464056979753 7.389801376158043 13.3242255738755 -26.187464056979753 -0.06737605690865368 -4.071918939984093 -0.42470628515257614 0.1731011549483828 0.4653374439299472 -0.10132265623237116 -0.007256753944394564 -2.937604844005583 -0.3438603779225249 0.052862549019864556 -1.803290748027073 -0.26301447069247363 0.08292220050199411 -1.236133700037818 -0.222591517077448 0.11298185198412368 -0.6689766520485629 -0.18216856346242238 
2.430326645552769 -3.3222869923668537 -1.3520824353246994 7.345805125452877 13.275508539877896 -26.13918458848759 7.345805125452877 13.275508539877896 -26.13918458848759 7.345805125452877 13.275508539877896 -26.13918458848759 7.345805125452877 13.275508539877896 -26.13918458848759 7.345805125452877 13.275508539877896 -26.13918458848759 7.345805125452877 13.275508539877896 -26.13918458848759 7.345805125452877 13.275508539877896 -26.13918458848759 7.345805125452877 13.275508539877896 -26.13918458848759 7.345805125452877 13.275508539877896 -26.13918458848759 7.345805125452877 13.275508539877896 -26.13918458848759 2.7635876504176755 -0.7137225039172199 -2.872647017368883 -2.901425988064772 -7.42741508423626 2.090581603647359 4.116308075337575 2.979743033034635 -3.7168491622693693 -4.935167543298003 -7.071840515943582 4.673280113834291 4.863285864891577 4.62615040355529 -4.051652899686303 -2.708026162950821 -3.1737356356293573 2.8507947543578913 7.345805125452877 13.275508539877896 -26.13918458848759 7.345805125452877 13.275508539877896 -26.13918458848759 7.345805125452877 13.275508539877896 -26.13918458848759 7.345805125452877 13.275508539877896 -26.13918458848759 7.345805125452877 13.275508539877896 -26.13918458848759 7.345805125452877 13.275508539877896 -26.13918458848759 1.9304815460880698 2.2036340416422635 -1.6916598398980132 -1.5972192792999182 -1.3760899726382063 1.580859972040097 0.802809234907301 3.6034870049866146 -0.8552807348140913 -1.4153210799935656 1.7431683632179222 1.0938600081923369 -1.483397217782521 4.183563953643807 0.7040983331915427 -1.866241745805341 3.745343904650986 1.546697304097816 7.345805125452877 13.275508539877896 -26.13918458848759 7.345805125452877 13.275508539877896 -26.13918458848759 7.345805125452877 13.275508539877896 -26.13918458848759 7.345805125452877 13.275508539877896 -26.13918458848759 -0.06891916882354825 -4.07056879407674 -0.391032706860762 0.16663113339407576 0.4137720345020285 -0.055399933928958055 -0.010031593269142245 -2.9494835869320477 -0.307124513627811 0.048855982285263756 -1.8283983797873558 -0.22321632039486003 0.07829977006246676 -1.2678557762150096 -0.18126222377838452 0.10774355783966975 -0.7073131726426636 -0.13930812716190905 
2.439485030861128 -3.292976537304825 -1.3720201650339907 7.420288954645264 13.364366310649666 -26.21687244113009 7.420288954645264 13.364366310649666 -26.21687244113009 7.420288954645264 13.364366310649666 -26.21687244113009 7.420288954645264 13.364366310649666 -26.21687244113009 7.420288954645264 13.364366310649666 -26.21687244113009 7.420288954645264 13.364366310649666 -26.21687244113009 7.420288954645264 13.364366310649666 -26.21687244113009 7.420288954645264 13.364366310649666 -26.21687244113009 7.420288954645264 13.364366310649666 -26.21687244113009 7.420288954645264 13.364366310649666 -26.21687244113009 2.8983373233326577 -0.5298682188379762 -3.0235320280870988 -3.1204240984846354 -7.7597731710368 2.4484905001987998 4.3245410175879195 3.2484172156235513 -4.031266652379044 -5.206014147477118 -7.4737398365971375 5.027638343639653 5.197508829901258 5.052112085505219 -4.617671232060835 -2.973628945063678 -3.533563010987863 3.234567648115208 7.420288954645264 13.364366310649666 -26.21687244113009 7.420288954645264 13.364366310649666 -26.21687244113009 7.420288954645264 13.364366310649666 -26.21687244113009 7.420288954645264 13.364366310649666 -26.21687244113009 7.420288954645264 13.364366310649666 -26.21687244113009 7.420288954645264 13.364366310649666 -26.21687244113009 2.2179967240046468 2.54407166675137 -2.0468025893106856 -2.0053229218779243 -1.6860793216974794 1.921055309135557 1.0305833518459735 3.8595601534648445 -1.121516305756864 -1.6388663794049465 1.4513558622075318 1.4930601120062865 -1.2304678361577996 4.445579017671962 0.3920738051991671 -1.933727949067494 3.6749040952375824 1.695923254333853 7.420288954645264 13.364366310649666 -26.21687244113009 7.420288954645264 13.364366310649666 -26.21687244113009 7.420288954645264 13.364366310649666 -26.21687244113009 7.420288954645264 13.364366310649666 -26.21687244113009 -0.111043387575989 -4.144820694937388 -0.28752076394414927 0.10633690106336119 0.42899617252694505 -0.06287364008756437 -0.05669831541615145 -3.0013664780713047 -0.23135898298000304 -0.0023532432563139055 -1.8579122612052215 -0.1751972020158568 0.024819292823604868 -1.28618515277218 -0.14711631153378368 0.05199182890352364 -0.7144580443391382 -0.11903542105171058 
2.530601128167372 -3.1915300349431575 -1.425303178431917 7.3289781983413755 13.347288163143322 -26.199458157276542 7.3289781983413755 13.347288163143322 -26.199458157276542 7.3289781983413755 13.347288163143322 -26.199458157276542 7.3289781983413755 13.347288163143322 -26.199458157276542 7.3289781983413755 13.347288163143322 -26.199458157276542 7.3289781983413755 13.347288163143322 -26.199458157276542 7.3289781983413755 13.347288163143322 -26.199458157276542 7.3289781983413755 13.347288163143322 -26.199458157276542 7.3289781983413755 13.347288163143322 -26.199458157276542 7.3289781983413755 13.347288163143322 -26.199458157276542 2.897991028467259 -0.4921396742298634 -3.0242777489426342 -3.0960569617643574 -7.736709764016056 2.4515832475058126 4.29864643567066 3.228026187174939 -4.045249378256005 -5.280675425954121 -7.632522162268983 5.045615384943979 4.9509794998974375 4.7865074167284085 -4.287878550861762 -3.0649397013675674 -3.550641158494207 3.2519819319687557 7.3289781983413755 13.347288163143322 -26.199458157276542 7.3289781983413755 13.347288163143322 -26.199458157276542 7.3289781983413755 13.347288163143322 -26.199458157276542 7.3289781983413755 13.347288163143322 -26.199458157276542 7.3289781983413755 13.347288163143322 -26.199458157276542 7.3289781983413755 13.347288163143322 -26.199458157276542 2.2919041867189645 2.5978124830008813 -2.0901532605790503 -1.989346959658823 -1.7011535991668565 1.8892808824571805 1.1760452076269092 4.028828876413277 -1.2179624686644959 -1.6553499452338543 1.4633851502251272 1.4770552505999177 -0.8750531248950825 4.70054828044502 0.17655959805185295 -2.184745367674784 3.4995879991314673 1.7987482902083891 7.3289781983413755 13.347288163143322 -26.199458157276542 7.3289781983413755 13.347288163143322 -26.199458157276542 7.3289781983413755 13.347288163143322 -26.199458157276542 7.3289781983413755 13.347288163143322 -26.199458157276542 -0.09903296664854949 -4.11442471912296 -0.28634725071841083 0.15127861353007083 0.44832944191701235 -0.10043618906093489 -0.03645507160389441 -2.973736178862967 -0.23986948530404184 0.026122823440760667 -1.8330476386029737 -0.19339171988967285 0.05741177096308821 -1.2627033684729772 -0.17015283718248836 0.08870071848541575 -0.6923590983429807 -0.14691395447530387 
2.606684016634542 -3.0478200343598325 -1.5486753190953688 7.3150636079023466 13.30620588733122 -26.14985781682333 7.3150636079023466 13.30620588733122 -26.14985781682333 7.3150636079023466 13.30620588733122 -26.14985781682333 7.3150636079023466 13.30620588733122 -26.14985781682333 7.3150636079023466 13.30620588733122 -26.14985781682333 7.3150636079023466 13.30620588733122 -26.14985781682333 7.3150636079023466 13.30620588733122 -26.14985781682333 7.3150636079023466 13.30620588733122 -26.14985781682333 7.3150636079023466 13.30620588733122 -26.14985781682333 7.3150636079023466 13.30620588733122 -26.14985781682333 2.920555406751891 -0.459301189512683 -3.028563620337259 -3.146047270816428 -7.773955921744139 2.4917548848910256 4.311824299846884 3.2098469059388375 -4.050574838732094 -5.3248924746883555 -7.681286153735991 5.038060268136145 5.017117541745771 4.852157879292877 -4.362697732054675 -3.0788542918065964 -3.591723434306309 3.301582272421967 7.3150636079023466 13.30620588733122 -26.14985781682333 7.3150636079023466 13.30620588733122 -26.14985781682333 7.3150636079023466 13.30620588733122 -26.14985781682333 7.3150636079023466 13.30620588733122 -26.14985781682333 7.3150636079023466 13.30620588733122 -26.14985781682333 7.3150636079023466 13.30620588733122 -26.14985781682333 2.2995526267244375 2.5871991496478666 -2.086043606208943 -1.9846760949069766 -1.6843015679083673 1.8464669885480398 1.1698418347406248 4.025036720059768 -1.2018438241533231 -1.7233038252965476 1.3990892048770875 1.5551235107408192 -0.8387944672763787 4.737758301775013 0.1336102661050343 -2.2290073016528664 3.427300139975866 1.9118007497386305 7.3150636079023466 13.30620588733122 -26.14985781682333 7.3150636079023466 13.30620588733122 -26.14985781682333 7.3150636079023466 13.30620588733122 -26.14985781682333 7.3150636079023466 13.30620588733122 -26.14985781682333 -0.11274593203226896 -4.116628555628411 -0.2684043677231166 0.1574382659087304 0.4514487908697497 -0.11978830883045177 -0.04519988254701912 -2.974609219003871 -0.2312503529999504 0.022346166938230716 -1.8325898823793307 -0.19409633827678419 0.056119191680855635 -1.2615802140670607 -0.17551933091520108 0.08989221642348055 -0.6905705457547905 -0.15694232355361798 
2.6276109116994566 -3.0645162410544478 -1.5435325946088834 7.339778952987633 13.291147022301333 -26.164444031709184 7.339778952987633 13.291147022301333 -26.164444031709184 7.339778952987633 13.291147022301333 -26.164444031709184 7.339778952987633 13.291147022301333 -26.164444031709184 7.339778952987633 13.291147022301333 -26.164444031709184 7.339778952987633 13.291147022301333 -26.164444031709184 7.339778952987633 13.291147022301333 -26.164444031709184 7.339778952987633 13.291147022301333 -26.164444031709184 7.339778952987633 13.291147022301333 -26.164444031709184 7.339778952987633 13.291147022301333 -26.164444031709184 2.97790630946798 -0.37965563812631686 -3.0345446285567954 -3.160822867414774 -7.7777068872560005 2.533527607437086 4.281053376038615 3.157974439102968 -4.043216318283808 -5.525609414585226 -7.83024062165749 5.165425177100726 5.189416679536879 5.181865707023105 -4.599305577823387 -3.4509727402210486 -3.852979889624018 3.509162353160553 7.339778952987633 13.291147022301333 -26.164444031709184 7.339778952987633 13.291147022301333 -26.164444031709184 7.339778952987633 13.291147022301333 -26.164444031709184 7.339778952987633 13.291147022301333 -26.164444031709184 7.339778952987633 13.291147022301333 -26.164444031709184 7.339778952987633 13.291147022301333 -26.164444031709184 2.2272368077220923 2.512458227113005 -2.0498365612200495 -1.9498818954340098 -1.6640690648455834 1.828795898342957 1.1548987714924026 3.9784116443201563 -1.190192931053997 -1.6508521634172195 1.4379914630143675 1.5234330206811475 -0.7490270662554094 4.723603632802075 0.12581549289046615 -1.9709567086297062 3.5768632291882163 1.7744690619340155 7.339778952987633 13.291147022301333 -26.164444031709184 7.339778952987633 13.291147022301333 -26.164444031709184 7.339778952987633 13.291147022301333 -26.164444031709184 7.339778952987633 13.291147022301333 -26.164444031709184 -0.09145827897339691 -4.078681262691159 -0.25050851055985474 0.1386774561440412 0.42419458113371067 -0.11052033143854623 -0.03392434519403738 -2.9529623017349413 -0.21551146577952762 0.023609588585322146 -1.827243340778724 -0.18051442099920048 0.052376555475001904 -1.2643838603006154 -0.16301589860903692 0.08114352236468167 -0.7015243798225067 -0.14551737621887334 
2.5200736435823115 -3.1160186181942175 -1.4596295131673995 7.230067790205955 13.196698015042909 -26.02962765074491 7.230067790205955 13.196698015042909 -26.02962765074491 7.230067790205955 13.196698015042909 -26.02962765074491 7.230067790205955 13.196698015042909 -26.02962765074491 7.230067790205955 13.196698015042909 -26.02962765074491 7.230067790205955 13.196698015042909 -26.02962765074491 7.230067790205955 13.196698015042909 -26.02962765074491 7.230067790205955 13.196698015042909 -26.02962765074491 7.230067790205955 13.196698015042909 -26.02962765074491 7.230067790205955 13.196698015042909 -26.02962765074491 2.9893644892612756 -0.23156061573613065 -3.1164336633974994 -3.030043036848203 -7.5923781218668625 2.3613881636995573 4.193203654134188 3.0265797474674048 -3.877267779915175 -5.309875171727623 -7.555005034047185 4.9128064039734785 4.819847908925888 4.627935508272135 -4.0274593186101 -3.3892702723676424 -3.763043403949754 3.3501223102639845 7.230067790205955 13.196698015042909 -26.02962765074491 7.230067790205955 13.196698015042909 -26.02962765074491 7.230067790205955 13.196698015042909 -26.02962765074491 7.230067790205955 13.196698015042909 -26.02962765074491 7.230067790205955 13.196698015042909 -26.02962765074491 7.230067790205955 13.196698015042909 -26.02962765074491 2.2878851898599337 2.52966908963801 -2.054214546669506 -1.8361770818146241 -1.5737933916170828 1.7051106829259788 1.079914051829518 3.89044646826157 -1.0677729674527288 -1.518607489344987 1.6094158102476182 1.2540473768610891 -0.7650783106668589 4.642244413781886 0.2333738563990499 -2.041237574823167 3.505508147742597 1.7859289950893038 7.230067790205955 13.196698015042909 -26.02962765074491 7.230067790205955 13.196698015042909 -26.02962765074491 7.230067790205955 13.196698015042909 -26.02962765074491 7.230067790205955 13.196698015042909 -26.02962765074491 -0.02033927379346388 -3.9119693688014965 -0.37752274984897116 0.22585405402265482 0.47793784901046377 -0.17455193187176365 0.0412090581605658 -2.814492564348506 -0.3267800453546693 0.10275739011459548 -1.7170157598955162 -0.2760373408603674 0.13353155609161033 -1.1682773576690213 -0.2506659886132165 0.16430572206862515 -0.6195389554425262 -0.22529463636606553 
2.3898038719635113 -3.1918690031426453 -1.4561270805267694 7.028437082839502 13.026515691824594 -25.89634447140786 7.028437082839502 13.026515691824594 -25.89634447140786 7.028437082839502 13.026515691824594 -25.89634447140786 7.028437082839502 13.026515691824594 -25.89634447140786 7.028437082839502 13.026515691824594 -25.89634447140786 7.028437082839502 13.026515691824594 -25.89634447140786 7.028437082839502 13.026515691824594 -25.89634447140786 7.028437082839502 13.026515691824594 -25.89634447140786 7.028437082839502 13.026515691824594 -25.89634447140786 7.028437082839502 13.026515691824594 -25.89634447140786 2.783083953698826 -0.4637501739298264 -2.979952143411125 -3.048484820055573 -7.627721329702881 2.3834204259496645 4.0204083289446855 2.8859274693589514 -3.7670749407902346 -5.124218497212325 -7.303538148247125 4.76527454676318 4.848229971517969 4.777806417532547 -4.20871072140035 -3.312806372394722 -3.6653139566835757 3.308043434327791 7.028437082839502 13.026515691824594 -25.89634447140786 7.028437082839502 13.026515691824594 -25.89634447140786 7.028437082839502 13.026515691824594 -25.89634447140786 7.028437082839502 13.026515691824594 -25.89634447140786 7.028437082839502 13.026515691824594 -25.89634447140786 7.028437082839502 13.026515691824594 -25.89634447140786 2.276358250564357 2.5063767520753415 -2.030283353047034 -1.91420077260007 -1.650699573119535 1.763208338720391 1.1433874956340406 3.9230852965049303 -1.0498021690853587 -1.4382875343479091 1.673535201242105 1.2310593648950434 -0.4554406682964359 4.780204430389546 0.14206563996922 -2.167833207416333 3.355956617722166 1.8988786576355883 7.028437082839502 13.026515691824594 -25.89634447140786 7.028437082839502 13.026515691824594 -25.89634447140786 7.028437082839502 13.026515691824594 -25.89634447140786 7.028437082839502 13.026515691824594 -25.89634447140786 -0.13270043317837354 -4.045735751816354 -0.2982658587307301 0.18107873898214352 0.4278385894779032 -0.13353750716332166 -0.05425564013824428 -2.9273421664927897 -0.257083770838878 0.02418915290188499 -1.8089485811692252 -0.21590168294702589 0.06341154942194963 -1.2497517885074432 -0.19531063900109982 0.10263394594201425 -0.6905549958456609 -0.17471959505517376 
2.3034891393615666 -3.2371132077463582 -1.3471115152290691 6.967925887410872 13.044977539003398 -25.86939244294133 6.967925887410872 13.044977539003398 -25.86939244294133 6.967925887410872 13.044977539003398 -25.86939244294133 6.967925887410872 13.044977539003398 -25.86939244294133 6.967925887410872 13.044977539003398 -25.86939244294133 6.967925887410872 13.044977539003398 -25.86939244294133 6.967925887410872 13.044977539003398 -25.86939244294133 6.967925887410872 13.044977539003398 -25.86939244294133 6.967925887410872 13.044977539003398 -25.86939244294133 6.967925887410872 13.044977539003398 -25.86939244294133 3.055014057803 -0.12697633263675903 -3.1613460868067094 -3.2106649252207116 -7.701776937294446 2.46957703960529 4.165235640082373 3.130765666359551 -3.8463217344328484 -5.988225598070882 -8.21084261054538 5.283746306896081 4.766265840215246 4.69281106530322 -4.198078020014775 -3.7827249332163593 -4.21862003641402 3.584338068638769 6.967925887410872 13.044977539003398 -25.86939244294133 6.967925887410872 13.044977539003398 -25.86939244294133 6.967925887410872 13.044977539003398 -25.86939244294133 6.967925887410872 13.044977539003398 -25.86939244294133 6.967925887410872 13.044977539003398 -25.86939244294133 6.967925887410872 13.044977539003398 -25.86939244294133 2.6795042517003385 2.8955651953700015 -2.2657687024684328 -1.7302239459505238 -1.4556529090982973 1.6333959118218575 1.335979908887179 4.102913520622096 -1.178262652554035 -1.6034601958499257 1.5217255871768303 1.3290823164547103 0.19749664469190936 5.272355830448472 -0.22654524083278083 -2.1876858844331917 3.3348451684551006 1.923294308921944 6.967925887410872 13.044977539003398 -25.86939244294133 6.967925887410872 13.044977539003398 -25.86939244294133 6.967925887410872 13.044977539003398 -25.86939244294133 6.967925887410872 13.044977539003398 -25.86939244294133 -0.07782543370885585 -3.9143766349656026 -0.3458845236007098 0.47464015287490735 0.7199561431358521 -0.31618639532328763 0.06029096293708495 -2.7557934404402387 -0.3384599915313543 0.19840735958302574 -1.5972102459148751 -0.33103545946199875 0.26746555790599613 -1.0179186486521934 -0.32732319342732097 0.3365237562289666 -0.4386270513895115 -0.3236109273926432 
2.3866945302122224 -3.1296915674749948 -1.4534480368008658 6.955179872114094 13.024254830401482 -25.851376099265206 6.955179872114094 13.024254830401482 -25.851376099265206 6.955179872114094 13.024254830401482 -25.851376099265206 6.955179872114094 13.024254830401482 -25.851376099265206 6.955179872114094 13.024254830401482 -25.851376099265206 6.955179872114094 13.024254830401482 -25.851376099265206 6.955179872114094 13.024254830401482 -25.851376099265206 6.955179872114094 13.024254830401482 -25.851376099265206 6.955179872114094 13.024254830401482 -25.851376099265206 6.955179872114094 13.024254830401482 -25.851376099265206 2.923034181371775 -0.23214505138315172 -3.120084588223278 -3.1519097089897463 -7.64406360110664 2.451239955804719 4.060913337421676 3.0286467427957406 -3.7668499740151624 -5.742212320725398 -7.92456017268513 5.044644135601689 4.688728231674673 4.619266205894836 -4.129448502052903 -3.6230235590068065 -4.098513156328232 3.5185924154101724 6.955179872114094 13.024254830401482 -25.851376099265206 6.955179872114094 13.024254830401482 -25.851376099265206 6.955179872114094 13.024254830401482 -25.851376099265206 6.955179872114094 13.024254830401482 -25.851376099265206 6.955179872114094 13.024254830401482 -25.851376099265206 6.955179872114094 13.024254830401482 -25.851376099265206 2.547372425847822 2.767453870425759 -2.1721361975216613 -1.6984025047464897 -1.4515124587175627 1.6440959982221897 1.1522233043257817 3.931194006469494 -1.0516229027210504 -1.4991956880299293 1.590456195345106 1.294675948711938 -0.0053886538004038744 5.100302742520411 -0.09250916466695269 -2.0388335755551896 3.443166244244333 1.8328509122511762 6.955179872114094 13.024254830401482 -25.851376099265206 6.955179872114094 13.024254830401482 -25.851376099265206 6.955179872114094 13.024254830401482 -25.851376099265206 6.955179872114094 13.024254830401482 -25.851376099265206 -0.1144377638089857 -3.938104326244896 -0.3344223162092795 0.42448496055066626 0.6579707058540982 -0.26402009964973594 0.020292917280927296 -2.7890855682201474 -0.3168217620693936 0.1550235983708403 -1.6400668101953988 -0.2992212079295077 0.22238893891579678 -1.0655574311830245 -0.2904209308595648 0.2897542794607533 -0.4910480521706503 -0.2816206537896218 
2.3345777424811733 -3.1588245835859956 -1.4304290924483698 6.730988010143655 12.854228373860028 -25.72524048679386 6.730988010143655 12.854228373860028 -25.72524048679386 6.730988010143655 12.854228373860028 -25.72524048679386 6.730988010143655 12.854228373860028 -25.72524048679386 6.730988010143655 12.854228373860028 -25.72524048679386 6.730988010143655 12.854228373860028 -25.72524048679386 6.730988010143655 12.854228373860028 -25.72524048679386 6.730988010143655 12.854228373860028 -25.72524048679386 6.730988010143655 12.854228373860028 -25.72524048679386 6.730988010143655 12.854228373860028 -25.72524048679386 2.655837388544864 -0.42702491243775353 -2.9666965826927822 -3.180942843455951 -7.691268700055429 2.445950997026287 3.748830161052854 2.709201575256551 -3.5988068038278396 -4.941130111806452 -7.173377365408047 4.586927774683506 4.554961996794788 4.4891431201088485 -4.033323972593939 -3.188515207890141 -3.7217526527829983 3.264239598919371 6.730988010143655 12.854228373860028 -25.72524048679386 6.730988010143655 12.854228373860028 -25.72524048679386 6.730988010143655 12.854228373860028 -25.72524048679386 6.730988010143655 12.854228373860028 -25.72524048679386 6.730988010143655 12.854228373860028 -25.72524048679386 6.730988010143655 12.854228373860028 -25.72524048679386 2.295901000833459 2.5369624168220946 -2.0123773097640103 -1.9102044859519398 -1.6180261901162523 1.7438516301665288 1.1525386446432329 3.8847213010169988 -1.0002692611911799 -1.645297554029373 1.5068795398217576 1.3376094845102735 -0.2507163229947752 4.931312788316936 0.10055811986859407 -1.62584040822173 3.732053663043328 1.5627654173435594 6.730988010143655 12.854228373860028 -25.72524048679386 6.730988010143655 12.854228373860028 -25.72524048679386 6.730988010143655 12.854228373860028 -25.72524048679386 6.730988010143655 12.854228373860028 -25.72524048679386 -0.2625527274555437 -4.059146806246591 -0.2603727928332475 0.1928482574407596 0.4594681133529212 -0.13426283979874085 -0.14870248123146787 -2.9294930763467133 -0.22884530457462082 -0.034852235007392054 -1.7998393464468352 -0.19731781631599415 0.022072888104645853 -1.2350124814968961 -0.18155407218668082 0.07899801121668376 -0.670185616546957 -0.1657903280573675 
2.359049729461397 -3.015623945550708 -1.5278214474039098 6.663189104771487 12.780262011577973 -25.633729009118735 6.663189104771487 12.780262011577973 -25.633729009118735 6.663189104771487 12.780262011577973 -25.633729009118735 6.663189104771487 12.780262011577973 -25.633729009118735 6.663189104771487 12.780262011577973 -25.633729009118735 6.663189104771487 12.780262011577973 -25.633729009118735 6.663189104771487 12.780262011577973 -25.633729009118735 6.663189104771487 12.780262011577973 -25.633729009118735 6.663189104771487 12.780262011577973 -25.633729009118735 6.663189104771487 12.780262011577973 -25.633729009118735 2.4080908772224414 -0.9353322237674074 -2.465955125919319 -2.8716824531126295 -7.174252906622497 1.9399403374372937 3.681031255680686 2.635235212974497 -3.507295326152713 -4.621773791640967 -6.5944681529216655 3.9501965340115937 4.26734379625916 4.0779951976161515 -3.4905842960513644 -2.9529726665293285 -3.3468267140971304 2.7822720053533025 6.663189104771487 12.780262011577973 -25.633729009118735 6.663189104771487 12.780262011577973 -25.633729009118735 6.663189104771487 12.780262011577973 -25.633729009118735 6.663189104771487 12.780262011577973 -25.633729009118735 6.663189104771487 12.780262011577973 -25.633729009118735 6.663189104771487 12.780262011577973 -25.633729009118735 2.0217409061707903 2.086649935745109 -1.4770434100658112 -1.7749425991406462 -1.42703268414989 1.489720259171088 0.9951276139973744 3.603761186549889 -0.6582886670410398 -1.5486200729466324 1.5884728395342147 1.1567978666387277 -0.4149946073558143 4.6911297261831795 0.43149341820211423 -1.5473979880658022 3.810292528506286 1.3765678518200257 6.663189104771487 12.780262011577973 -25.633729009118735 6.663189104771487 12.780262011577973 -25.633729009118735 6.663189104771487 12.780262011577973 -25.633729009118735 6.663189104771487 12.780262011577973 -25.633729009118735 -0.23179578794509392 -4.054792565194952 -0.26300739424101255 0.12339915351507194 0.3298086257976095 0.006338424552638432 -0.14299705258005246 -2.9586422674468116 -0.1956709395425998 -0.05419831721501099 -1.8624919696986713 -0.12833448484418705 -0.009798949532490258 -1.3144168208246012 -0.09466625749498069 0.034600418150030475 -0.7663416719505309 -0.06099803014577431 
2.43329671835675 -2.928240568295119 -1.530279394797251 6.70929259046947 12.754670314779126 -25.649594149490486 6.70929259046947 12.754670314779126 -25.649594149490486 6.70929259046947 12.754670314779126 -25.649594149490486 6.70929259046947 12.754670314779126 -25.649594149490486 6.70929259046947 12.754670314779126 -25.649594149490486 6.70929259046947 12.754670314779126 -25.649594149490486 6.70929259046947 12.754670314779126 -25.649594149490486 6.70929259046947 12.754670314779126 -25.649594149490486 6.70929259046947 12.754670314779126 -25.649594149490486 6.70929259046947 12.754670314779126 -25.649594149490486 2.482756815047954 -0.9538564732942295 -2.4012179679367023 -2.734877375736476 -7.031982299900906 1.7410889968534264 3.727134741378669 2.609643516175649 -3.523160466524463 -4.8001970395166405 -6.638582325660282 3.9551644023705066 4.319770731370657 4.180186384095536 -3.4403103502341104 -3.0551839715624287 -3.283248987642522 2.785195982788854 6.70929259046947 12.754670314779126 -25.649594149490486 6.70929259046947 12.754670314779126 -25.649594149490486 6.70929259046947 12.754670314779126 -25.649594149490486 6.70929259046947 12.754670314779126 -25.649594149490486 6.70929259046947 12.754670314779126 -25.649594149490486 6.70929259046947 12.754670314779126 -25.649594149490486 2.108233462881483 2.1033192289883558 -1.4673844685927377 -1.9436678505737979 -1.5435362514756974 1.531227335585536 1.4281400889775908 3.887144409579699 -0.8431849567375141 -1.803261850809504 1.3977114917178215 1.2805582668419402 0.1295989243401537 4.957136415185063 0.1312955499090887 -2.2917433941544187 3.244305460526614 1.7810070704734506 6.70929259046947 12.754670314779126 -25.649594149490486 6.70929259046947 12.754670314779126 -25.649594149490486 6.70929259046947 12.754670314779126 -25.649594149490486 6.70929259046947 12.754670314779126 -25.649594149490486 -0.1260602803442607 -3.9929193865975674 -0.33006448554163775 0.08228280615384248 0.27989148875632924 0.03192143349639912 -0.0739745087197349 -2.9247166677590934 -0.23956800578212853 -0.02188873709520911 -1.856513948920619 -0.1490715260226193 0.004154148717053788 -1.3224125895013819 -0.1038232861428647 0.030197034529316685 -0.7883112300821449 -0.058575046263110095 
2.5957255727058173 -2.6908324425994152 -1.802682245710923 6.808060542747523 12.815877844045339 -25.777804131991623 6.808060542747523 12.815877844045339 -25.777804131991623 6.808060542747523 12.815877844045339 -25.777804131991623 6.808060542747523 12.815877844045339 -25.777804131991623 6.808060542747523 12.815877844045339 -25.777804131991623 6.808060542747523 12.815877844045339 -25.777804131991623 6.808060542747523 12.815877844045339 -25.777804131991623 6.808060542747523 12.815877844045339 -25.777804131991623 6.808060542747523 12.815877844045339 -25.777804131991623 6.808060542747523 12.815877844045339 -25.777804131991623 2.611412037661956 -0.8137439193864822 -2.7273942960335416 -2.764243552147135 -7.247379296908179 1.978010194490808 3.5923855009170693 2.4758800513165236 -3.3829822495228155 -4.917471470091968 -6.896755642009298 4.304660079062515 4.515221211266571 4.410253142525921 -3.652421316641412 -3.0511404211260746 -3.3879093115307994 2.9987074562563514 6.808060542747523 12.815877844045339 -25.777804131991623 6.808060542747523 12.815877844045339 -25.777804131991623 6.808060542747523 12.815877844045339 -25.777804131991623 6.808060542747523 12.815877844045339 -25.777804131991623 6.808060542747523 12.815877844045339 -25.777804131991623 6.808060542747523 12.815877844045339 -25.777804131991623 2.0987939426294617 2.227684802678745 -1.6993073286345688 -2.0913064600967814 -1.807176942284628 1.8243254224463636 1.4421256395279272 4.043910289666644 -1.0820097931692605 -1.9393867917899223 1.320099365789303 1.4449295034370164 0.16437782651014712 5.0979928789865765 -0.0818441548318373 -2.2564930359670794 3.2679770237550874 1.8780087288513374 6.808060542747523 12.815877844045339 -25.777804131991623 6.808060542747523 12.815877844045339 -25.777804131991623 6.808060542747523 12.815877844045339 -25.777804131991623 6.808060542747523 12.815877844045339 -25.777804131991623 -0.07641575724258938 -4.030561608147331 -0.374692050771367 0.003743741266340225 0.2102539301970585 0.06250904690589738 -0.056375882615356976 -2.970357723561234 -0.2653917763520509 -0.03633600798812458 -1.9101538389751365 -0.15609150193273483 -0.026316070674508377 -1.3800518966820876 -0.10144136472307677 -0.016296133360892178 -0.849949954389039 -0.04679122751341872 
2.504025738700646 -2.8373912050047814 -1.7649719507300912 6.666980535943192 12.69497382362806 -25.713601317485583 6.666980535943192 12.69497382362806 -25.713601317485583 6.666980535943192 12.69497382362806 -25.713601317485583 6.666980535943192 12.69497382362806 -25.713601317485583 6.666980535943192 12.69497382362806 -25.713601317485583 6.666980535943192 12.69497382362806 -25.713601317485583 6.666980535943192 12.69497382362806 -25.713601317485583 6.666980535943192 12.69497382362806 -25.713601317485583 6.666980535943192 12.69497382362806 -25.713601317485583 6.666980535943192 12.69497382362806 -25.713601317485583 2.386121753778141 -1.0076197852481175 -2.5762297664695857 -2.8463455449255703 -7.290021733791109 2.0008793602905444 3.4860846312407556 2.356294112417171 -3.3234807094635723 -4.88000361264739 -6.862243497301409 4.248606391195269 4.431851966554166 4.33264251438371 -3.5836153275857106 -3.269094510301842 -3.525777955970656 3.1004084828278176 6.666980535943192 12.69497382362806 -25.713601317485583 6.666980535943192 12.69497382362806 -25.713601317485583 6.666980535943192 12.69497382362806 -25.713601317485583 6.666980535943192 12.69497382362806 -25.713601317485583 6.666980535943192 12.69497382362806 -25.713601317485583 6.666980535943192 12.69497382362806 -25.713601317485583 2.1904337613960396 2.3025648281149413 -1.7344643598882288 -1.9537196123789913 -1.672478473358766 1.7360194996141405 1.466302052914782 4.080518480724595 -1.082059933722633 -1.9345389913927484 1.3285171471793231 1.440405926317444 0.5574685593154525 5.3923146489513005 -0.27962740510154993 -2.138586192253441 3.402680918903791 1.8181297927161553 6.666980535943192 12.69497382362806 -25.713601317485583 6.666980535943192 12.69497382362806 -25.713601317485583 6.666980535943192 12.69497382362806 -25.713601317485583 6.666980535943192 12.69497382362806 -25.713601317485583 -0.2301118955737149 -4.148820759519613 -0.28767520308952066 0.11835707450852419 0.31504317737808757 0.0007775698629558733 -0.14299465305315512 -3.032854775295188 -0.21556200985140153 -0.05587741053259535 -1.9168887910707628 -0.1434488166132824 -0.012318789272315467 -1.3589057989585502 -0.10739221999422283 0.031239831987964418 -0.8009228068463377 -0.07133562337516326 
2.3952874268412505 -2.9755820593498465 -1.650188473964875 6.719314715524056 12.764089596527844 -25.79459545353156 6.719314715524056 12.764089596527844 -25.79459545353156 6.719314715524056 12.764089596527844 -25.79459545353156 6.719314715524056 12.764089596527844 -25.79459545353156 6.719314715524056 12.764089596527844 -25.79459545353156 6.719314715524056 12.764089596527844 -25.79459545353156 6.719314715524056 12.764089596527844 -25.79459545353156 6.719314715524056 12.764089596527844 -25.79459545353156 6.719314715524056 12.764089596527844 -25.79459545353156 6.719314715524056 12.764089596527844 -25.79459545353156 2.309666331101126 -1.192392296384316 -2.4727503546989786 -2.6410818604777915 -6.984621886503834 1.7299037902561114 2.9792787910199925 1.6311326487950164 -2.4784330050606487 -4.6268468804628995 -6.549007314930922 3.9352480831950944 4.350756317634029 4.255199368524426 -3.538502921752894 -3.1002148178234656 -3.338582974989245 2.8777981091510676 6.719314715524056 12.764089596527844 -25.79459545353156 6.719314715524056 12.764089596527844 -25.79459545353156 6.719314715524056 12.764089596527844 -25.79459545353156 6.719314715524056 12.764089596527844 -25.79459545353156 6.719314715524056 12.764089596527844 -25.79459545353156 6.719314715524056 12.764089596527844 -25.79459545353156 2.073946077260203 2.1613931454790825 -1.6174111134963927 -1.7913021053313534 -1.4958051192113782 1.5345606985591664 1.3285313537456844 3.9872883574869875 -1.0059278309406936 -1.8127551047875163 1.4674618920998013 1.295452302208125 0.39864097890995864 5.373501558802998 -0.2108884805245785 -1.8639065076292471 3.6600146801812157 1.6011391970694906 6.719314715524056 12.764089596527844 -25.79459545353156 6.719314715524056 12.764089596527844 -25.79459545353156 6.719314715524056 12.764089596527844 -25.79459545353156 6.719314715524056 12.764089596527844 -25.79459545353156 -0.16570776468833254 -4.088507091444075 -0.3714232822214338 0.14132198596442475 0.33279401313385215 -0.041425207468613126 -0.08895032702514322 -2.9831818152995933 -0.28892376353322863 -0.012192889361953896 -1.8778565391551116 -0.20642424484502345 0.026185829469640765 -1.3251939010828706 -0.16517448550092087 0.06456454830123542 -0.7725312630106298 -0.1239247261568183 
2.5978011220470054 -2.8639235479488527 -1.72067954935705 6.613239333537303 12.603828763012828 -25.733804694975305 6.613239333537303 12.603828763012828 -25.733804694975305 6.613239333537303 12.603828763012828 -25.733804694975305 6.613239333537303 12.603828763012828 -25.733804694975305 6.613239333537303 12.603828763012828 -25.733804694975305 6.613239333537303 12.603828763012828 -25.733804694975305 6.613239333537303 12.603828763012828 -25.733804694975305 6.613239333537303 12.603828763012828 -25.733804694975305 6.613239333537303 12.603828763012828 -25.733804694975305 6.613239333537303 12.603828763012828 -25.733804694975305 2.2053523528921737 -1.2837306622014453 -2.4942733647210016 -2.3585662363782025 -6.762481886865069 1.6543314694782516 2.8316558110847976 1.5229088138208269 -2.458628086375092 -4.785112129706931 -6.678885548393195 4.095707964269734 4.341643446860956 4.282801527967051 -3.5764486918522045 -3.2062901998102182 -3.498843808504262 2.938588867707323 6.613239333537303 12.603828763012828 -25.733804694975305 6.613239333537303 12.603828763012828 -25.733804694975305 6.613239333537303 12.603828763012828 -25.733804694975305 6.613239333537303 12.603828763012828 -25.733804694975305 6.613239333537303 12.603828763012828 -25.733804694975305 6.613239333537303 12.603828763012828 -25.733804694975305 1.7579817336000705 1.9937237985269243 -1.4966838207289745 -1.379902896805987 -1.187530673258142 1.3512811428633518 0.6401036676893473 3.559082871431278 -0.6922119938983344 -1.6385330879308002 1.6115417942495949 1.227094899973719 0.29256559692320566 5.213240725287981 -0.15009772196832322 -1.2986991804654424 4.092096595887265 1.3220188846086018 6.613239333537303 12.603828763012828 -25.733804694975305 6.613239333537303 12.603828763012828 -25.733804694975305 6.613239333537303 12.603828763012828 -25.733804694975305 6.613239333537303 12.603828763012828 -25.733804694975305 -0.07660694174301458 -4.023106274533257 -0.41997094762137477 0.1890394183970417 0.40309656263439103 -0.07270133893281137 -0.01019535170800051 -2.916555565241345 -0.3331535454492339 0.05621623832701356 -1.8100048559494328 -0.24633614327709308 0.08942203334452059 -1.256729501303477 -0.20292744219102266 0.12262782836202762 -0.7034541466575209 -0.15951874110495223 
2.7979083496247292 -2.5891581139547806 -1.8880631090118472 6.369859136491134 12.404138253721783 -25.614920365543334 6.369859136491134 12.404138253721783 -25.614920365543334 6.369859136491134 12.404138253721783 -25.614920365543334 6.369859136491134 12.404138253721783 -25.614920365543334 6.369859136491134 12.404138253721783 -25.614920365543334 6.369859136491134 12.404138253721783 -25.614920365543334 6.369859136491134 12.404138253721783 -25.614920365543334 6.369859136491134 12.404138253721783 -25.614920365543334 6.369859136491134 12.404138253721783 -25.614920365543334 6.369859136491134 12.404138253721783 -25.614920365543334 2.1831862732221334 -1.0062671957435658 -2.840583221204147 -2.504041881845225 -7.1086490442292645 2.095541198548237 2.9988932886434423 2.0873008816600787 -3.316463337632519 -4.838291795933208 -7.097801373832712 4.634772321089566 4.165296520108138 4.251961570702914 -3.843983775681426 -2.9160880130016227 -3.438430722757758 3.159304871307639 6.369859136491134 12.404138253721783 -25.614920365543334 6.369859136491134 12.404138253721783 -25.614920365543334 6.369859136491134 12.404138253721783 -25.614920365543334 6.369859136491134 12.404138253721783 -25.614920365543334 6.369859136491134 12.404138253721783 -25.614920365543334 6.369859136491134 12.404138253721783 -25.614920365543334 1.414114976525862 1.931915192427709 -1.662858577476116 -1.649175066684782 -1.5013032290013715 1.729667828416096 0.27839618445065917 3.3541062466722327 -0.6774699251534184 -1.1832706247656652 1.6843330969376002 1.3836890874198946 0.04918539987703561 5.013550215996936 -0.031213392536353846 -0.7961136102214876 4.418442475121992 1.257660031914348 6.369859136491134 12.404138253721783 -25.614920365543334 6.369859136491134 12.404138253721783 -25.614920365543334 6.369859136491134 12.404138253721783 -25.614920365543334 6.369859136491134 12.404138253721783 -25.614920365543334 -0.16042780431154546 -4.057458119986415 -0.3725210113279551 -0.11753004507945994 0.21530598171316875 0.033404625469989915 -0.1497033645035241 -2.989267094561519 -0.2710396021284689 -0.13897892469550271 -1.921076069136623 -0.1695581929289826 -0.133616704791492 -1.386980556424175 -0.11881748832923948 -0.1282544848874813 -0.8528850437117271 -0.06807678372949635 
2.795017133728709 -2.6705941347215507 -1.806073001220502 6.457895511242571 12.484082913031111 -25.657876769727764 6.457895511242571 12.484082913031111 -25.657876769727764 6.457895511242571 12.484082913031111 -25.657876769727764 6.457895511242571 12.484082913031111 -25.657876769727764 6.457895511242571 12.484082913031111 -25.657876769727764 6.457895511242571 12.484082913031111 -25.657876769727764 6.457895511242571 12.484082913031111 -25.657876769727764 6.457895511242571 12.484082913031111 -25.657876769727764 6.457895511242571 12.484082913031111 -25.657876769727764 6.457895511242571 12.484082913031111 -25.657876769727764 2.450076594171584 -0.7396980136928015 -3.043562543745681 -2.4475681200062938 -7.0265469244341725 2.0025441218873006 3.2157726212866935 2.266247266009322 -3.4410028856855264 -5.144298338149962 -7.436086451996554 4.861315909451617 4.388075027885541 4.437673671679238 -3.9596479954078494 -3.1003171702916683 -3.626516791529362 3.32463741901989 6.457895511242571 12.484082913031111 -25.657876769727764 6.457895511242571 12.484082913031111 -25.657876769727764 6.457895511242571 12.484082913031111 -25.657876769727764 6.457895511242571 12.484082913031111 -25.657876769727764 6.457895511242571 12.484082913031111 -25.657876769727764 6.457895511242571 12.484082913031111 -25.657876769727764 1.7485468226258574 2.2127072471411524 -1.890027887644961 -1.5633141117525289 -1.3800125379261468 1.5379936434110475 0.6294329583911055 3.592539228795224 -0.8871336889498713 -1.9395516670423767 1.1472989848463848 1.8282637349505744 0.13722177462847313 5.093494875306264 -0.07416979672078369 -1.1690935254751165 4.129493580523029 1.5468629706546881 6.457895511242571 12.484082913031111 -25.657876769727764 6.457895511242571 12.484082913031111 -25.657876769727764 6.457895511242571 12.484082913031111 -25.657876769727764 6.457895511242571 12.484082913031111 -25.657876769727764 0.0012542370826452882 -3.8831224690634873 -0.5205092109291903 0.09261635543666419 0.41634735460750283 -0.17601712211695672 0.024094766671150014 -2.8082550131457396 -0.43438618872613194 0.04693529625965474 -1.7333875572279922 -0.34826316652307354 0.0583555610539071 -1.1959538292691185 -0.3052016554215443 0.06977582584815946 -0.6585201013102446 -0.26214014432001514 
2.7398616442940518 -2.773193626101454 -1.763450643879786 6.425021468025789 12.423075767791106 -25.653804497498637 6.425021468025789 12.423075767791106 -25.653804497498637 6.425021468025789 12.423075767791106 -25.653804497498637 6.425021468025789 12.423075767791106 -25.653804497498637 6.425021468025789 12.423075767791106 -25.653804497498637 6.425021468025789 12.423075767791106 -25.653804497498637 6.425021468025789 12.423075767791106 -25.653804497498637 6.425021468025789 12.423075767791106 -25.653804497498637 6.425021468025789 12.423075767791106 -25.653804497498637 6.425021468025789 12.423075767791106 -25.653804497498637 1.6820521487208373 -1.755631374576008 -2.1991718640775972 -2.259486659092997 -6.778775512270069 1.804803667629416 2.7461407121206642 1.7436954125778643 -3.0072263749624106 -4.159530186237704 -6.306998289257387 4.090942782656819 3.915652791080771 3.982300745322674 -3.6178091271275648 -3.1331912135084505 -3.687523936769366 3.328709691249016 6.425021468025789 12.423075767791106 -25.653804497498637 6.425021468025789 12.423075767791106 -25.653804497498637 6.425021468025789 12.423075767791106 -25.653804497498637 6.425021468025789 12.423075767791106 -25.653804497498637 6.425021468025789 12.423075767791106 -25.653804497498637 6.425021468025789 12.423075767791106 -25.653804497498637 1.1972029607330072 1.625054541154553 -1.3651263807454592 -1.292233072443192 -1.145262269548042 1.3981540305798503 0.18314116483996373 3.256251800416894 -0.5414314292745454 -0.571842756194931 2.3340382470694077 0.7145431864235964 -1.6997801415310783 4.121127530047828 0.8681313697858354 0.6520126072190581 5.384916731933101 0.28893109174281745 6.425021468025789 12.423075767791106 -25.653804497498637 6.425021468025789 12.423075767791106 -25.653804497498637 6.425021468025789 12.423075767791106 -25.653804497498637 6.425021468025789 12.423075767791106 -25.653804497498637 -0.2887172551860802 -4.267203443423038 -0.19718409822409075 -0.04751505585509237 0.23989613580325556 0.01651382491719551 -0.22841670535333325 -3.1404285486164647 -0.1437596174387692 -0.16811615552058629 -2.0136536538098913 -0.09033513665344761 -0.1379658806042128 -1.4502662064066045 -0.06362289626078683 -0.10781560568783932 -0.8868787590033178 -0.03691065586812605 
2.792003497477248 -2.7479763507415065 -1.7822854709077227 6.400227851937593 12.370925752973601 -25.608349239963204 6.400227851937593 12.370925752973601 -25.608349239963204 6.400227851937593 12.370925752973601 -25.608349239963204 6.400227851937593 12.370925752973601 -25.608349239963204 6.400227851937593 12.370925752973601 -25.608349239963204 6.400227851937593 12.370925752973601 -25.608349239963204 6.400227851937593 12.370925752973601 -25.608349239963204 6.400227851937593 12.370925752973601 -25.608349239963204 6.400227851937593 12.370925752973601 -25.608349239963204 6.400227851937593 12.370925752973601 -25.608349239963204 1.7463039524879787 -1.7175173628449305 -2.297542856769808 -2.1283568020370804 -6.597789074895869 1.625079776295021 2.658779659976785 1.6029018210777433 -2.8652851098358822 -3.864225934808968 -5.866644751109676 3.642174746608758 3.869382610898653 3.90407649962783 -3.557224986114122 -3.157984829596646 -3.739673951586872 3.3741649487844505 6.400227851937593 12.370925752973601 -25.608349239963204 6.400227851937593 12.370925752973601 -25.608349239963204 6.400227851937593 12.370925752973601 -25.608349239963204 6.400227851937593 12.370925752973601 -25.608349239963204 6.400227851937593 12.370925752973601 -25.608349239963204 6.400227851937593 12.370925752973601 -25.608349239963204 1.1254111036123966 1.5198958736282506 -1.2341047125478475 -1.2402475646008388 -1.0600807809067663 1.3032913086104547 0.0680121497916295 3.11452552500863 -0.3709895071005009 -0.6421793412282132 2.260071697353657 0.7840096492805446 -1.7805490390003904 4.027923602236705 1.0020112133934826 0.5536505370274891 5.300287253152858 0.3767010003031254 6.400227851937593 12.370925752973601 -25.608349239963204 6.400227851937593 12.370925752973601 -25.608349239963204 6.400227851937593 12.370925752973601 -25.608349239963204 6.400227851937593 12.370925752973601 -25.608349239963204 -0.19102642477455087 -4.1576532188704 -0.3362315402373934 -0.05741823049422105 0.22990754636074218 0.03459329803130359 -0.1576243762044684 -3.060763027562614 -0.24352533067021914 -0.12422232763438595 -1.9638728362548288 -0.1508191211030449 -0.10752130334934473 -1.415427740600936 -0.10446601631945779 -0.0908202790643035 -0.8669826449470432 -0.05811291153587066 
3.187516782862982 -2.370574356344571 -1.9875319115504266 6.260769446848152 12.264076217268853 -25.555845980469797 6.260769446848152 12.264076217268853 -25.555845980469797 6.260769446848152 12.264076217268853 -25.555845980469797 6.260769446848152 12.264076217268853 -25.555845980469797 6.260769446848152 12.264076217268853 -25.555845980469797 6.260769446848152 12.264076217268853 -25.555845980469797 6.260769446848152 12.264076217268853 -25.555845980469797 6.260769446848152 12.264076217268853 -25.555845980469797 6.260769446848152 12.264076217268853 -25.555845980469797 6.260769446848152 12.264076217268853 -25.555845980469797 1.8977762519745622 -1.6958721498187292 -1.9612592999822005 -1.9105576728838978 -6.295127608709803 1.2006629815902377 2.3394077635782033 0.922641497488499 -2.0027305294254654 -4.089845364382298 -5.991503094033179 3.3844732181688864 3.8047297498319033 3.665229047766173 -3.18389503458388 -2.0577931380126566 -2.42710136092243 2.1377062955007133 6.260769446848152 12.264076217268853 -25.555845980469797 6.260769446848152 12.264076217268853 -25.555845980469797 6.260769446848152 12.264076217268853 -25.555845980469797 6.260769446848152 12.264076217268853 -25.555845980469797 6.260769446848152 12.264076217268853 -25.555845980469797 6.260769446848152 12.264076217268853 -25.555845980469797 1.681853533477001 1.8078601867685722 -1.3519053824641345 -1.2928549836211989 -0.9550500524430712 1.0890417191055695 0.4820883617000034 3.288679043603986 -0.48560583646411704 -1.1190166605662637 1.9250596387137855 0.8931630442836357 -1.5039192928075333 4.07234490478332 0.9592043170087416 -1.4193853311507918 4.053414303147435 1.3086764188124325 6.260769446848152 12.264076217268853 -25.555845980469797 6.260769446848152 12.264076217268853 -25.555845980469797 6.260769446848152 12.264076217268853 -25.555845980469797 6.260769446848152 12.264076217268853 -25.555845980469797 -0.006390710454667999 -3.995499879264266 -0.38029815919598137 0.194499274927901 0.4264050671627505 -0.13143183167928257 0.04383178589097425 -2.890023642657512 -0.31808157731680664 0.09405428223661651 -1.7845474060507578 -0.25586499543763197 0.11916553040943764 -1.2318092877473807 -0.22475670449804463 0.14427677858225876 -0.6790711694440037 -0.19364841355845727 
