51 414 52 397 57 393 62 386 40 403 39 407 38 407 84 377 60 390 82 414 73 417 149 417 120 370 136 475 110 413 56 426 81 427 38 405 80 429 337 446 302 425 216 480 185 435 273 479 244 454 295 472 260 455 242 499 231 475 
58 403 53 389 57 386 62 383 48 392 46 393 44 395 84 371 61 387 83 410 73 412 150 412 108 383 136 454 98 415 54 417 57 422 33 387 67 423 338 445 301 426 228 481 189 447 294 486 258 460 317 479 274 458 268 512 257 481 
52 407 47 391 51 389 59 385 40 393 39 395 38 395 81 373 59 385 72 409 65 412 146 414 101 383 123 449 86 415 30 400 38 406 16 370 44 408 338 445 297 425 224 488 182 447 294 500 259 469 319 494 277 469 264 527 256 492 
51 406 47 391 51 389 59 387 40 393 39 393 46 387 81 378 65 379 73 406 66 410 149 420 114 377 119 454 81 392 33 405 29 391 20 378 36 399 343 446 310 422 224 487 191 446 291 500 257 468 316 496 275 467 261 525 252 490 
53 402 47 391 51 389 59 385 40 393 43 388 47 386 81 378 65 378 73 404 66 408 147 420 117 377 102 452 74 383 25 395 18 386 18 370 21 392 342 446 310 422 224 483 191 447 291 501 259 469 316 496 276 468 262 526 258 493 
54 403 48 391 52 388 61 385 40 395 40 390 46 388 81 376 65 379 73 405 66 408 153 419 110 379 128 453 80 388 40 404 32 392 20 387 35 397 343 446 309 422 227 483 194 451 297 502 263 471 321 496 279 469 269 531 262 497 
59 403 48 394 56 388 62 386 41 397 41 393 48 389 83 376 65 379 76 405 68 408 156 419 113 378 135 454 81 407 48 415 32 393 26 399 38 401 344 446 309 422 232 489 195 455 304 509 268 476 329 503 285 474 275 540 265 503 
59 407 48 393 56 388 62 386 41 397 41 394 48 390 85 375 64 380 78 409 68 409 158 418 114 381 140 457 81 413 53 422 36 396 30 404 42 403 344 446 309 422 233 489 200 454 300 506 266 475 325 501 284 474 272 535 261 500 
54 409 48 393 55 389 61 387 39 397 38 394 40 391 85 375 63 380 76 408 66 409 158 418 111 381 139 459 80 423 53 424 32 399 29 404 40 405 344 446 309 422 232 488 200 453 299 504 264 474 323 499 282 473 272 532 259 499 
52 409 49 392 55 388 60 386 38 397 39 391 40 390 84 374 61 380 76 410 64 410 158 416 108 381 138 462 79 426 52 424 30 399 27 404 37 407 344 445 308 422 232 488 200 453 299 503 264 473 322 498 280 472 272 531 259 497 
52 407 49 390 55 387 60 385 41 392 40 390 40 389 81 374 60 380 73 409 63 410 150 415 106 383 127 452 82 423 28 401 45 401 12 375 42 401 344 445 306 423 239 487 203 453 302 501 266 471 324 494 281 467 277 530 266 497 
53 410 49 390 58 387 62 385 41 393 40 391 40 391 82 372 60 380 74 407 63 410 151 415 103 382 127 452 82 427 28 404 66 404 13 379 67 402 344 445 303 422 237 487 191 450 304 502 266 472 327 496 283 470 275 532 264 498 
48 413 47 393 54 387 61 386 39 395 38 394 34 393 82 374 60 380 74 414 63 412 153 418 104 383 133 463 92 425 33 427 69 413 14 407 69 408 345 446 307 422 226 487 188 446 300 501 264 467 327 495 282 466 268 530 256 492 
48 413 47 395 54 390 61 389 39 396 38 395 33 394 83 378 60 381 74 414 63 413 157 419 105 383 137 464 91 427 41 430 72 416 19 411 70 411 346 447 307 422 224 493 187 446 300 504 264 469 326 498 282 468 267 532 252 492 
48 414 47 396 54 391 63 387 39 397 38 395 33 394 85 377 60 383 76 413 65 415 162 419 104 383 155 466 95 426 71 435 103 421 49 417 98 421 345 448 290 416 228 494 187 446 299 501 258 466 322 494 276 465 267 529 247 490 
48 412 48 395 54 391 62 388 40 393 39 391 35 390 87 375 64 380 76 414 67 413 162 420 116 373 112 465 94 426 57 419 90 420 38 397 87 420 345 448 289 411 229 490 188 440 293 497 253 462 315 492 270 462 259 521 239 485 
53 410 53 393 60 390 66 388 44 392 43 390 41 389 95 377 74 377 85 413 76 411 170 420 126 371 103 465 94 423 51 421 84 429 35 398 80 428 346 448 289 409 221 488 181 437 287 498 250 462 310 494 268 463 253 521 235 485 
53 410 53 392 60 390 66 388 44 392 43 390 41 389 95 378 73 377 85 416 76 411 177 429 126 370 120 472 104 412 54 428 99 433 42 411 90 431 346 448 290 403 224 488 182 434 286 495 248 458 306 489 265 457 254 519 234 482 
60 408 59 391 64 389 70 388 50 390 50 388 50 387 100 379 75 378 92 414 85 411 175 428 134 363 108 462 103 362 42 409 71 391 38 383 90 387 346 448 290 402 224 489 187 435 276 495 242 458 295 490 257 458 244 518 226 479 
60 407 58 390 71 386 75 386 50 389 50 387 50 386 98 378 80 373 91 413 85 407 174 427 135 361 108 464 102 376 42 411 71 399 37 387 88 396 346 448 293 401 201 489 166 429 273 498 242 460 295 493 260 461 244 518 230 481 
51 402 54 381 71 380 74 379 44 381 44 379 44 378 97 374 80 368 84 412 73 408 173 425 131 362 111 485 100 420 42 435 73 451 32 406 84 448 343 448 293 402 206 504 164 431 276 513 245 474 301 505 266 475 246 544 237 508 
48 394 53 371 65 369 70 368 42 370 42 367 42 366 97 362 78 361 80 404 69 403 176 419 124 363 117 492 100 422 50 440 78 461 36 409 83 464 343 445 293 406 237 502 179 436 293 510 249 474 313 503 267 473 265 541 247 509 
48 380 54 357 65 356 71 354 42 356 42 354 42 353 100 352 77 351 80 392 69 389 177 414 119 360 129 498 108 420 61 452 112 459 44 423 120 463 342 442 292 407 243 504 180 436 297 509 253 473 315 502 271 473 267 539 256 507 
69 365 65 344 81 346 86 345 52 343 65 346 63 345 112 342 86 340 91 383 76 384 183 401 122 354 140 492 123 418 78 447 129 463 62 422 134 470 344 438 288 398 272 493 212 433 303 502 257 466 316 494 271 466 279 530 260 502 
68 362 67 340 77 339 83 338 57 336 61 334 61 331 111 336 94 331 95 375 85 376 193 395 132 341 164 490 151 418 92 451 158 471 73 425 164 480 348 437 297 399 275 496 219 436 313 509 269 473 328 502 282 472 280 538 266 511 
69 358 69 337 76 336 82 336 61 332 63 329 62 325 117 330 103 313 95 371 86 369 214 399 139 327 214 495 151 418 142 507 149 489 118 491 149 502 353 435 303 400 280 487 234 436 311 509 273 473 327 505 285 474 277 537 264 508 
73 349 74 325 80 324 85 324 67 321 67 318 67 316 128 320 113 304 99 363 91 363 225 394 148 316 231 495 173 417 168 521 174 478 146 508 173 486 356 433 310 398 308 480 256 433 330 509 289 464 342 506 300 464 291 536 275 495 
85 338 89 313 97 312 121 321 78 311 76 308 75 305 149 308 109 300 113 350 98 352 250 387 157 309 267 503 169 417 190 539 153 475 163 524 152 489 360 431 315 396 311 482 262 432 333 509 298 456 346 506 308 454 294 537 285 484 
87 318 93 296 101 297 112 298 81 293 80 291 79 289 151 299 112 287 114 337 99 338 248 374 154 302 276 500 178 409 214 545 166 471 191 534 160 482 359 423 313 389 309 462 263 414 330 500 293 436 344 499 303 436 289 528 279 462 
110 313 119 293 135 295 142 296 105 289 103 287 102 284 172 290 130 279 137 328 121 326 262 359 168 298 283 499 169 397 203 531 154 456 178 519 152 465 364 417 317 385 299 466 265 418 331 506 318 455 349 505 334 455 290 540 306 491 
132 291 147 277 154 278 159 280 126 261 124 258 124 257 185 280 146 259 149 305 136 300 260 359 175 294 271 490 164 389 215 539 149 452 198 539 147 463 363 419 319 388 306 494 273 451 337 556 322 523 357 559 338 529 292 595 304 566 
152 260 159 247 163 247 168 246 148 246 145 246 142 246 184 254 152 251 166 271 152 274 259 310 174 292 252 417 183 371 205 458 166 414 192 465 162 424 360 399 322 388 316 499 316 476 341 600 349 568 360 611 363 577 300 646 332 620 
144 250 152 234 158 235 165 237 143 229 142 227 141 226 197 242 162 231 165 271 150 266 270 312 187 275 302 440 209 355 280 529 196 426 269 547 192 437 362 406 331 388 325 497 300 480 339 565 343 557 355 569 357 562 303 603 336 599 
155 234 165 216 171 218 179 220 157 211 157 208 156 206 208 227 174 213 173 255 158 250 270 314 199 260 303 436 232 332 291 539 210 398 283 557 202 409 361 405 333 391 335 498 316 499 333 560 371 572 337 560 381 574 300 577 378 619 
169 235 179 216 184 216 191 217 171 212 170 210 170 208 224 220 192 211 187 254 171 252 294 317 204 257 308 438 245 340 291 557 224 412 282 596 212 424 366 405 332 391 355 497 320 494 329 517 375 549 329 516 387 550 287 529 380 588 
184 224 195 204 201 205 209 205 184 201 181 199 179 197 241 210 200 204 200 241 185 242 308 304 210 257 328 433 251 342 311 551 234 399 298 584 228 425 370 404 325 387 372 511 325 510 368 535 385 584 370 536 396 589 352 552 399 626 
196 213 205 192 210 192 216 192 196 190 194 189 193 187 248 197 211 194 211 229 197 231 322 289 221 255 343 432 249 333 322 557 234 388 318 600 227 420 373 403 323 386 358 525 312 511 362 545 370 578 367 543 383 579 352 574 383 630 
208 206 220 186 225 185 231 185 211 185 209 183 208 182 261 193 226 188 222 222 210 222 334 279 237 252 351 433 252 327 324 558 239 385 319 594 237 409 376 402 321 385 363 528 306 484 384 564 363 566 390 562 376 570 382 600 370 613 
218 196 229 176 233 175 238 175 221 175 220 175 219 173 268 181 241 178 232 212 222 213 344 266 244 245 364 410 256 316 350 523 244 379 350 572 241 403 375 398 318 383 376 522 314 486 398 597 368 595 406 602 379 605 391 645 371 641 
231 188 242 169 247 168 252 168 234 169 234 168 233 167 278 173 258 171 245 204 236 204 355 262 258 236 371 397 262 310 366 504 246 372 372 538 242 396 374 399 318 383 368 519 310 477 380 587 366 580 388 592 375 590 364 633 350 626 
242 181 250 162 255 161 261 160 244 162 243 161 243 160 288 164 270 162 255 196 248 196 361 253 271 225 383 379 266 306 383 478 250 372 370 513 244 397 374 401 314 394 366 523 312 508 381 616 354 610 391 625 362 625 362 662 333 651 
252 172 260 155 264 155 269 153 253 156 252 155 251 154 297 155 274 155 264 186 256 186 370 249 274 217 392 364 265 292 390 464 255 364 380 494 250 389 370 401 314 389 362 521 310 504 377 604 333 600 387 613 340 613 356 644 312 638 
262 162 270 146 274 145 279 144 263 147 262 147 262 146 305 145 282 146 275 174 267 175 378 231 280 209 402 352 271 289 400 455 254 364 392 490 249 389 370 401 313 388 360 529 324 503 373 639 333 631 382 651 341 649 345 683 314 668 
271 155 278 140 282 139 286 138 272 141 272 141 271 140 313 138 291 140 283 167 275 168 385 224 286 199 412 346 274 284 408 451 255 358 399 485 252 384 370 398 313 383 361 529 325 500 369 639 333 633 378 652 342 650 339 682 313 671 
279 146 287 131 291 130 295 129 280 132 279 132 279 131 321 130 298 133 291 158 283 159 391 214 294 193 416 333 279 279 412 430 259 353 406 460 256 378 370 398 313 380 346 491 323 472 364 620 324 604 374 630 331 627 333 659 296 634 
287 138 296 124 300 123 305 122 288 125 287 125 286 125 330 123 303 127 300 151 291 152 397 207 298 190 419 322 283 273 415 417 265 344 408 448 263 370 370 395 314 375 341 485 324 464 360 613 317 583 371 623 324 603 324 652 289 615 
296 132 304 118 309 117 314 116 297 119 295 119 294 119 338 118 310 121 308 145 299 146 403 202 305 186 424 316 291 269 418 411 272 339 411 442 268 365 373 391 319 372 342 484 329 463 360 612 320 580 372 623 328 599 326 651 293 613 
304 128 312 114 317 113 323 112 305 115 303 115 302 115 345 115 317 118 315 141 306 142 409 199 310 185 428 311 293 267 420 405 274 341 410 435 271 366 377 390 322 371 348 487 331 466 366 615 322 586 376 627 329 605 336 653 296 616 
312 125 322 111 327 111 333 110 313 112 312 112 310 111 355 114 324 116 323 139 314 139 414 198 314 184 430 309 297 265 420 404 277 340 409 434 273 364 381 387 324 370 357 490 331 467 372 611 324 573 381 625 331 590 343 651 299 602 
320 124 328 110 334 110 339 109 320 111 318 111 317 111 362 112 330 115 330 137 320 137 419 197 318 184 433 308 301 263 421 405 282 338 409 432 277 361 384 384 325 368 367 490 331 466 384 610 339 566 395 623 344 582 357 649 313 595 
327 122 336 109 341 108 346 108 328 110 326 109 325 109 369 112 337 114 337 135 327 136 424 196 321 183 435 308 304 263 421 405 286 337 408 432 278 360 389 381 328 368 381 487 332 467 394 607 344 566 402 622 348 583 375 644 324 601 
335 121 345 108 350 107 355 107 336 109 334 109 332 109 377 111 344 113 346 134 335 135 430 197 324 184 437 305 308 265 420 403 291 337 409 430 282 361 392 382 331 369 392 485 332 467 402 590 347 569 408 603 351 585 391 627 326 600 
344 121 354 107 359 107 365 106 345 108 343 108 341 108 385 111 351 113 354 134 344 134 435 196 328 184 440 305 311 266 419 401 297 337 407 428 288 361 396 380 336 369 403 479 333 465 415 573 346 561 416 583 351 576 412 614 324 592 
353 120 363 107 368 107 374 106 354 107 352 107 350 107 393 112 360 112 364 134 352 133 440 196 336 184 443 302 317 266 420 398 308 335 405 428 299 359 400 378 339 368 409 472 333 461 415 567 347 552 415 577 352 567 413 610 323 582 
363 120 373 107 378 107 384 107 363 107 361 107 360 107 402 112 369 111 374 134 362 133 446 195 348 182 445 303 327 265 420 398 317 331 404 427 310 354 405 373 346 363 416 471 336 456 419 573 346 555 418 584 352 571 420 615 323 587 
372 120 382 107 387 107 393 107 372 107 370 107 369 107 411 112 377 111 383 133 371 133 453 194 357 179 448 302 335 261 422 395 323 327 404 426 316 351 409 369 351 355 415 468 340 456 417 576 345 558 416 586 349 573 418 616 323 590 
380 118 390 105 395 105 401 105 380 105 379 105 376 105 419 111 384 109 391 132 378 131 460 194 362 177 454 300 343 260 426 394 328 327 405 423 319 348 416 364 358 351 417 465 346 457 418 578 345 560 416 589 349 574 418 618 323 590 
389 117 399 104 404 105 410 105 389 104 387 104 385 104 428 110 392 109 399 131 386 130 468 193 369 174 459 300 349 257 428 393 331 325 405 420 322 343 419 361 364 344 418 477 351 458 414 584 346 575 414 598 350 590 410 625 333 613 
397 116 408 103 413 103 419 103 397 103 395 103 392 103 436 110 398 108 407 129 393 129 475 193 374 172 464 301 355 254 432 392 336 324 408 418 326 343 425 359 371 343 418 467 354 457 413 584 347 575 413 597 350 589 407 624 333 612 
405 116 416 104 421 104 428 104 405 103 403 103 401 103 443 110 406 108 414 130 400 129 480 192 380 170 471 299 360 250 438 391 338 322 413 416 330 342 428 358 375 339 427 459 357 450 420 568 347 559 418 580 350 571 416 608 332 597 
411 117 423 104 428 104 434 105 412 104 410 104 408 103 449 111 413 108 420 131 407 130 487 193 385 168 477 300 366 247 444 392 342 319 420 417 333 338 432 358 381 336 428 453 362 446 419 556 356 505 414 567 350 557 410 595 331 583 
417 118 429 105 435 105 441 105 419 104 416 104 415 104 456 111 421 108 426 131 413 130 491 193 391 167 482 300 372 246 450 390 347 317 430 416 341 336 438 355 386 335 432 447 364 438 420 534 361 487 417 543 355 535 411 573 331 558 
423 118 435 105 441 105 447 105 425 105 422 104 421 104 461 111 426 108 431 132 419 130 495 194 395 166 487 299 374 245 460 386 349 316 444 412 344 335 445 355 389 337 437 446 365 439 422 529 363 488 419 536 362 531 416 571 337 556 
428 118 440 105 446 106 452 105 429 105 427 104 425 104 466 111 430 108 437 132 423 130 500 194 399 165 491 296 377 241 469 385 352 311 454 409 347 330 448 355 391 336 436 446 367 438 423 490 365 488 418 492 369 528 415 564 340 551 
432 118 444 106 450 106 456 106 433 104 431 104 429 103 470 112 434 107 441 131 427 129 503 194 404 164 496 293 382 239 479 383 354 305 465 408 349 325 449 354 393 334 434 449 370 434 422 495 369 482 418 526 375 521 412 569 339 536 
435 118 447 106 452 106 458 106 436 105 434 104 432 103 472 112 437 107 444 131 430 129 505 194 406 164 501 292 383 238 486 382 355 302 474 406 350 323 450 354 394 333 433 449 373 424 422 486 373 475 417 530 380 481 408 565 338 511 
437 118 448 106 454 106 460 106 438 105 436 104 434 104 474 112 439 107 446 132 433 129 508 193 408 163 504 289 385 236 491 381 356 296 480 403 350 317 452 352 396 330 434 441 376 413 423 480 377 466 419 484 384 471 408 549 343 488 
439 118 450 106 455 106 461 107 440 105 438 104 436 104 476 112 441 107 447 132 435 129 509 193 410 163 508 287 387 234 498 377 357 292 486 400 349 312 451 351 397 328 436 434 379 405 425 477 383 455 426 502 391 462 407 538 344 476 
441 119 452 106 457 107 463 107 442 105 439 104 437 104 478 112 442 107 449 132 437 129 510 193 411 162 510 283 387 231 504 371 357 286 493 395 348 305 451 347 398 324 436 428 379 399 426 471 388 446 427 473 397 453 405 526 350 467 
442 119 453 106 458 107 464 107 443 105 440 105 438 104 479 112 443 107 450 132 438 129 512 192 411 160 512 280 387 229 508 364 357 287 498 390 348 306 451 344 398 322 437 424 380 395 427 467 391 436 427 466 400 443 404 522 356 461 
443 119 453 106 459 107 465 107 444 105 441 105 438 104 480 112 444 107 451 132 439 129 512 191 411 159 513 278 387 229 512 358 356 287 503 385 348 306 451 341 398 320 437 421 383 391 427 465 392 429 427 464 401 435 404 520 360 457 
444 118 454 106 459 107 465 107 444 105 441 105 439 104 479 113 443 107 451 131 439 129 512 190 411 159 514 274 388 227 516 354 356 286 506 382 348 305 450 339 399 319 438 417 385 387 428 466 394 427 428 465 405 433 404 518 363 454 
445 118 454 106 459 106 465 107 444 105 441 105 439 104 479 112 442 107 451 131 439 128 511 188 410 158 514 271 388 227 517 350 356 284 509 378 349 303 450 335 399 317 438 415 389 384 428 464 396 423 428 465 407 431 404 517 363 452 
444 117 454 106 459 106 465 107 444 105 441 104 438 104 478 112 441 107 451 130 439 128 509 186 409 158 513 268 388 225 518 346 356 284 510 373 349 302 450 333 400 315 438 411 393 381 428 465 397 422 429 467 407 431 403 514 363 452 
443 117 453 106 458 106 463 106 443 104 440 104 438 104 477 112 441 107 450 129 438 127 509 185 409 157 512 266 387 225 518 344 356 283 510 370 349 302 450 329 400 313 437 408 395 378 428 464 397 421 428 467 406 430 401 513 362 450 
442 115 452 105 457 105 463 106 442 104 440 103 438 103 477 112 440 107 449 127 437 125 507 182 408 157 512 263 387 224 517 340 356 281 508 365 350 301 449 326 400 310 437 405 396 373 428 463 398 417 429 466 408 427 399 512 362 447 
442 114 452 104 457 104 462 105 442 103 439 103 437 103 475 111 439 106 449 126 437 124 503 181 408 157 511 261 385 224 516 337 356 281 506 361 351 300 448 323 400 307 437 403 400 373 428 464 400 416 429 467 410 427 399 508 362 446 
440 114 449 103 453 103 458 103 439 103 437 103 434 102 471 110 436 106 447 125 437 123 499 179 407 156 511 259 384 222 514 336 357 279 505 358 353 298 446 321 400 305 437 404 402 371 428 466 402 417 430 469 412 428 399 511 363 445 
436 113 444 103 448 103 452 103 435 102 432 102 430 102 466 109 433 106 443 124 433 123 496 178 405 156 511 258 383 220 508 333 358 278 497 353 356 297 444 320 400 303 437 403 403 371 429 466 402 419 430 470 413 430 399 513 363 446 
431 112 439 102 442 102 446 102 431 102 428 101 426 101 461 108 430 105 438 123 429 121 492 176 402 155 510 253 382 218 502 325 361 276 489 346 361 295 444 317 400 301 437 402 403 372 429 467 402 418 430 471 412 428 403 515 364 445 
428 111 435 101 439 101 443 101 427 101 425 101 423 100 457 107 426 105 435 121 425 120 489 174 399 155 508 251 381 217 494 322 363 275 479 341 365 294 444 313 400 299 437 400 402 369 429 467 402 416 430 471 412 426 405 513 364 445 
425 110 433 100 436 100 440 100 424 100 422 100 420 100 453 106 423 104 432 121 422 119 486 170 396 155 506 247 379 216 487 315 364 274 471 333 367 292 443 310 400 296 437 399 402 369 429 467 401 417 430 471 411 427 405 512 364 445 
423 110 430 100 434 100 438 100 422 100 419 100 417 100 452 106 419 104 430 120 420 119 484 168 395 155 504 244 379 214 481 311 366 273 463 326 370 290 443 307 400 295 437 397 403 368 429 465 401 418 429 470 411 428 407 509 364 446 
421 109 428 99 432 99 437 99 420 100 417 100 415 100 450 105 417 104 428 119 419 119 482 166 394 154 502 241 378 214 477 305 367 270 459 321 372 287 444 303 400 292 437 395 404 369 429 464 401 418 429 469 411 428 410 507 364 446 
420 109 427 99 431 99 436 98 419 100 417 100 414 100 448 104 416 104 427 120 418 119 480 164 393 153 501 239 378 214 474 302 369 270 457 318 375 286 444 302 400 290 438 394 404 369 430 462 401 418 429 468 410 428 417 501 365 447 
418 109 426 99 430 99 434 98 417 100 415 100 412 100 447 104 414 104 426 120 416 119 480 162 392 153 499 237 378 214 472 299 371 270 456 316 376 286 445 301 401 290 439 391 404 369 432 459 401 419 429 465 409 428 426 496 365 447 
418 109 425 99 429 98 434 98 416 100 414 100 412 100 446 104 414 104 426 120 415 119 480 161 392 153 499 236 379 214 473 297 373 270 456 314 377 286 446 299 401 288 442 391 404 369 436 457 401 419 432 463 408 428 427 497 366 448 
418 109 425 98 429 98 434 98 416 99 414 100 412 100 446 103 414 104 426 119 415 119 480 160 392 153 499 235 381 213 474 296 374 269 458 313 377 285 447 300 402 289 444 386 404 369 442 438 400 419 441 441 408 428 431 475 366 448 
419 109 426 98 430 98 434 98 417 99 415 100 412 100 447 103 415 104 426 119 416 119 481 160 393 153 499 234 383 213 475 296 375 269 459 312 378 284 448 301 402 290 446 385 404 369 446 426 400 420 446 428 408 428 438 464 366 448 
419 109 426 98 430 98 435 98 417 100 415 100 413 100 447 103 415 104 427 119 416 119 481 160 396 153 499 233 385 212 475 296 376 267 459 313 378 283 450 300 403 290 448 383 404 368 450 425 400 420 450 427 408 428 443 463 366 448 
419 109 426 99 431 98 435 98 418 100 416 100 414 100 447 103 417 104 427 119 417 119 482 160 398 153 499 234 387 212 476 296 376 267 460 313 379 282 452 299 404 289 450 379 404 367 452 420 400 420 453 422 407 428 446 459 366 448 
422 109 430 99 434 98 438 98 421 100 419 100 417 100 449 103 420 104 431 119 419 119 484 160 401 153 500 233 389 211 476 296 377 266 461 313 380 282 453 298 405 288 452 375 404 365 455 416 399 420 456 418 404 428 449 454 366 448 
424 110 432 99 436 99 440 98 423 100 422 100 421 100 452 103 424 104 433 120 422 119 488 160 406 153 502 233 392 211 477 296 378 266 461 312 380 281 455 298 406 286 454 371 404 363 458 411 398 420 459 413 403 428 452 450 366 448 
427 110 435 100 439 99 443 99 427 101 425 101 424 101 454 103 428 104 436 120 426 119 491 160 410 153 504 234 394 211 478 296 380 265 462 313 382 280 456 297 408 285 455 367 404 362 459 412 398 420 460 414 402 428 452 450 366 448 
431 111 439 101 442 101 447 100 431 101 429 101 428 101 458 104 433 104 439 121 430 120 495 160 414 153 507 234 397 211 481 295 382 264 467 312 384 278 458 296 410 285 457 365 404 362 459 412 397 420 460 414 401 428 453 450 365 448 
436 112 443 103 447 102 452 102 436 103 434 103 432 103 463 105 437 105 444 122 435 121 498 161 419 153 512 234 400 210 484 295 385 262 470 311 386 276 461 296 414 285 460 364 403 362 459 412 396 419 460 415 401 428 453 450 364 448 
442 114 449 104 453 104 457 104 441 104 439 104 437 104 468 107 441 106 450 124 441 123 502 162 424 153 515 234 405 210 487 295 389 261 473 311 390 274 464 296 418 285 462 364 402 362 460 412 395 418 460 415 400 428 453 449 362 447 
446 115 453 105 457 105 461 105 445 105 443 105 441 105 472 107 446 107 454 124 444 124 505 164 428 153 519 235 407 210 491 295 393 260 477 310 394 274 467 296 422 285 465 366 397 362 460 412 394 418 461 415 399 428 453 449 360 447 
450 116 457 106 461 106 465 106 449 106 447 105 445 105 476 109 449 108 457 125 448 124 509 165 431 154 522 236 411 209 494 295 397 259 479 310 399 273 471 296 426 285 467 367 392 361 461 412 392 417 461 415 398 428 453 450 358 446 
453 117 461 107 464 107 469 107 453 107 451 107 449 107 479 110 453 109 461 126 451 126 511 167 434 154 526 237 413 209 496 295 400 258 481 310 404 271 475 296 430 285 468 372 390 359 462 413 390 417 462 416 397 429 453 451 356 446 
456 117 463 107 467 107 471 107 455 107 453 107 451 107 482 110 455 109 463 126 453 126 514 168 437 154 528 238 415 207 498 295 404 255 482 310 407 267 478 296 433 285 469 375 389 356 463 413 387 418 462 416 396 429 453 451 356 447 
458 117 466 107 470 107 474 107 457 107 455 107 454 107 485 111 457 109 466 126 456 126 516 169 440 154 531 239 418 204 499 295 407 252 483 309 410 263 481 295 436 283 469 375 389 352 463 412 387 414 462 414 396 424 453 450 356 445 
461 117 469 107 472 107 477 107 460 107 458 107 457 107 487 111 460 109 469 126 458 125 518 169 442 154 532 239 419 202 501 294 409 248 486 308 411 261 481 294 437 281 470 374 390 349 462 413 387 409 462 415 396 419 453 450 356 440 
463 117 471 107 475 107 479 107 462 107 460 107 459 107 489 111 462 109 471 126 460 126 520 169 444 154 534 238 421 200 503 292 410 245 486 305 412 259 480 293 437 279 470 373 391 346 462 413 388 405 462 415 398 415 453 451 358 433 
465 117 472 108 476 107 480 107 464 107 462 107 461 107 491 111 464 109 473 126 462 126 522 169 446 154 535 238 421 198 504 290 410 244 487 303 413 258 479 292 436 278 470 371 394 345 462 413 393 399 461 415 403 409 453 451 365 426 
466 118 472 109 476 108 481 108 465 108 463 108 462 108 492 111 466 110 473 127 463 126 523 169 447 153 535 237 420 196 505 289 409 242 488 302 412 256 480 292 436 278 470 369 399 344 462 413 399 395 461 416 407 404 452 450 370 421 
467 119 474 109 478 109 482 109 466 109 464 109 462 109 493 111 466 110 475 127 465 127 523 169 447 153 534 236 420 196 504 289 409 244 488 301 412 258 479 291 435 277 470 368 405 345 462 413 405 392 461 416 412 401 452 450 376 418 
468 119 474 110 478 110 483 109 467 109 464 109 463 109 494 112 466 111 474 128 465 127 523 169 447 152 533 236 420 197 504 289 408 244 488 301 412 258 479 291 435 277 470 365 411 346 462 412 411 391 461 416 417 399 452 450 382 417 
468 119 474 110 478 110 483 109 467 110 465 109 463 109 494 113 466 111 474 128 465 127 523 169 446 152 533 236 419 197 504 288 408 246 488 300 411 261 479 291 435 277 470 364 415 346 462 412 416 390 461 416 422 398 452 449 384 416 
467 119 474 110 478 110 482 109 466 110 464 109 463 109 493 113 465 111 474 128 465 127 522 169 445 152 532 236 419 198 504 288 408 248 488 300 411 264 478 291 434 278 470 362 418 347 461 412 417 391 461 416 422 400 452 449 383 417 
467 119 473 110 477 109 481 109 466 109 464 109 462 109 493 113 465 111 474 128 464 127 522 169 445 152 529 236 419 200 503 288 407 251 488 301 410 268 477 291 434 278 470 361 421 347 461 412 417 392 461 416 423 401 452 449 383 417 
466 119 473 110 477 109 481 109 465 109 463 109 461 109 492 113 464 111 473 128 464 127 521 168 444 151 526 236 419 202 503 289 406 253 486 301 409 270 476 290 433 277 469 360 424 347 461 411 419 393 461 415 425 402 452 448 384 418 
466 119 473 110 476 109 481 109 465 109 463 109 461 109 492 113 464 111 473 128 463 127 519 168 442 151 524 235 418 203 502 288 404 255 486 301 405 272 475 289 433 277 468 359 426 347 462 410 421 393 461 415 428 401 453 448 386 417 
466 119 472 109 476 109 480 108 465 109 462 109 460 109 491 112 462 111 473 127 463 127 518 167 440 151 521 234 417 204 501 287 401 255 486 301 400 272 475 286 433 275 468 357 428 347 462 409 422 393 461 414 428 401 453 447 387 417 
466 116 471 107 475 107 479 107 464 108 461 108 459 108 489 111 459 110 472 125 463 125 515 167 438 151 520 233 416 204 501 286 397 255 486 301 394 271 475 285 432 275 467 357 428 347 462 409 421 393 461 414 428 401 453 447 387 417 
464 116 470 107 473 106 477 106 462 107 459 107 457 107 487 110 458 110 470 124 462 124 514 166 436 151 520 232 414 204 501 285 392 252 486 299 387 270 474 285 432 274 466 356 428 347 462 409 422 393 461 414 428 401 453 447 387 416 
462 115 467 106 471 106 474 106 460 107 457 107 455 107 485 110 456 110 468 124 460 123 512 165 436 150 520 231 414 203 501 281 387 246 487 295 379 262 474 283 431 273 465 354 429 345 462 409 422 392 461 414 428 400 453 447 387 416 
459 115 464 106 468 106 471 106 457 107 455 107 452 107 482 109 455 109 466 123 458 123 510 164 435 150 520 227 414 200 502 275 384 235 490 288 373 248 474 281 431 272 465 353 429 344 462 409 422 391 461 414 428 399 453 446 387 415 
457 114 463 106 466 105 470 105 455 106 453 106 451 106 481 109 453 109 464 122 456 122 509 162 434 150 520 225 413 198 505 269 379 226 494 280 365 232 474 280 431 271 465 353 429 344 462 409 422 392 461 414 428 400 453 446 387 415 
455 114 461 105 464 105 468 104 453 106 451 106 450 106 479 108 452 108 462 122 454 122 508 161 433 150 520 222 410 197 509 259 372 217 499 269 357 217 474 280 431 271 464 354 429 344 462 409 421 392 461 414 427 400 453 447 387 415 
454 114 459 105 463 104 466 104 452 105 450 105 448 105 478 108 452 108 460 122 453 121 507 161 432 150 521 221 406 197 511 246 366 205 503 252 352 198 474 280 431 272 465 354 429 345 462 409 421 392 461 414 427 400 453 447 387 415 
454 113 460 104 463 104 467 104 452 105 450 105 448 105 478 108 451 108 460 122 452 121 507 161 432 150 522 222 402 197 511 233 363 194 504 230 350 184 474 281 431 272 464 354 429 345 461 409 421 392 461 414 427 400 453 447 386 415 
454 113 460 104 463 104 467 104 453 105 450 105 448 105 478 107 451 108 460 121 452 121 507 161 432 150 523 223 401 196 517 222 364 183 513 212 352 170 473 281 431 272 465 354 430 345 461 409 421 392 460 414 428 400 453 447 387 415 
454 113 460 104 463 104 467 104 453 105 450 105 448 105 478 107 451 108 460 121 452 121 507 161 432 150 525 223 400 195 518 214 365 176 515 200 354 159 473 281 431 272 465 355 430 345 461 410 421 392 460 414 428 400 453 447 387 415 
454 113 460 104 463 104 467 104 453 105 450 105 448 105 478 107 451 108 460 121 452 121 509 160 432 150 527 223 399 193 522 205 364 168 518 188 356 151 474 281 431 272 465 355 430 345 461 409 421 392 460 414 428 400 453 447 387 415 
454 113 459 104 463 104 467 104 453 105 450 105 448 105 479 107 451 108 460 122 452 121 510 160 432 150 530 223 396 191 522 198 366 163 518 179 358 145 474 281 431 272 465 355 430 345 461 409 421 392 460 414 428 400 453 447 387 415 
454 113 460 104 463 104 467 104 453 105 450 105 448 105 479 107 451 108 460 122 452 121 511 159 432 149 533 223 394 190 522 193 366 159 518 174 358 139 474 281 432 272 465 355 430 346 461 409 421 392 460 414 428 400 453 447 387 415 
454 113 460 104 464 104 468 103 453 104 451 104 448 104 479 107 452 108 460 122 452 121 511 158 432 149 535 223 392 188 522 189 367 154 517 170 359 133 475 281 432 272 465 355 430 346 461 409 421 392 460 414 428 400 453 447 388 415 
455 113 461 104 464 104 468 103 453 104 451 104 449 104 480 107 452 108 461 122 452 121 511 158 432 149 536 222 391 186 522 184 367 151 517 166 362 131 476 281 432 272 465 355 430 346 461 409 421 392 460 414 428 400 454 447 388 415 
455 113 461 104 465 103 469 103 454 104 452 104 450 104 481 107 454 108 462 122 453 121 511 158 433 149 538 222 391 185 522 182 367 151 516 163 364 130 476 281 433 272 465 355 429 346 461 410 421 392 460 414 428 400 454 447 388 415 
457 113 463 104 466 103 470 103 455 104 453 104 451 104 482 107 455 108 463 122 454 121 512 158 433 149 539 221 391 184 521 181 368 151 516 161 366 129 477 281 433 273 466 354 429 346 461 409 421 392 460 414 428 400 454 447 388 415 
458 113 464 104 468 103 472 103 457 104 455 104 453 104 484 107 455 108 464 122 456 121 512 158 434 149 540 221 390 183 521 181 368 151 516 162 368 130 477 281 434 273 466 354 429 346 461 409 421 392 460 414 428 400 455 447 388 415 
460 113 465 104 469 103 473 103 458 104 456 104 454 104 485 107 456 108 466 122 457 121 513 158 434 149 539 221 391 183 521 182 368 152 516 162 368 131 478 281 434 273 466 354 429 346 461 409 421 392 460 414 428 400 455 447 388 415 
461 113 467 104 470 104 475 104 459 104 457 104 455 104 486 108 457 108 467 122 458 121 513 158 435 149 539 221 391 183 521 181 369 152 516 162 369 131 478 282 434 273 466 354 429 346 461 409 421 392 460 414 428 401 455 447 388 415 
462 113 467 104 471 104 475 104 460 104 458 104 456 104 486 108 458 108 467 122 459 121 514 159 435 149 539 221 391 183 522 181 370 153 516 161 370 132 478 282 435 273 467 354 429 346 461 409 421 392 460 414 428 401 455 447 388 416 
462 113 468 104 472 104 476 104 461 104 459 104 457 104 487 108 459 108 468 122 459 121 514 159 436 149 539 221 392 183 522 180 372 154 517 161 371 132 478 282 435 273 467 354 429 346 461 409 421 393 460 414 428 401 455 447 388 416 
463 113 469 104 473 104 477 104 462 104 459 104 457 104 488 108 460 108 469 122 460 121 514 159 437 149 539 221 392 183 522 180 372 154 517 160 371 132 479 282 435 273 467 355 429 347 461 409 421 393 460 414 428 401 455 447 387 416 
463 113 469 104 473 104 478 104 462 104 460 104 458 104 488 108 460 108 469 122 460 121 514 159 437 149 539 221 392 183 522 180 373 154 517 161 372 132 479 283 435 274 467 355 429 347 461 409 421 393 460 414 428 402 455 447 387 416 
463 113 470 104 474 104 478 104 462 104 460 104 458 104 488 108 461 108 470 122 461 121 515 159 437 149 540 221 392 183 523 181 374 154 518 161 372 132 479 283 435 274 467 355 429 347 462 409 421 393 460 414 427 402 455 447 387 416 
464 113 470 104 474 104 478 104 463 104 460 104 458 104 488 108 461 107 470 122 461 121 515 160 437 149 540 221 392 183 524 181 374 153 519 162 372 131 479 283 435 274 467 355 429 347 462 409 421 393 460 414 427 402 455 447 387 416 
464 113 470 104 474 104 478 104 463 104 461 104 459 104 489 108 461 107 470 122 461 121 515 160 437 149 541 221 392 183 524 181 374 152 520 162 372 131 479 283 436 274 468 355 429 347 462 409 421 393 460 414 427 402 455 447 387 416 
464 113 470 104 474 104 478 104 463 104 461 104 459 104 489 108 462 107 470 122 461 121 515 160 437 149 542 221 392 183 524 181 374 152 520 161 372 131 479 283 436 274 468 355 429 347 462 409 421 393 460 414 427 402 455 447 387 416 
464 113 470 104 474 104 478 104 463 104 461 104 459 104 489 108 462 108 471 122 461 121 516 160 438 149 542 221 392 183 524 180 374 152 520 161 372 130 479 283 436 274 468 355 429 347 462 410 421 393 460 414 427 402 455 447 387 416 
464 113 470 104 474 104 479 104 463 104 461 104 459 104 489 108 462 108 471 122 461 121 516 160 438 149 543 221 392 183 524 180 374 151 520 161 372 130 479 283 436 274 468 355 429 347 462 410 421 393 460 414 427 402 455 447 387 416 
464 113 471 104 475 104 479 104 464 104 462 104 460 104 489 108 462 108 471 122 462 121 516 160 438 149 543 221 392 183 524 180 374 151 520 161 372 130 479 283 436 274 468 355 429 347 462 410 421 393 460 414 427 402 456 447 387 416 
465 113 471 104 475 104 479 104 464 104 462 104 460 104 489 108 462 108 471 122 462 121 516 160 438 149 544 221 392 183 525 180 374 150 520 161 373 129 479 283 436 274 468 355 429 347 462 410 421 393 460 414 427 402 456 447 386 416 
465 114 471 104 475 104 479 104 464 104 462 104 460 104 489 108 462 108 471 122 462 122 516 160 438 149 544 221 392 182 525 180 374 150 520 161 373 129 479 282 436 273 468 355 429 347 462 410 421 393 460 414 426 402 456 447 386 417 
465 114 471 104 475 104 479 105 464 104 462 104 460 104 489 108 463 108 471 122 462 122 516 160 438 149 544 221 392 182 525 180 374 149 520 161 373 129 479 282 436 273 468 355 429 347 462 410 421 394 460 414 426 402 456 448 386 417 
465 114 471 104 475 104 479 105 464 104 462 104 460 104 490 109 462 108 471 122 462 122 516 160 438 149 544 221 392 182 525 180 374 149 520 161 373 128 479 282 436 273 468 355 429 347 462 410 421 394 460 415 426 403 456 448 386 417 
465 114 471 104 475 104 479 105 464 104 462 104 460 104 490 109 463 108 471 122 462 122 516 160 438 149 544 221 392 182 525 180 374 148 519 161 373 128 479 282 436 273 468 355 429 347 462 410 421 394 460 415 426 403 456 448 386 417 
465 114 471 104 476 104 479 105 464 104 462 104 460 104 490 109 463 108 472 122 462 122 516 160 438 148 543 221 392 182 525 180 374 148 519 161 373 128 479 282 436 273 468 355 429 347 462 410 421 394 460 415 426 403 456 447 386 417 
465 114 472 104 476 104 480 105 464 104 462 104 460 104 490 109 463 108 472 122 462 122 516 160 438 148 543 221 392 182 525 180 374 148 519 161 373 128 479 282 436 273 468 355 429 347 462 410 421 394 460 415 426 403 456 447 386 417 
465 114 472 104 476 104 480 105 464 104 462 104 460 104 490 109 463 108 472 122 462 122 516 160 438 148 543 221 392 182 525 180 374 148 519 161 373 128 479 282 436 273 468 355 429 347 462 410 421 394 460 415 426 403 456 447 386 417 
465 114 472 104 476 105 480 105 464 104 462 104 460 104 490 109 463 108 472 122 462 122 516 160 438 148 543 221 392 182 525 180 374 148 519 160 373 128 479 282 436 273 468 355 429 347 462 410 421 394 460 415 426 403 456 447 386 417 
465 114 472 104 476 105 480 105 464 105 462 104 460 104 490 109 463 108 472 122 462 122 516 160 438 148 543 221 392 182 524 180 374 148 519 160 373 128 479 282 436 273 468 355 429 347 462 410 421 394 460 414 426 403 456 447 386 417 
465 114 472 105 476 105 480 105 465 105 463 105 460 104 490 109 463 108 472 123 462 122 516 160 438 148 543 221 392 182 524 179 374 148 519 160 373 128 479 282 436 273 468 355 429 347 462 410 421 394 460 414 426 403 456 447 387 417 
465 114 472 105 476 105 480 105 465 105 463 105 460 104 490 109 463 108 472 123 462 122 516 160 438 148 543 221 392 182 524 179 374 148 519 160 373 128 479 282 436 273 468 355 429 347 462 410 421 394 460 414 426 403 456 447 387 417 
465 114 472 105 476 105 480 105 465 105 463 105 460 104 490 109 463 108 472 123 462 122 516 160 438 148 543 221 392 182 524 179 374 148 519 160 373 128 479 282 436 273 468 355 429 347 462 410 421 394 461 414 426 403 456 447 387 417 
465 114 472 105 476 105 480 105 465 105 463 105 460 104 490 109 463 108 472 123 462 122 516 160 438 148 543 221 392 182 524 178 374 148 519 159 373 128 479 282 436 273 468 355 430 347 462 409 421 394 461 414 426 403 456 447 387 417 
465 114 472 105 476 105 480 105 465 105 463 105 460 104 490 109 463 108 472 123 462 122 516 160 438 148 542 221 391 182 524 178 374 148 519 158 374 128 479 282 436 273 468 355 430 347 462 409 421 394 461 414 426 403 456 447 387 417 
465 114 472 105 476 105 480 105 465 105 463 105 460 104 490 109 463 108 472 123 462 122 516 160 438 148 542 221 391 181 523 178 374 148 519 159 374 128 479 282 436 273 468 355 430 347 462 409 421 394 461 414 426 403 456 447 387 417 
465 114 472 105 476 105 480 105 465 105 463 105 460 105 490 109 463 108 472 123 462 122 516 160 438 148 542 220 390 181 523 177 374 148 519 158 374 128 479 282 436 273 468 355 430 347 462 409 421 394 461 414 426 403 456 447 387 417 
465 114 472 105 476 105 480 105 465 105 463 105 460 105 490 110 463 108 472 123 462 122 516 160 438 148 542 220 390 181 523 177 375 148 519 158 374 128 479 282 436 273 468 355 430 347 462 410 421 394 461 414 426 403 456 447 388 417 
465 114 472 105 476 105 480 105 465 105 462 105 460 105 490 110 463 108 472 123 462 122 515 160 438 148 541 219 390 181 523 177 375 147 519 158 375 128 479 282 436 273 468 355 430 347 462 410 421 394 461 415 426 403 456 447 388 416 
465 114 472 105 476 105 480 105 465 105 462 105 460 105 490 110 462 108 472 123 462 122 515 160 438 148 541 219 390 180 523 177 375 147 520 158 375 129 479 282 436 273 468 354 430 347 462 410 421 394 461 415 426 403 456 447 387 416 
465 114 472 105 476 105 480 105 465 105 462 105 460 105 490 110 462 108 472 123 462 122 515 160 438 148 540 218 390 180 524 176 376 148 520 158 376 129 479 282 436 273 468 354 430 347 462 410 421 394 461 415 426 403 456 447 387 416 
465 114 472 105 476 105 480 105 465 105 462 105 460 105 490 110 462 108 472 123 462 122 515 160 438 148 540 218 390 180 524 176 376 148 520 158 376 129 479 282 436 273 468 354 430 347 462 410 421 394 461 415 426 402 456 447 387 416 
465 114 472 105 476 105 480 105 465 105 462 105 460 105 490 110 462 108 472 123 462 122 515 160 438 148 540 218 390 180 524 176 376 148 520 158 376 129 479 282 436 273 468 354 430 347 462 410 421 394 461 415 426 402 456 447 387 416 
465 114 472 105 476 105 480 105 465 105 463 105 460 105 490 110 462 108 472 123 462 122 515 160 438 148 540 218 390 180 524 176 376 148 520 158 376 129 479 282 436 273 468 354 430 347 462 410 421 393 461 416 426 402 456 448 387 416 
465 114 472 105 476 105 480 106 465 105 463 105 460 105 490 110 462 108 472 123 462 122 515 160 438 148 540 218 390 180 524 176 376 147 520 158 376 129 479 282 436 273 468 354 430 347 462 410 421 393 461 416 427 402 456 448 387 416 
465 114 472 105 476 105 480 106 465 105 463 105 460 105 490 110 463 108 472 123 462 122 515 160 438 148 540 218 390 180 524 176 376 147 520 158 376 129 479 282 436 273 468 354 430 347 462 410 421 393 461 416 427 402 456 448 387 416 
465 114 472 105 476 105 480 106 465 105 463 105 460 105 490 110 463 108 472 123 462 122 515 160 438 148 540 218 390 180 524 176 376 147 520 158 376 129 479 282 436 273 468 354 430 347 462 410 421 393 461 416 427 402 456 448 387 416 
466 114 472 105 477 105 480 106 465 105 463 105 460 105 490 110 463 108 473 123 462 122 515 160 438 148 540 218 390 180 523 176 376 147 519 158 377 129 479 281 436 273 468 354 430 347 462 410 421 393 461 416 427 402 456 448 387 416 
466 114 473 105 477 105 480 106 465 105 463 105 460 105 490 110 463 108 473 123 462 122 515 160 438 148 540 218 390 180 523 176 376 147 518 158 377 129 479 281 436 273 468 354 430 347 462 410 421 393 461 416 427 402 456 448 387 416 
466 114 473 105 477 105 480 106 465 105 463 105 460 105 490 110 462 108 473 123 462 122 515 160 438 148 540 219 390 180 523 176 376 147 518 156 377 128 479 282 436 274 468 354 430 347 462 410 421 393 461 416 427 402 456 448 387 416 
466 114 473 105 477 105 480 105 465 105 463 105 460 105 490 110 462 108 473 123 462 122 515 160 437 149 540 220 390 180 523 176 376 146 519 156 377 127 479 282 436 274 468 355 430 347 462 410 421 393 461 416 427 402 456 448 387 416 
466 114 473 105 477 105 480 105 465 105 463 105 460 105 490 110 462 108 473 123 462 122 515 160 437 149 540 220 390 181 523 176 376 146 519 156 377 127 479 282 436 274 468 355 430 347 462 410 421 393 461 416 427 402 456 448 387 416 
466 114 473 105 477 105 480 105 465 105 463 105 460 105 490 109 462 108 473 123 462 122 515 160 437 149 540 220 390 181 523 177 376 146 519 156 377 126 479 282 436 274 468 355 430 347 462 410 421 393 461 416 427 402 456 448 388 416 
466 114 473 105 477 105 481 105 465 105 463 105 460 105 490 109 462 108 473 123 462 122 515 160 437 149 540 220 390 181 523 177 376 146 520 156 377 126 479 282 436 274 468 355 430 347 462 410 421 393 461 416 427 402 456 448 388 416 
466 114 473 105 477 105 481 105 465 105 463 105 460 105 490 109 462 108 473 123 462 122 515 160 437 148 540 220 390 181 523 177 376 146 520 156 377 126 479 282 436 274 468 355 430 347 462 410 421 393 461 416 427 402 456 448 388 416 
466 114 473 104 477 105 481 105 465 104 463 104 461 104 490 109 462 108 473 123 463 122 515 160 437 148 540 220 391 181 524 177 376 146 520 156 377 126 479 282 436 274 468 355 430 347 462 410 421 393 461 416 427 402 456 448 388 416 
466 114 473 104 477 105 481 105 465 104 463 104 461 104 490 109 463 108 473 123 463 122 515 160 438 148 540 221 391 181 524 177 376 146 520 156 377 126 479 282 436 274 468 355 430 347 462 410 421 393 461 416 427 402 456 448 388 416 
466 114 473 104 477 105 481 105 465 104 463 104 461 104 490 109 463 107 473 123 463 122 515 160 438 148 540 221 391 181 523 177 376 147 520 157 376 127 479 282 436 274 468 355 430 347 462 410 421 393 461 416 427 402 456 448 388 416 
466 114 473 104 477 105 481 105 465 104 463 104 461 104 490 109 463 107 473 123 463 122 516 160 438 148 540 221 391 181 523 177 375 147 520 157 375 127 479 282 436 274 468 355 430 347 462 410 421 393 461 416 427 402 456 448 388 416 
466 114 473 105 477 105 481 105 465 105 464 105 462 105 490 109 464 108 473 123 463 122 516 160 438 148 540 220 391 180 523 177 373 147 518 157 374 127 479 282 436 274 468 355 430 347 462 410 421 393 461 416 427 402 456 448 388 416 
466 114 473 105 477 105 481 105 466 105 464 105 462 105 490 109 464 108 473 123 463 122 516 160 438 148 539 217 391 178 521 176 370 145 517 156 369 126 480 282 437 273 468 355 430 347 462 410 421 393 461 416 427 402 456 448 388 416 
466 115 473 106 477 106 481 106 466 106 464 106 463 106 490 110 465 108 473 123 464 122 516 160 438 148 538 214 390 175 519 174 365 143 514 156 361 125 480 282 437 273 468 355 430 347 462 410 421 394 461 416 426 403 456 448 388 417 
467 115 473 106 477 106 481 106 466 106 465 106 463 106 491 110 466 109 474 123 464 123 516 159 439 148 535 210 389 171 516 174 360 142 510 156 355 123 480 282 437 273 468 355 430 347 462 410 421 394 461 416 426 403 456 448 388 417 
467 115 474 106 478 106 481 106 466 106 465 106 464 107 491 110 466 109 474 123 465 123 516 159 440 148 532 205 391 168 514 174 357 142 507 156 349 124 480 282 437 273 468 355 430 346 462 410 421 394 461 416 426 403 456 448 388 417 
467 115 474 106 478 106 482 106 467 106 465 106 464 107 491 110 466 109 474 123 465 123 516 158 441 148 527 200 392 165 511 175 354 143 504 158 345 126 480 282 437 273 468 355 430 346 462 411 421 394 461 416 426 403 456 448 386 417 
468 115 475 106 479 106 482 106 467 106 466 106 465 106 492 110 466 109 475 123 465 123 516 158 441 148 523 197 393 163 508 177 352 144 501 161 342 128 480 282 437 273 468 355 430 345 462 411 420 394 461 417 426 403 456 448 385 417 
469 115 475 106 479 106 483 106 468 106 466 106 465 106 492 110 467 109 475 123 466 123 516 156 442 148 518 194 394 161 506 177 350 145 499 161 339 129 480 281 437 272 468 354 430 345 462 411 420 394 461 417 426 404 456 448 385 417 
469 115 476 106 479 106 483 106 468 106 467 106 465 106 492 110 467 109 476 123 466 122 515 155 443 148 517 191 395 161 505 178 350 146 497 162 339 130 480 281 437 272 469 354 431 344 462 411 420 394 461 417 426 404 456 448 385 417 
469 114 476 106 479 106 483 106 469 106 467 106 466 106 492 110 467 108 476 123 466 122 515 155 443 148 514 187 396 160 503 177 350 147 495 162 338 132 480 281 437 271 469 353 431 344 462 411 420 394 461 417 425 404 456 448 385 416 
469 114 476 106 479 106 483 106 469 106 467 106 466 106 492 110 468 108 476 123 466 122 515 155 444 147 512 184 397 160 502 175 350 148 496 160 339 134 480 281 437 271 469 354 431 344 462 412 420 394 461 417 425 404 456 448 384 416 
469 114 476 106 480 106 483 106 469 105 467 106 466 106 492 110 468 108 476 123 467 122 515 155 444 147 512 184 398 160 502 174 351 149 495 159 340 136 480 281 437 271 469 354 431 344 462 412 420 394 461 418 425 405 456 448 384 416 
470 114 476 105 480 106 483 106 469 105 468 105 466 105 492 110 468 108 476 123 467 122 515 155 444 147 512 184 398 161 502 173 351 150 496 158 340 136 480 281 437 271 469 354 431 344 462 412 420 395 461 418 425 405 456 448 384 416 
470 114 476 105 480 106 484 106 469 105 468 105 466 105 493 110 468 108 476 123 467 122 515 155 444 147 512 184 398 161 502 173 351 150 496 157 340 137 480 281 437 271 469 354 431 344 462 412 420 395 461 417 425 405 456 448 384 416 
470 114 477 105 480 105 484 106 469 105 468 105 466 105 493 110 468 108 476 123 467 122 515 155 444 147 513 184 398 160 502 173 351 150 496 158 340 137 480 281 437 271 469 354 431 344 462 412 420 395 461 417 425 405 456 448 384 416 
470 114 477 105 481 105 484 106 470 105 468 105 466 105 493 110 468 108 476 123 467 122 515 155 444 147 513 184 398 161 502 174 351 150 495 159 341 137 480 281 437 271 469 354 431 344 462 412 420 395 461 417 425 405 456 448 384 416 
470 114 477 105 481 105 485 106 470 105 468 105 466 105 493 110 468 108 477 123 467 122 515 157 444 147 513 184 398 161 501 174 352 150 495 159 341 137 480 282 437 272 469 354 431 344 462 412 420 394 461 417 425 404 456 448 384 416 
470 114 478 105 482 105 485 106 470 105 468 105 466 105 494 110 468 108 477 123 467 122 515 157 444 147 513 184 398 161 501 174 352 150 494 159 341 136 480 282 437 272 469 354 431 344 462 411 420 394 461 417 425 404 456 448 384 416 
471 114 478 105 482 105 486 106 470 105 468 105 466 105 494 110 468 108 477 123 467 122 515 158 444 147 513 185 399 161 501 175 352 150 494 160 341 136 480 282 437 273 469 354 431 344 463 411 420 394 461 417 425 404 456 448 384 416 
471 114 478 105 482 105 486 106 470 105 468 105 466 105 494 110 468 108 477 123 467 122 515 159 444 147 513 185 398 161 501 176 353 150 494 162 343 136 480 282 437 273 469 354 431 344 463 412 420 394 461 418 425 404 456 448 384 416 
471 114 479 105 482 105 486 106 470 105 468 105 466 105 494 110 468 108 477 123 467 122 515 159 444 147 513 186 398 161 503 177 355 150 496 164 344 136 480 282 438 273 469 354 431 344 463 412 420 394 461 418 426 404 456 448 384 416 
471 114 479 105 483 105 486 106 470 105 468 105 466 105 494 110 468 108 477 123 467 122 515 160 444 147 513 186 399 161 504 178 356 150 497 165 345 136 480 282 438 273 469 354 431 344 463 412 420 394 461 417 426 403 456 448 384 416 
471 114 479 105 483 105 486 106 470 105 468 105 466 105 495 110 468 108 478 123 467 122 515 160 444 147 514 186 398 161 505 178 357 149 498 166 345 136 480 283 438 274 469 354 431 344 463 412 421 393 461 417 426 403 457 448 384 416 
471 114 479 105 483 105 487 106 470 105 469 105 467 104 495 110 468 108 478 123 467 122 515 160 444 147 514 188 398 161 505 179 357 149 498 166 346 136 480 283 438 274 469 354 431 345 463 412 421 393 461 417 426 403 457 448 384 416 
471 113 479 105 483 105 487 106 471 104 469 104 467 104 495 110 468 108 478 123 467 122 515 160 444 147 514 189 398 161 505 179 357 149 498 166 347 136 480 283 438 274 469 354 431 345 463 412 421 393 461 417 426 402 457 448 384 415 
472 113 480 105 483 105 487 106 471 104 469 104 467 104 495 110 468 107 478 123 467 122 515 160 444 147 514 192 398 161 505 179 358 148 498 166 347 136 480 283 438 274 469 354 431 345 463 412 421 393 461 417 426 403 457 448 384 415 
472 113 480 105 484 105 487 106 471 104 469 104 467 104 495 110 468 107 478 123 468 122 515 160 443 147 515 193 398 162 505 179 358 148 498 166 348 136 480 283 438 274 469 354 431 345 463 411 421 393 461 417 426 403 457 448 384 415 
472 113 480 105 484 105 487 106 471 104 469 104 467 104 495 110 468 107 478 123 468 122 514 160 443 147 515 194 398 162 505 178 358 148 497 164 349 136 480 283 438 274 469 354 431 344 463 411 421 393 461 417 426 403 457 448 384 415 
472 113 480 105 484 105 487 106 471 104 469 104 467 104 495 110 468 107 478 123 468 122 514 159 443 147 516 195 397 163 504 178 358 148 497 162 349 134 480 283 438 274 469 354 431 344 463 411 421 393 461 417 426 403 457 448 384 415 
472 113 480 105 484 105 487 106 471 104 469 104 467 104 495 110 468 107 478 123 468 122 515 159 443 147 518 198 395 163 505 178 357 147 497 161 349 131 480 283 438 274 469 354 431 344 463 411 421 393 461 417 426 403 457 448 384 415 
472 114 480 105 484 105 487 106 471 104 469 104 467 104 495 110 468 108 479 123 468 122 516 158 443 147 522 200 394 164 506 179 357 147 499 161 349 130 480 282 438 273 469 354 431 344 463 411 421 393 461 417 426 403 457 448 384 415 
472 114 480 105 484 105 487 106 471 104 469 105 468 105 495 110 468 108 479 123 468 122 517 156 443 147 526 202 394 166 507 179 358 147 499 161 350 130 480 282 438 273 469 354 431 344 463 411 421 393 461 417 426 403 457 448 384 415 
472 114 480 105 484 105 487 106 471 105 469 105 468 105 495 110 469 108 479 123 468 122 518 156 443 147 529 205 394 168 509 180 359 146 501 162 352 130 480 282 438 273 469 354 431 344 463 411 421 393 461 417 426 403 456 448 384 415 
472 114 480 105 484 105 487 106 471 105 469 105 468 105 495 110 468 108 479 123 469 122 518 155 443 147 532 207 394 170 510 180 362 146 502 162 356 130 480 282 438 273 469 354 431 344 463 412 420 393 461 417 426 403 456 448 384 415 
472 114 479 105 483 105 487 106 471 105 469 105 467 105 495 110 468 108 479 123 468 122 519 156 443 147 534 208 394 172 512 179 364 146 505 162 358 129 480 282 438 273 469 354 431 344 463 412 420 394 461 418 425 403 456 448 384 416 
472 114 479 105 483 105 487 106 471 105 469 105 467 105 495 110 468 108 479 123 468 122 520 156 443 147 536 211 394 173 514 179 367 147 507 162 362 129 480 282 438 273 469 354 431 344 463 412 420 394 461 418 425 403 456 448 384 416 
472 114 479 105 483 105 487 106 470 105 469 106 466 106 495 110 468 108 479 123 468 122 520 158 443 148 539 215 394 174 516 179 370 146 510 161 367 128 480 282 438 273 469 355 431 345 463 412 420 393 461 418 425 403 456 448 385 416 
472 114 478 105 483 105 486 106 470 105 468 106 466 106 495 110 467 108 479 123 468 122 520 159 443 148 543 217 394 176 520 179 373 147 514 161 371 127 480 282 438 273 469 355 431 345 462 412 420 393 461 418 425 403 456 448 385 416 
471 114 477 105 481 105 486 106 470 105 467 105 465 106 495 110 467 108 478 123 468 122 520 161 443 148 546 219 394 178 523 179 374 147 516 161 372 127 480 282 438 273 469 355 431 345 462 412 420 393 461 418 425 403 456 448 385 416 
470 114 476 105 480 105 484 106 469 105 466 105 464 105 494 110 466 108 477 123 467 122 520 162 442 148 547 220 394 179 526 179 375 147 520 161 374 127 480 282 438 273 469 355 431 345 462 412 420 393 461 418 424 403 456 448 385 416 
470 114 476 105 480 105 484 106 468 105 466 105 464 105 494 110 465 108 476 123 467 122 520 162 442 148 549 221 395 180 529 179 376 147 523 161 375 127 481 282 438 273 469 355 431 345 462 412 420 393 461 418 424 403 457 448 385 416 
470 114 475 105 479 105 484 105 468 105 465 105 463 105 494 110 465 108 476 123 466 122 520 162 442 148 550 221 396 182 532 180 378 148 526 161 377 127 481 282 438 273 469 355 431 345 462 412 420 394 461 418 424 403 457 448 385 416 
470 114 475 105 479 105 484 105 468 105 465 105 463 105 494 110 465 108 476 123 466 122 520 162 442 148 550 222 397 183 532 181 379 149 527 162 378 128 481 282 439 273 469 355 431 345 463 412 420 394 461 418 424 403 457 448 385 416 
470 114 475 105 479 105 484 105 468 104 465 104 463 104 494 109 465 108 476 123 466 122 520 162 442 148 550 223 400 183 533 183 380 152 527 164 378 130 481 282 439 273 470 355 431 345 463 412 420 394 461 418 424 403 457 448 385 416 
470 113 475 104 479 105 484 105 468 104 465 104 463 104 494 109 465 108 476 123 466 122 521 162 443 148 550 224 403 185 532 186 382 156 527 167 378 135 482 282 440 273 470 355 431 345 463 412 420 394 461 417 424 403 457 448 385 416 
470 114 476 104 479 105 484 105 468 104 466 104 464 104 495 109 466 108 476 123 467 122 523 161 444 148 550 224 405 186 532 190 382 160 526 172 377 141 482 282 440 273 471 355 431 345 463 412 420 394 461 417 424 403 456 448 385 416 
470 114 476 104 480 105 485 105 469 104 467 104 465 104 496 108 467 107 477 123 467 122 526 161 446 148 549 225 406 189 531 198 382 164 526 180 377 145 483 282 442 273 471 355 431 345 463 412 420 394 461 417 424 403 456 448 385 416 
471 114 477 104 481 104 485 104 470 104 467 104 466 104 496 108 468 107 477 123 468 122 526 162 447 148 549 226 410 190 528 206 383 169 524 191 377 153 484 282 442 273 472 355 431 343 463 412 419 394 461 417 424 403 456 447 385 415 
472 113 478 104 482 104 486 104 471 104 469 104 467 104 497 108 469 107 478 122 469 122 526 162 449 148 549 226 413 191 518 216 382 174 514 203 375 161 484 281 443 272 472 355 430 342 463 412 419 393 461 417 424 402 456 447 384 414 
473 113 479 104 483 104 487 104 472 104 469 104 467 104 498 108 470 107 479 122 470 121 526 162 450 148 547 225 417 191 517 230 382 183 510 223 371 175 484 281 444 271 472 355 429 341 463 412 419 390 461 417 424 400 456 447 384 413 
473 113 479 104 483 104 488 104 472 104 470 104 468 104 499 108 471 107 480 122 471 121 526 162 452 149 544 225 421 191 518 239 382 194 507 240 369 189 485 281 445 271 472 355 428 341 463 412 419 388 461 417 425 398 455 447 385 412 
474 113 480 104 484 104 488 104 473 104 471 104 469 104 499 108 472 107 480 122 471 121 526 162 453 149 542 224 424 190 518 249 383 203 503 253 369 205 485 281 445 271 473 354 427 340 463 412 420 385 461 417 426 396 455 447 385 410 
474 113 480 104 484 104 489 104 473 104 471 104 469 104 499 108 472 107 481 122 472 121 525 162 453 149 541 224 425 190 513 257 384 212 496 264 370 221 485 280 445 270 473 353 427 339 463 412 422 385 461 418 428 396 455 447 386 408 
474 113 481 104 484 104 489 104 473 104 471 104 469 104 499 108 472 107 481 122 472 121 525 162 454 149 538 224 426 190 510 264 387 220 493 275 375 232 485 278 445 268 473 352 427 338 463 412 424 385 461 418 431 395 455 447 387 406 
475 113 481 104 484 104 489 104 473 104 471 104 469 104 499 108 472 107 481 122 472 121 525 162 453 149 535 224 426 191 508 271 391 228 492 281 383 244 485 276 445 266 473 350 427 336 463 412 426 384 461 418 434 394 455 447 390 404 
474 113 480 104 484 104 488 104 473 104 471 104 469 104 499 108 472 107 481 122 472 121 523 162 453 149 532 224 426 193 508 276 393 234 491 289 387 250 485 276 445 265 473 348 428 334 463 412 428 383 461 418 436 393 455 447 392 404 
474 112 480 104 483 104 487 104 472 104 471 104 469 104 497 107 471 107 480 121 471 121 522 162 452 149 529 224 425 195 507 279 395 237 492 293 389 255 484 275 444 265 472 348 429 333 463 411 429 382 461 418 438 392 455 447 394 404 
472 112 478 103 481 103 485 103 471 104 469 104 466 104 495 107 469 107 478 121 470 120 519 161 450 149 524 224 424 197 507 280 395 242 493 296 390 261 483 275 443 265 472 348 431 333 463 411 430 382 461 417 438 392 455 447 395 404 
470 111 476 103 479 103 483 103 469 103 467 103 464 103 492 107 466 106 476 120 468 120 517 161 446 149 521 224 423 198 507 280 395 245 494 296 390 265 481 275 441 265 472 348 433 333 463 411 431 382 461 417 439 392 456 447 396 404 
469 111 474 103 477 103 481 103 467 103 464 103 462 103 490 107 463 106 474 120 466 119 515 161 443 149 518 223 422 199 508 280 395 247 497 298 390 267 479 275 439 265 471 348 435 333 463 410 431 382 461 417 440 392 456 447 397 404 
467 111 472 103 475 103 478 103 465 103 462 103 460 103 487 107 460 106 472 119 464 119 512 161 439 148 516 223 420 200 508 280 394 250 500 298 390 268 478 274 437 264 470 347 436 334 463 408 431 382 461 414 440 392 457 446 398 404 
465 110 470 102 473 103 476 103 463 103 460 103 458 103 485 106 458 106 470 119 461 119 509 160 436 148 513 221 417 201 509 279 394 251 502 297 389 269 477 273 436 263 469 346 436 333 463 408 432 382 461 414 440 392 457 445 398 404 
463 110 468 102 471 102 474 102 460 102 458 102 455 103 483 106 455 106 468 119 459 119 507 159 434 148 512 220 416 201 509 279 393 251 503 296 389 268 477 272 436 262 469 346 437 332 462 408 432 382 460 413 440 392 457 444 398 403 
460 110 466 102 469 102 472 102 458 102 455 102 453 102 481 106 452 105 466 118 457 118 505 158 432 148 510 219 415 201 509 277 394 249 505 295 390 267 476 270 435 262 468 345 437 332 462 407 432 382 460 413 439 393 460 443 398 403 
458 109 463 102 466 102 470 102 456 102 453 101 451 102 479 105 451 105 463 118 455 118 504 156 430 148 510 218 414 201 509 276 394 249 505 294 390 266 476 269 435 261 468 344 437 331 462 407 432 382 459 412 439 393 464 442 398 404 
456 109 461 101 464 101 468 101 454 101 451 101 449 101 477 105 450 105 462 118 453 118 503 156 430 148 509 217 414 200 509 276 395 248 506 292 391 266 476 267 436 260 469 343 437 330 463 405 432 382 459 411 439 393 467 440 398 403 
455 109 460 101 463 101 466 101 453 101 450 101 448 101 476 105 449 105 460 118 452 118 502 155 429 147 509 216 413 200 509 275 395 248 505 292 392 265 477 267 436 260 469 343 437 330 464 404 431 382 460 411 438 393 469 438 399 403 
454 109 459 101 463 101 466 101 452 101 450 101 448 101 475 105 449 105 460 118 451 118 501 154 429 147 509 215 413 200 509 275 396 247 505 291 393 264 477 266 436 260 471 341 437 330 466 401 431 382 462 407 438 393 471 436 399 403 
454 109 459 101 463 101 466 101 452 101 450 101 448 101 476 104 449 104 460 118 451 118 501 153 430 147 509 214 413 200 509 274 397 247 505 291 395 265 477 266 436 260 473 340 437 329 469 399 431 382 465 405 438 393 472 432 399 403 
454 109 459 101 462 101 466 100 452 101 450 101 448 101 476 104 449 104 460 117 451 118 501 153 430 147 509 213 414 201 509 272 398 247 504 290 395 265 478 266 436 261 475 339 437 329 472 397 431 382 469 404 438 392 473 430 399 403 
454 109 459 101 463 101 467 100 452 101 450 101 448 101 476 104 450 104 460 118 451 118 502 153 430 147 510 213 414 201 508 272 400 247 503 289 396 265 479 266 437 261 476 339 437 329 475 396 431 382 472 402 437 392 474 428 399 403 
455 109 460 101 463 101 467 100 453 101 451 101 449 101 476 104 450 104 460 118 452 118 502 153 430 148 510 213 415 201 508 272 401 247 501 289 397 265 480 266 438 261 477 338 437 329 477 397 431 382 475 403 436 393 474 428 399 403 
455 109 460 101 464 101 467 100 453 101 451 101 449 102 477 104 451 105 461 118 452 118 503 153 432 148 510 213 417 202 507 272 401 247 499 289 397 265 481 266 439 261 478 338 437 329 478 397 431 382 476 403 436 393 474 429 398 403 
456 109 462 101 466 101 470 101 454 101 453 101 451 102 477 104 452 105 464 118 453 118 505 153 434 148 510 213 419 202 507 272 402 247 498 289 397 265 481 267 440 261 478 338 437 329 478 397 431 383 476 403 435 393 475 429 398 403 
459 109 465 101 468 101 472 101 456 101 454 101 453 102 479 105 454 105 466 118 455 119 507 153 437 149 511 214 422 204 506 273 403 248 497 289 398 266 482 267 441 261 478 338 437 329 478 397 430 384 475 403 435 393 475 429 398 403 
461 109 467 101 471 101 475 101 459 101 456 101 455 102 482 105 456 105 468 118 457 119 509 154 439 150 512 215 425 205 505 273 405 249 495 289 399 266 483 267 442 261 479 338 437 329 478 397 430 384 475 403 435 394 475 429 398 403 
463 109 469 101 472 101 476 101 461 101 458 102 457 102 484 105 458 105 470 118 460 119 512 155 441 150 513 216 427 205 504 273 408 249 495 289 401 266 484 267 443 261 479 338 437 329 478 397 430 384 476 403 435 394 475 429 398 403 
465 110 471 101 475 101 478 101 463 102 461 102 459 102 486 105 460 105 472 118 462 119 514 156 444 150 515 217 429 205 504 274 410 249 495 289 404 266 484 267 444 261 480 338 437 330 479 397 430 384 476 403 434 394 475 429 398 403 
468 110 473 102 477 101 481 101 465 102 463 102 461 102 488 105 462 106 474 118 464 119 515 156 446 151 516 218 431 205 504 274 413 249 495 290 407 266 485 268 445 262 481 339 438 330 479 397 430 384 476 403 434 394 476 429 398 404 
469 110 475 102 479 102 483 102 467 102 465 102 463 102 491 106 464 106 476 119 466 119 517 157 448 151 518 220 433 205 504 275 416 250 495 290 410 266 487 269 446 262 482 340 438 330 479 398 430 384 476 403 434 394 476 430 398 404 
471 110 477 102 481 102 485 102 469 102 467 102 466 102 492 106 467 106 478 119 468 119 519 158 449 151 519 220 435 205 504 275 419 250 495 290 414 267 487 269 446 262 482 340 438 330 479 398 429 384 476 403 433 394 476 430 398 403 
473 110 479 102 482 102 486 102 471 102 469 103 468 103 494 107 469 106 479 119 470 120 521 158 450 151 520 221 436 205 506 275 420 250 497 290 415 267 489 269 447 263 483 341 439 331 479 398 429 385 476 403 433 394 476 430 398 404 
475 110 480 103 484 103 488 103 473 102 471 103 469 103 495 107 470 107 481 119 471 120 521 159 451 151 522 221 437 205 507 275 422 250 498 290 417 267 489 270 448 263 483 342 439 331 479 399 429 385 476 404 433 394 476 430 398 404 
476 110 482 103 486 103 490 103 475 103 472 103 471 103 497 107 471 107 483 119 473 120 522 159 451 151 523 221 438 205 508 276 422 251 499 291 419 267 490 270 449 264 483 343 439 332 479 399 429 385 476 404 433 394 476 430 398 404 
478 110 484 103 487 103 491 103 476 103 474 103 472 103 498 108 472 107 484 120 474 120 522 159 452 151 523 221 438 205 509 277 423 251 501 293 420 267 490 271 449 264 483 343 439 332 479 399 429 385 476 404 433 394 476 430 398 404 
479 111 485 103 488 103 492 104 477 103 475 103 473 103 499 108 473 107 485 120 475 120 522 159 453 151 524 222 439 206 511 278 423 252 503 294 420 268 491 271 449 264 484 343 439 333 479 399 429 386 476 404 433 394 476 430 398 404 
480 111 486 103 489 104 493 104 478 103 475 103 474 103 500 108 474 107 486 120 476 120 523 160 453 151 524 222 439 206 512 278 424 252 505 294 421 268 491 271 450 264 484 343 439 333 479 399 429 386 476 404 433 394 476 430 398 404 
480 111 486 104 490 104 494 104 478 103 476 103 474 103 500 109 474 107 486 120 476 120 523 160 453 151 524 222 439 206 513 278 424 253 506 294 421 269 491 271 450 264 484 343 440 333 479 399 429 386 476 404 433 394 476 430 397 404 
481 111 487 104 490 104 494 104 479 103 476 103 475 103 501 109 475 107 487 120 476 120 524 160 453 151 525 222 439 206 514 278 424 253 507 294 422 269 492 271 451 264 484 343 440 333 479 399 429 386 476 403 433 394 476 430 397 404 
481 111 487 104 491 104 494 104 479 103 477 103 475 103 501 109 475 107 487 120 477 120 524 160 453 151 525 222 439 206 516 278 423 253 508 294 422 269 492 272 451 265 484 343 440 333 479 399 429 386 476 403 433 394 476 430 397 404 
482 111 488 104 491 104 495 104 479 103 477 103 475 103 501 109 475 107 488 120 477 120 525 160 453 151 526 222 439 206 517 278 423 253 509 294 421 270 492 272 451 265 484 343 440 333 479 399 429 386 476 403 433 394 476 430 397 404 
482 111 488 104 491 104 495 104 479 103 477 103 475 103 501 109 475 107 488 120 477 120 525 160 453 150 526 222 439 206 517 278 423 254 509 294 421 270 492 272 451 265 484 344 441 333 479 399 429 386 476 403 433 394 476 430 397 404 
482 111 488 104 491 104 495 104 479 103 477 103 476 103 501 109 476 107 488 120 477 120 525 160 453 150 526 221 438 206 519 278 423 254 510 294 421 271 492 272 451 265 484 344 441 333 479 399 429 386 476 404 433 394 476 430 397 404 
482 111 488 104 492 104 495 104 480 103 477 103 476 103 501 109 476 107 489 120 478 120 525 160 453 150 526 221 437 206 519 277 423 255 511 293 421 271 493 272 451 265 484 344 441 333 479 399 429 386 476 404 433 394 476 430 397 404 
483 111 489 104 492 104 496 104 480 103 478 103 476 103 502 109 476 107 489 120 478 120 525 160 453 150 527 221 435 206 521 277 423 257 512 293 421 274 493 272 451 265 485 344 441 334 479 399 429 386 475 404 433 394 476 430 398 405 
483 111 489 104 493 104 496 105 480 103 478 103 476 103 502 109 476 107 489 120 478 120 525 160 452 150 527 220 433 207 522 274 423 259 513 291 421 275 494 272 451 265 485 344 441 334 479 400 429 386 475 404 433 394 476 430 398 405 
484 111 489 104 493 104 497 105 480 103 478 103 476 103 502 109 476 107 490 120 478 120 525 160 452 150 527 219 432 207 523 273 423 261 515 289 422 277 494 272 451 266 485 344 441 334 478 400 429 386 474 405 433 394 476 430 398 405 
485 111 491 104 494 104 498 105 481 103 478 103 477 103 502 109 475 107 491 120 479 120 525 160 451 150 527 218 431 208 523 272 423 263 516 289 422 280 495 272 452 266 485 344 441 334 478 400 430 386 474 405 433 394 476 430 398 405 
487 111 492 104 496 104 499 105 483 103 480 103 477 103 503 109 476 107 493 120 481 120 525 160 450 151 527 218 431 209 524 271 423 264 518 288 424 281 496 272 453 267 486 344 441 334 477 400 430 386 472 405 433 394 476 430 399 405 
488 111 493 104 497 104 499 105 483 103 480 103 478 103 503 109 476 107 493 120 481 120 525 160 450 151 527 217 431 210 524 270 424 267 519 288 427 283 496 272 453 267 487 344 440 335 476 400 429 386 471 405 433 394 476 430 399 405 
489 111 494 104 498 104 500 105 484 103 481 103 478 103 504 109 476 107 494 121 482 120 525 160 450 151 527 217 431 212 525 270 426 269 521 288 430 286 496 272 454 268 488 344 440 335 476 400 429 386 469 405 433 394 476 431 399 405 
490 112 496 104 499 105 501 105 486 104 483 103 480 103 505 109 476 107 495 121 483 120 524 160 450 152 525 217 431 214 525 269 429 271 522 287 432 288 497 271 455 269 488 344 440 335 476 400 429 386 469 405 433 393 477 431 399 405 
491 112 497 105 499 106 502 106 487 104 484 104 481 104 505 110 476 107 496 122 484 121 523 160 450 152 524 216 432 216 526 267 431 273 524 285 436 290 497 271 456 269 489 344 440 335 476 400 428 386 469 405 432 393 478 431 399 405 
493 113 498 106 501 106 503 106 489 104 485 104 482 104 506 110 477 107 497 122 486 121 522 160 450 152 524 216 433 217 526 267 434 275 525 285 439 293 497 271 457 270 489 344 441 335 476 400 427 386 469 405 431 393 478 431 399 405 
494 114 499 107 502 107 504 108 490 106 486 105 483 105 507 111 478 107 498 123 487 122 520 160 451 152 523 215 436 218 526 266 440 276 527 284 444 294 498 271 459 270 489 344 441 335 476 401 427 385 469 405 431 393 479 431 399 405 
495 115 500 108 502 108 505 108 491 106 488 106 484 105 507 111 478 107 498 123 488 122 520 159 452 153 522 215 438 221 526 266 443 278 527 283 447 296 498 270 460 270 490 344 441 335 476 401 427 385 469 406 431 392 479 431 399 405 
497 115 501 108 504 108 506 109 493 107 490 106 486 105 508 111 480 107 500 123 490 122 519 159 453 153 522 215 440 220 526 266 446 278 528 283 450 296 499 270 460 270 490 343 442 335 476 401 427 385 469 406 430 392 479 432 399 405 
498 115 502 108 505 109 507 109 494 107 491 106 487 105 508 111 480 107 501 124 491 123 517 158 454 153 520 215 443 220 526 265 449 278 528 282 453 296 498 270 461 270 490 343 443 335 476 401 427 385 470 406 430 392 480 432 399 405 
499 115 503 109 506 109 508 109 495 107 491 106 488 106 509 112 481 107 501 124 492 123 516 158 455 153 517 215 445 220 525 266 451 278 528 282 457 296 498 271 462 271 491 343 443 335 476 401 427 385 470 406 430 392 480 432 399 404 
499 116 504 109 506 109 509 109 495 107 492 107 488 106 509 112 482 108 502 124 492 123 516 158 457 153 516 215 448 220 525 266 453 279 528 281 461 296 498 271 462 271 491 343 443 335 476 401 427 385 470 406 430 392 480 432 399 404 
501 116 505 109 507 110 510 110 496 108 493 107 490 106 510 112 483 108 503 124 494 123 515 158 458 153 514 216 450 221 524 266 457 279 528 281 465 296 498 271 462 271 491 343 443 335 477 401 427 385 470 406 430 393 480 432 399 404 
502 116 506 109 508 110 510 110 497 108 494 107 490 106 510 113 483 108 504 124 495 123 515 157 460 153 514 216 452 221 524 266 460 279 528 281 469 296 498 271 462 271 491 343 443 335 477 401 427 386 470 406 430 393 480 431 399 404 
503 116 506 110 509 110 511 110 498 108 495 107 491 106 510 113 484 108 505 124 496 123 514 157 460 153 514 216 453 222 524 266 462 280 528 281 471 296 498 270 462 271 492 343 443 335 477 401 427 386 470 406 429 393 480 431 399 404 
504 116 507 110 509 110 511 110 499 108 496 107 492 106 510 113 484 108 506 125 498 123 514 157 460 154 514 216 454 223 524 266 463 281 528 281 472 296 498 270 462 271 492 343 443 335 477 401 427 386 471 406 429 393 480 431 399 404 
505 117 508 110 510 110 512 110 500 108 496 107 493 106 510 113 485 108 507 125 498 123 514 156 460 154 514 216 455 225 523 266 464 283 528 281 473 297 498 270 462 271 492 343 443 335 477 401 427 386 471 406 429 393 480 431 399 404 
505 117 508 110 510 110 512 110 500 108 497 107 493 107 510 113 485 108 507 125 498 124 514 156 460 155 513 216 455 225 523 266 465 283 528 281 474 297 498 270 462 271 492 343 443 335 477 401 427 386 471 405 429 393 480 431 399 404 
505 117 508 110 510 110 512 110 500 108 496 107 493 107 510 113 485 108 507 125 498 123 514 156 461 155 513 216 455 225 523 266 465 282 528 281 474 297 498 269 462 270 492 343 443 335 477 401 427 386 471 405 429 393 480 431 399 404 
505 117 508 110 510 110 512 110 500 108 496 107 493 107 510 113 485 108 507 125 498 124 514 156 461 155 513 216 455 225 523 266 465 282 528 281 473 297 498 269 462 270 492 342 443 335 477 401 427 385 471 405 429 392 480 431 399 404 
504 117 508 110 510 110 511 110 499 108 496 107 492 107 510 113 485 108 506 125 498 124 514 156 461 154 514 216 454 224 523 266 464 282 528 281 473 296 498 269 462 270 492 343 443 334 477 401 427 385 471 405 430 392 480 431 399 404 
503 117 507 110 509 110 511 110 498 108 495 107 492 107 510 113 485 108 505 125 496 124 514 156 461 154 516 216 454 222 523 266 463 281 528 282 472 296 498 269 462 270 492 343 443 334 477 401 427 385 471 405 430 392 480 431 400 404 
501 117 506 110 508 110 511 110 497 108 494 107 490 107 510 113 484 108 504 125 494 124 515 156 460 154 518 216 452 222 523 266 462 280 528 282 471 296 498 270 462 270 492 343 443 334 477 401 427 385 471 405 430 392 480 431 400 404 
499 117 504 110 507 110 509 110 495 108 492 107 488 107 510 113 483 108 502 125 492 124 517 156 458 154 521 216 449 222 524 267 458 280 528 282 466 296 498 270 462 270 492 343 443 334 477 401 427 385 471 405 430 392 480 431 400 404 
497 116 502 109 505 109 508 110 493 108 490 107 486 107 510 112 481 108 501 124 490 124 519 157 456 154 522 216 445 221 526 267 454 279 528 283 460 296 498 270 461 270 492 344 443 335 477 401 427 385 471 405 430 392 480 431 400 404 
495 116 501 109 504 109 506 109 491 108 488 107 485 106 510 112 480 108 500 124 489 124 521 158 455 153 524 216 442 219 528 268 449 278 528 284 454 295 499 270 461 270 492 344 443 335 477 401 428 385 471 405 430 392 480 431 400 404 
493 115 499 108 502 108 505 109 489 107 486 107 483 106 509 112 479 108 498 124 487 123 523 159 453 153 525 216 438 217 528 270 445 276 528 287 451 294 499 271 460 270 492 344 443 336 478 401 427 385 472 405 430 392 480 431 399 404 
492 114 497 107 501 107 504 107 488 106 484 106 482 106 508 111 478 108 497 123 485 122 524 160 453 152 526 217 435 213 529 271 439 271 528 288 446 288 499 272 458 270 491 344 443 336 478 401 427 385 472 405 430 392 480 431 399 404 
490 113 496 105 499 106 502 106 486 105 483 105 480 105 507 110 477 108 496 122 484 122 525 161 451 151 527 219 433 211 529 274 434 269 527 291 441 285 498 272 457 269 490 345 442 336 478 401 428 385 472 405 430 392 480 431 399 404 
488 111 495 104 498 105 501 105 485 104 482 104 479 104 507 110 476 107 494 121 483 120 525 161 450 151 529 220 431 209 530 275 428 267 527 292 434 282 498 273 455 269 489 345 442 336 478 401 428 385 473 405 431 392 480 431 399 404 
486 111 493 104 496 104 499 104 483 103 480 103 477 103 505 109 476 107 493 120 481 120 525 161 450 150 530 221 430 207 530 277 423 264 526 293 425 281 497 273 453 268 488 345 442 335 478 401 428 385 473 405 432 392 479 431 399 404 
484 110 491 103 494 103 497 104 481 102 479 102 476 102 504 109 475 106 491 120 479 119 525 162 450 149 530 222 429 205 530 279 419 260 524 294 421 278 495 274 451 268 487 345 441 335 478 401 428 385 473 405 432 392 479 431 399 404 
483 110 489 103 493 103 496 103 480 102 477 102 475 102 503 108 475 106 490 119 478 119 525 162 450 149 530 223 430 203 529 281 417 257 521 296 417 274 494 275 450 268 486 345 441 335 478 400 428 385 473 405 433 392 478 432 399 404 
481 110 487 102 491 103 494 103 478 102 476 102 475 102 501 108 475 106 488 119 477 119 525 162 450 149 530 224 430 202 526 283 416 253 516 298 414 270 493 275 449 268 485 344 440 335 478 400 428 384 474 405 434 392 478 432 399 403 
478 110 484 102 488 103 491 103 477 102 475 102 473 102 499 108 474 106 484 119 475 119 525 162 450 149 530 224 431 202 522 284 415 252 512 298 411 267 491 275 448 268 483 344 440 335 478 400 428 384 474 405 435 392 477 432 398 403 
475 110 482 103 485 103 489 103 475 102 473 102 471 102 498 107 473 106 482 120 473 119 523 163 450 149 529 226 431 202 518 285 415 250 507 299 410 265 491 275 448 268 482 343 439 334 477 400 428 384 474 405 435 392 476 432 398 403 
474 110 479 103 483 103 487 103 473 102 471 102 469 102 497 107 472 106 479 120 471 119 522 163 450 149 525 227 432 202 511 285 416 248 500 299 410 262 490 275 448 267 482 343 439 333 477 400 428 384 474 406 435 392 476 432 397 403 
471 111 477 103 481 103 485 103 471 102 469 102 468 102 495 107 471 106 477 120 469 120 519 163 452 149 521 227 436 202 506 284 417 246 495 299 410 261 489 275 449 267 481 343 439 333 476 400 428 384 473 406 435 392 475 432 396 403 
470 111 475 103 479 103 482 103 469 102 467 102 466 103 493 107 470 106 475 120 468 120 516 162 454 149 517 227 439 203 498 284 418 245 487 299 411 260 485 275 449 266 480 342 438 332 476 400 428 384 473 406 435 392 475 432 396 402 
468 111 474 103 477 103 480 103 468 102 466 102 464 103 492 107 469 106 474 120 467 120 513 162 456 149 511 226 443 202 492 284 418 245 482 298 412 260 483 274 449 266 479 341 438 330 476 400 428 384 474 406 435 393 475 432 395 402 
466 111 472 102 475 102 478 102 465 102 464 102 462 103 490 106 467 106 472 120 465 120 510 161 457 149 507 226 445 202 486 283 420 244 475 298 413 259 482 273 449 265 478 340 438 331 476 400 428 385 475 407 436 393 475 432 395 402 
464 110 470 102 473 102 477 102 463 102 462 102 460 102 488 106 465 106 470 119 464 120 508 161 459 149 501 226 447 203 479 282 424 244 465 295 414 259 481 273 449 265 478 340 437 330 476 400 429 385 476 407 436 393 474 431 395 402 
462 110 468 102 471 102 474 102 462 102 460 102 459 102 486 106 464 106 469 119 462 120 505 160 461 150 497 226 449 204 472 280 426 245 458 292 416 260 481 272 449 265 478 340 437 328 477 400 429 385 476 407 436 393 474 431 395 402 
461 110 467 102 470 102 473 102 461 102 459 102 458 102 485 106 464 106 468 119 461 120 503 159 462 151 494 226 450 206 468 277 429 245 454 290 418 260 481 272 450 265 478 340 437 326 477 401 429 385 477 408 436 393 473 431 395 402 
460 110 465 102 468 102 471 102 460 102 458 102 457 102 482 105 463 106 466 119 460 120 501 158 462 152 492 226 451 208 465 276 430 245 450 287 420 260 481 271 450 264 478 340 437 325 477 401 429 385 477 408 436 393 473 431 394 402 
459 110 464 102 467 102 470 102 459 102 457 102 456 102 481 105 463 106 466 119 459 120 499 158 463 152 488 226 454 210 460 275 432 247 446 286 422 260 480 271 450 264 478 340 437 325 477 401 429 385 477 408 436 393 473 431 394 402 
458 110 463 102 466 102 469 102 458 102 457 102 455 102 480 105 463 106 465 119 459 120 497 157 463 153 486 225 455 212 455 274 434 249 443 284 424 261 480 271 450 264 477 340 437 325 477 400 429 385 477 408 436 393 473 431 394 402 
457 111 462 102 465 102 468 102 457 102 456 102 455 102 479 105 462 106 464 119 458 120 496 156 464 153 485 225 457 212 453 273 437 250 441 282 428 261 480 270 450 264 477 340 437 324 478 400 429 385 478 408 436 393 473 430 394 401 
457 111 461 102 464 102 467 102 457 102 456 102 454 102 479 105 462 106 463 119 458 120 494 156 466 153 484 225 458 212 451 271 438 250 440 279 430 261 479 270 451 264 477 340 437 323 478 400 429 384 478 408 436 393 472 430 394 401 
456 111 461 102 464 102 467 102 456 102 455 102 454 102 478 105 462 106 463 119 457 120 493 156 466 153 483 225 458 212 450 270 439 251 439 278 431 261 479 270 451 264 477 340 437 322 478 400 430 384 478 408 436 393 471 430 394 401 
456 111 461 102 464 102 467 102 456 102 455 102 454 103 478 105 462 106 463 119 457 120 493 156 466 153 482 225 458 212 450 270 439 251 438 278 431 261 478 270 450 264 477 340 437 323 478 400 430 384 478 408 436 393 471 429 394 401 
456 111 461 102 464 102 467 102 457 103 456 103 455 103 478 105 463 106 463 119 457 120 493 156 466 153 482 225 458 212 449 270 440 251 438 278 432 261 478 269 450 264 477 339 437 323 478 401 430 384 478 408 436 393 470 429 394 400 
457 111 461 102 464 102 467 102 457 103 456 103 455 103 478 105 462 106 463 119 457 120 493 156 466 153 483 225 458 212 450 270 439 251 439 278 432 261 477 269 450 264 477 339 437 323 478 401 430 384 478 408 436 393 470 429 394 400 
457 111 462 102 464 102 467 102 457 103 456 103 455 103 478 105 462 106 463 119 457 120 493 156 466 153 483 225 457 212 451 270 439 251 439 278 431 261 477 269 450 264 477 339 437 322 478 401 430 384 478 408 436 393 470 429 394 400 
457 111 462 102 464 102 467 102 457 102 456 103 455 103 478 105 461 106 463 119 458 120 493 156 466 153 483 225 457 212 451 270 439 251 440 278 431 262 477 270 450 265 477 339 436 324 478 400 430 384 478 408 436 393 470 429 394 400 
457 111 462 102 465 102 467 102 457 102 456 103 455 103 479 105 461 106 463 119 458 120 493 156 464 153 484 225 456 212 452 270 437 251 441 279 430 262 477 269 450 264 476 338 436 324 478 400 430 384 478 407 436 393 471 429 394 400 
457 111 462 102 465 102 468 102 457 102 456 103 455 103 479 106 461 106 464 119 458 120 495 156 462 153 484 225 454 212 455 271 434 251 441 281 427 262 477 269 449 264 476 338 436 324 478 400 430 384 478 407 435 393 471 429 394 400 
457 110 463 102 466 102 469 102 458 102 456 103 455 103 481 106 461 106 464 119 458 120 497 157 461 153 486 225 452 212 459 271 433 251 445 282 425 263 478 269 449 264 476 338 436 325 478 400 429 384 478 407 435 393 471 429 394 400 
458 110 464 102 467 102 470 102 458 102 457 103 455 103 482 106 461 106 464 119 458 120 499 157 459 153 489 225 450 212 463 271 430 252 448 283 423 263 478 269 448 264 476 338 436 327 478 399 429 384 478 406 434 393 472 429 394 400 
458 111 465 103 468 102 471 102 458 103 457 103 455 103 482 106 461 106 464 120 458 120 502 158 457 153 492 225 447 211 467 272 427 252 452 284 422 264 478 269 447 264 476 338 436 327 478 399 429 384 477 405 434 393 472 429 394 401 
460 111 466 103 469 103 473 102 459 103 457 103 456 103 484 106 461 106 465 120 458 120 504 159 455 152 494 225 444 210 471 274 425 252 456 287 420 265 478 270 447 264 477 338 435 328 478 399 429 384 477 405 434 393 472 429 394 401 
461 111 467 103 470 103 474 103 460 103 458 103 456 103 485 107 461 106 466 120 459 120 505 159 453 152 497 225 442 208 474 277 424 251 460 289 419 265 478 270 446 264 477 338 435 328 478 399 429 384 477 404 434 392 473 429 394 401 
461 111 467 103 471 103 475 103 460 103 458 103 456 103 485 107 461 106 467 120 459 120 506 159 451 151 500 225 439 207 478 278 422 251 465 291 418 265 478 270 445 264 478 338 435 329 478 399 429 384 477 404 434 392 474 429 394 401 
462 111 468 103 472 103 476 103 461 103 459 103 457 103 486 107 461 105 467 120 460 120 507 160 450 151 502 225 436 207 483 278 420 251 472 292 416 265 478 270 444 264 478 338 435 329 478 399 429 384 477 404 433 392 474 429 394 401 
462 111 469 103 472 103 476 103 462 103 459 103 457 103 486 107 461 105 468 120 460 120 508 160 448 151 505 225 434 206 487 279 418 250 477 293 413 265 478 270 443 264 478 339 434 329 478 399 429 384 477 404 433 392 475 429 394 402 
463 111 469 103 473 103 477 103 462 103 460 103 458 103 486 107 461 105 468 120 460 120 509 160 446 151 507 224 432 206 491 279 415 250 481 294 410 265 478 270 442 264 478 340 434 330 478 399 428 385 477 404 433 393 475 429 394 402 
463 111 469 103 473 103 477 103 462 103 460 103 458 103 486 107 460 105 468 120 460 120 509 160 443 151 508 224 429 205 496 280 413 250 486 295 407 266 478 270 441 264 478 340 434 330 478 399 428 385 476 403 433 393 475 429 395 403 
463 111 469 103 473 103 477 103 462 103 460 103 458 103 486 107 460 105 468 120 460 120 508 160 442 150 509 224 428 204 498 281 411 250 488 296 405 266 478 270 440 264 478 341 434 330 478 399 428 385 476 403 433 393 476 429 395 403 
463 111 469 103 473 103 477 103 462 103 460 103 457 103 486 107 459 105 468 120 460 120 508 160 440 150 509 224 426 204 501 281 409 250 493 296 403 266 478 270 439 264 478 341 434 331 478 399 428 385 475 403 432 393 476 429 395 403 
463 111 469 103 473 103 477 103 461 103 459 103 457 103 486 107 458 105 468 120 460 120 508 160 438 149 510 223 425 203 506 282 406 250 500 296 400 266 478 270 438 264 477 341 434 331 477 399 428 385 475 403 432 394 476 429 396 404 
462 111 468 103 471 103 475 103 460 103 458 103 456 103 484 107 457 105 466 120 458 120 507 160 437 149 510 223 423 203 508 282 404 250 502 296 399 266 478 270 437 264 476 342 434 331 477 399 428 386 474 404 432 394 476 429 396 404 
460 111 466 103 470 103 474 103 459 103 456 103 454 102 483 107 456 105 465 120 457 120 507 160 435 149 510 222 421 202 509 281 402 250 503 296 397 266 478 270 436 264 476 342 434 332 477 399 428 386 474 404 432 394 476 429 396 404 
458 111 465 103 468 103 472 103 457 103 454 102 452 102 481 107 454 105 463 120 455 120 505 159 433 148 510 222 419 202 511 281 400 250 504 296 396 266 477 270 436 263 476 342 434 332 476 399 428 386 473 404 432 394 476 429 396 404 
457 111 463 103 466 103 470 103 455 103 452 102 450 102 479 107 452 104 462 120 454 120 504 159 431 148 509 221 418 202 511 281 400 250 504 296 396 266 477 270 436 263 476 342 434 332 476 399 428 386 472 403 432 394 475 429 396 404 
455 111 461 103 465 103 469 103 453 102 451 102 449 102 478 107 450 104 460 120 452 120 503 158 429 148 509 220 417 202 511 279 400 250 505 295 395 266 478 270 436 263 476 343 434 332 474 399 428 386 472 404 432 394 471 429 397 404 
454 111 460 103 464 103 467 103 452 102 449 102 447 102 476 106 448 104 459 120 451 120 501 157 428 147 509 220 415 202 511 278 400 250 504 294 395 267 478 268 436 262 475 343 434 332 471 399 428 385 468 403 433 393 464 430 398 405 
452 112 458 103 462 103 466 103 450 103 448 103 446 103 474 106 446 104 458 120 450 120 501 157 427 147 509 219 415 201 511 277 401 250 504 293 396 267 479 268 437 262 475 343 435 333 468 399 429 385 466 403 434 393 457 430 398 405 
451 113 456 104 460 104 464 103 449 104 447 104 444 104 473 106 446 105 457 121 448 121 500 157 427 147 509 219 415 201 511 277 401 251 504 293 397 267 480 267 439 262 475 343 436 333 467 399 429 385 465 404 435 393 453 430 399 405 
450 115 455 105 459 105 462 105 448 106 446 106 443 105 472 107 445 106 456 122 447 122 500 157 427 147 509 219 415 201 510 277 401 252 504 293 397 269 481 268 440 262 475 343 437 333 467 399 429 385 465 404 435 393 454 430 399 404 
449 116 454 107 457 106 461 106 446 107 444 107 442 107 470 108 444 107 455 124 446 124 500 157 427 148 509 219 415 203 510 277 402 254 503 293 398 270 481 269 441 264 475 343 437 333 467 400 429 385 466 404 435 393 453 430 399 404 
448 119 452 109 455 108 459 108 445 110 443 110 441 109 469 109 443 110 454 126 445 126 500 157 427 149 510 219 416 206 510 277 404 256 503 293 401 272 482 270 442 265 475 343 437 333 467 400 429 385 466 405 435 393 452 430 399 403 
446 121 451 111 454 110 458 109 444 112 442 111 440 111 468 111 442 112 453 127 444 128 500 157 427 151 510 219 418 208 510 277 407 256 503 293 405 272 483 270 443 266 475 343 437 333 467 400 429 385 466 405 435 393 452 430 399 403 
444 123 449 114 452 113 456 112 442 114 441 114 439 114 467 113 442 114 450 130 443 130 500 158 427 152 510 221 421 209 509 277 411 256 503 293 409 272 484 271 444 266 475 343 437 333 466 400 429 385 466 405 436 393 451 431 399 403 
442 126 447 116 450 115 453 115 440 117 438 117 436 117 466 115 440 117 449 132 441 133 500 160 427 153 510 223 423 210 509 278 413 257 503 294 411 272 485 273 445 267 475 343 437 333 466 400 430 385 466 406 436 393 451 431 401 404 
441 129 445 120 448 120 452 119 439 121 437 121 435 121 464 119 440 120 447 136 440 137 500 164 427 154 510 226 424 210 509 280 415 257 504 295 413 272 485 274 446 268 475 343 438 333 466 400 430 384 466 406 436 393 451 431 402 404 
438 135 442 126 445 125 449 124 436 127 434 126 433 126 462 123 438 124 445 141 438 142 500 167 427 155 510 229 424 210 509 283 417 257 504 297 415 272 485 275 446 268 476 343 438 333 467 401 430 384 466 406 436 393 451 431 402 404 
435 141 440 131 443 131 446 130 434 132 432 131 430 131 460 128 437 128 443 147 435 148 499 171 426 157 510 231 424 210 509 285 418 257 504 299 417 272 486 276 447 269 476 343 438 333 467 401 430 384 466 406 436 392 451 431 403 405 
433 146 438 137 442 136 445 135 432 137 430 137 428 136 458 132 434 132 441 152 433 153 498 174 424 160 509 234 424 212 509 286 419 257 504 301 418 272 486 277 448 269 477 343 438 333 467 401 430 383 466 406 436 392 451 431 402 405 
432 152 437 143 440 142 443 141 430 144 428 144 426 143 457 138 432 139 440 158 432 159 496 178 423 164 508 236 424 212 509 288 419 257 504 301 418 272 486 278 448 270 477 343 438 333 467 401 430 383 466 406 435 391 450 431 403 405 
431 158 435 148 438 147 441 146 428 149 426 149 424 148 455 142 429 144 439 164 431 164 494 180 421 167 508 237 423 213 509 289 419 258 505 302 418 272 486 278 448 270 477 343 439 333 467 400 430 382 467 406 435 390 450 430 403 405 
429 162 432 153 435 152 439 151 426 154 424 153 422 153 453 147 426 148 437 168 430 168 493 183 420 170 508 239 422 213 509 289 419 258 505 303 418 272 486 278 448 270 478 343 439 333 467 400 430 382 467 406 435 390 450 430 403 405 
427 166 431 157 434 155 437 154 424 157 422 157 420 156 452 150 424 151 436 171 428 171 492 186 418 174 508 240 421 214 509 290 419 259 505 303 418 273 486 277 449 269 478 343 439 333 467 400 430 381 467 405 435 389 450 430 403 405 
425 171 429 163 432 162 435 161 422 162 420 162 418 161 449 156 423 156 434 177 425 177 491 190 417 177 508 241 420 215 509 290 419 260 505 303 418 273 486 277 449 269 478 343 439 332 467 400 430 381 467 404 435 389 450 429 403 406 
423 177 427 168 430 167 433 166 420 168 418 167 416 166 447 161 422 162 431 183 422 183 490 193 416 180 508 242 420 217 509 290 419 262 505 303 418 274 486 277 449 269 478 342 439 332 467 400 430 381 467 404 435 390 451 429 403 406 
421 181 425 172 428 171 431 171 418 172 416 171 414 170 445 166 420 166 430 187 421 187 489 197 415 183 507 243 419 219 509 291 419 262 506 304 418 275 485 277 449 268 478 342 439 332 466 400 430 382 466 405 435 390 451 429 403 406 
421 186 425 177 428 176 431 175 418 176 416 176 413 175 445 170 419 170 429 192 420 192 488 201 414 185 507 245 418 220 510 292 419 263 506 305 418 276 485 276 448 267 478 342 439 332 466 400 430 382 466 405 435 390 451 429 403 406 
420 190 424 181 427 181 430 180 417 181 415 180 413 179 443 175 418 174 428 195 420 196 487 204 413 187 507 246 417 222 510 293 419 264 507 306 419 277 485 276 448 267 477 342 439 332 465 399 429 382 465 405 435 390 450 429 403 406 
420 194 424 185 427 185 430 184 417 186 414 185 412 184 443 178 416 178 429 199 420 199 486 207 412 190 507 248 416 224 510 293 419 265 507 306 419 278 485 276 448 267 477 342 439 332 465 399 429 382 465 404 435 390 450 429 403 405 
419 198 423 190 426 189 429 188 415 191 413 190 411 189 442 183 415 184 428 203 419 203 485 210 411 192 507 250 416 226 511 294 419 265 508 307 419 278 485 276 448 267 477 342 439 331 465 399 428 382 465 404 435 390 450 430 403 405 
418 202 421 193 424 192 427 191 414 194 412 193 410 193 440 186 414 186 427 206 418 207 484 213 411 195 506 251 416 227 511 295 419 266 508 307 420 279 484 277 448 267 477 342 439 331 465 400 428 382 465 405 435 390 450 430 402 405 
417 204 420 196 423 195 426 194 413 196 411 196 409 195 439 189 414 189 426 209 417 210 484 215 411 198 506 252 416 230 511 295 420 267 508 307 420 279 484 277 448 268 477 341 439 331 465 400 428 382 465 405 435 390 451 429 402 405 
416 208 419 200 423 199 426 197 412 200 410 200 408 199 438 192 412 193 425 212 416 213 483 216 411 202 506 252 416 231 511 295 420 267 508 307 421 279 484 278 448 269 477 341 440 331 466 400 428 381 467 405 435 389 451 429 402 405 
414 212 418 204 421 203 424 201 411 205 409 204 407 204 436 196 411 197 424 216 414 217 483 220 411 203 506 254 416 231 511 295 421 267 508 307 422 279 484 278 448 271 477 341 440 331 467 399 428 380 467 405 435 388 451 429 402 404 
414 215 418 207 421 206 424 205 410 208 408 208 406 208 435 199 410 201 423 219 414 221 482 221 410 205 505 253 416 231 511 295 422 267 508 307 423 279 484 279 448 271 478 341 440 331 467 399 428 380 468 404 435 388 451 430 402 404 
413 219 417 211 420 210 423 208 410 213 408 212 406 212 434 202 410 206 423 223 414 224 481 223 410 209 505 254 416 233 511 295 425 268 508 307 425 279 484 279 448 271 478 341 441 328 468 399 428 380 468 404 435 388 452 430 402 404 
412 222 415 214 417 213 420 212 408 215 407 215 405 215 431 206 410 209 421 226 413 227 480 226 410 211 504 254 416 235 511 295 426 269 509 307 426 279 484 279 449 271 478 343 441 328 468 399 428 380 468 404 435 388 452 430 402 404 
412 226 414 219 417 217 420 216 408 220 406 219 405 219 431 210 409 213 421 229 413 231 479 228 410 213 504 255 416 237 511 295 427 271 509 306 428 279 485 279 449 271 479 343 441 327 468 398 428 380 469 404 434 389 452 429 402 404 
411 230 413 222 416 221 419 220 407 223 406 223 404 222 430 214 409 217 421 233 413 234 479 232 410 217 504 256 417 240 512 295 429 272 509 306 430 281 486 278 451 271 479 342 441 325 468 398 428 380 469 404 434 389 452 429 402 404 
410 233 412 225 415 224 418 223 407 226 405 225 404 225 429 217 408 219 419 237 413 237 480 235 411 218 504 256 417 242 512 295 430 274 510 306 431 282 487 279 451 271 479 343 442 325 468 400 428 380 469 406 433 389 453 430 401 403 
410 237 412 229 415 229 418 228 406 230 404 229 403 229 429 222 407 223 418 241 411 241 480 237 411 220 504 258 417 244 513 295 433 274 510 305 435 283 488 279 452 271 479 343 442 326 467 400 428 381 469 406 433 389 453 429 400 403 
410 239 412 231 415 230 418 229 406 231 404 230 402 230 428 224 406 224 418 243 411 243 480 239 410 222 504 260 417 245 513 295 436 275 510 305 438 283 488 279 452 271 479 343 442 326 467 400 428 381 469 406 433 389 453 429 400 403 
409 242 411 234 414 233 417 232 405 234 403 233 401 233 428 227 406 226 416 246 410 247 480 239 410 224 504 260 420 247 514 294 439 274 511 303 441 283 489 278 453 270 480 342 441 326 467 400 428 381 469 405 433 388 453 428 401 403 
408 244 411 235 414 235 417 234 405 236 403 235 401 234 428 229 405 228 416 248 409 248 481 239 410 226 504 259 420 249 514 293 439 275 511 302 441 283 489 279 453 270 480 342 441 326 468 399 428 380 469 403 433 388 453 428 401 403 
408 245 410 237 413 236 416 235 404 237 402 237 400 236 427 230 405 230 415 249 409 250 477 237 410 229 504 259 426 254 514 292 445 277 512 300 447 284 489 279 453 270 480 341 441 326 468 398 428 379 469 403 433 387 453 428 401 402 
408 248 411 240 413 239 417 238 405 240 403 239 401 239 427 233 405 232 416 252 409 253 479 240 410 228 504 260 427 253 514 290 446 277 512 299 447 285 490 276 454 268 481 339 442 324 469 397 428 378 469 402 433 387 454 428 400 402 
408 250 410 242 413 241 416 240 405 241 403 241 401 240 427 235 406 233 415 254 409 254 480 242 411 229 504 260 439 257 515 289 458 277 512 298 458 286 491 276 455 268 482 339 442 323 469 397 428 378 470 403 433 387 454 427 400 402 
408 251 410 243 413 242 416 241 404 242 403 242 400 241 427 237 406 234 415 255 409 256 480 244 412 229 504 260 441 259 515 288 463 279 512 297 467 287 493 275 456 267 482 337 442 323 470 396 428 378 470 402 433 387 455 425 400 401 
408 253 410 245 413 244 415 243 404 244 403 243 401 242 427 238 406 235 415 256 409 257 480 244 412 229 504 260 441 260 515 288 463 279 512 297 468 286 493 275 457 267 483 336 443 321 470 396 429 377 469 402 433 387 455 425 400 400 
408 254 410 246 412 245 415 245 404 245 403 245 401 244 426 240 407 236 415 257 409 258 480 245 412 228 504 260 442 259 515 287 467 278 513 297 472 286 494 274 457 266 483 336 443 319 470 397 428 377 468 404 433 387 455 426 399 400 
407 256 409 247 412 247 414 246 404 247 403 246 401 245 426 241 408 237 415 258 409 259 480 245 412 228 504 260 441 259 515 286 464 275 513 295 468 279 494 273 457 265 483 336 442 318 470 397 428 377 467 404 433 387 455 426 398 400 
407 257 409 249 411 248 414 248 404 249 403 248 401 247 425 242 408 238 415 260 409 260 475 240 412 229 504 260 440 260 516 286 464 274 513 295 469 277 494 273 457 265 483 335 442 319 470 397 427 377 468 405 433 387 454 426 398 400 
407 258 409 250 411 250 414 249 404 250 403 249 401 248 425 243 408 240 415 260 409 261 474 238 413 229 505 259 441 261 515 284 465 271 513 293 469 274 495 273 458 265 483 336 442 319 470 397 427 377 470 405 433 387 454 426 398 400 
408 260 409 252 411 251 414 250 404 252 403 251 401 250 425 244 408 241 416 262 410 263 475 237 413 229 505 258 442 261 515 283 469 271 513 292 474 273 496 273 459 265 484 335 443 319 470 397 428 377 470 405 433 387 454 426 398 400 
408 261 409 253 412 253 414 252 405 253 403 253 401 252 425 245 409 242 416 262 411 264 474 237 413 230 504 258 447 261 515 284 476 270 513 292 482 272 496 273 459 266 484 336 443 318 470 399 428 377 469 405 433 387 453 427 398 400 
409 262 410 255 412 254 414 253 405 255 404 254 402 253 425 246 410 244 417 264 411 265 474 238 413 230 504 259 451 261 514 284 481 271 513 292 488 273 496 273 459 266 484 336 443 318 469 400 428 377 469 407 433 387 453 428 398 400 
409 262 410 254 412 254 414 253 405 254 404 254 402 253 425 247 410 244 417 264 411 265 474 240 413 230 504 259 451 261 514 284 480 269 513 290 486 271 496 273 459 265 484 336 443 318 469 400 428 378 471 410 434 387 453 428 398 400 
409 263 410 256 412 255 414 254 405 256 404 255 402 254 425 248 410 245 417 265 411 266 473 241 413 231 504 259 452 261 513 284 482 269 512 289 489 271 496 273 460 264 483 336 442 316 469 400 427 378 469 408 434 386 453 429 398 399 
409 264 410 256 412 256 415 255 405 257 404 256 402 255 426 249 411 246 417 265 412 267 474 241 413 231 504 259 453 260 513 284 484 267 512 289 490 269 496 273 460 264 483 336 442 316 469 400 427 377 468 407 434 386 453 429 398 399 
410 265 411 258 413 257 415 256 406 258 404 257 403 256 426 250 411 247 418 266 413 267 473 242 412 231 504 261 452 260 513 284 484 267 512 288 491 269 496 274 460 264 482 337 442 312 468 400 428 373 467 407 435 380 450 430 400 394 
410 266 411 259 413 258 415 257 406 259 405 258 403 257 426 250 411 247 418 267 413 268 473 242 412 231 505 261 451 260 513 284 483 267 512 289 490 269 496 274 460 264 482 337 442 312 468 400 427 373 467 406 435 381 450 430 399 395 
410 265 411 258 413 257 415 256 406 258 405 257 403 256 426 250 411 247 418 266 413 268 473 243 415 231 504 262 455 260 513 284 486 267 512 289 493 269 496 274 460 264 482 337 442 312 468 400 428 373 466 406 435 381 450 430 399 395 
411 266 411 258 413 258 415 257 406 259 405 258 404 257 426 250 411 247 419 267 414 268 473 243 415 231 504 262 454 261 513 284 486 267 512 289 493 269 496 274 460 264 482 337 442 312 469 400 428 373 467 406 435 381 450 430 398 395 
410 266 411 258 413 258 415 257 406 258 405 258 404 257 426 250 411 247 419 267 413 268 473 243 415 233 504 261 453 261 513 284 484 266 512 289 491 267 496 274 460 264 482 337 441 308 469 400 428 373 467 406 435 381 450 430 398 395 
410 265 411 258 413 257 415 256 406 258 404 258 403 257 426 250 411 247 418 267 413 268 473 243 414 233 504 261 453 261 513 284 484 266 512 289 491 268 496 274 460 264 482 337 441 309 469 400 427 373 469 405 435 381 450 430 398 396 
410 265 411 258 413 257 415 256 406 258 404 257 403 256 426 249 411 247 418 267 413 268 474 243 413 233 505 261 447 260 513 284 477 266 512 290 484 269 496 273 460 264 482 337 441 310 470 400 427 374 469 405 434 382 450 430 397 397 
410 265 411 258 413 257 415 256 406 258 404 257 403 256 426 249 410 247 418 266 412 268 475 242 413 233 505 260 443 260 513 284 474 266 512 290 481 269 496 273 460 264 482 338 441 310 470 400 427 374 469 406 434 382 450 430 397 397 
410 264 411 256 413 256 415 255 406 256 404 255 403 254 426 249 411 246 417 266 412 267 475 242 413 233 505 259 442 259 513 284 468 266 512 290 475 269 496 272 459 263 482 338 441 310 470 400 427 375 470 406 434 382 450 430 396 398 
410 262 411 254 413 254 416 253 406 254 404 253 403 252 427 247 410 245 417 265 412 266 476 242 413 232 505 259 438 257 514 284 464 266 512 290 471 269 496 272 459 263 482 338 441 312 470 400 427 375 470 406 434 382 451 430 397 398 
410 260 411 251 413 251 416 250 406 251 404 250 403 249 427 245 410 242 417 263 412 264 476 240 413 232 506 259 438 257 514 285 460 266 512 291 465 270 496 272 459 264 482 338 441 315 470 400 426 376 470 406 433 384 451 430 396 399 
410 256 411 248 414 247 416 246 406 248 405 247 403 246 428 241 411 239 417 260 412 261 477 239 414 232 505 260 439 256 514 285 456 267 512 292 459 272 496 272 459 265 482 339 441 316 470 400 426 375 470 406 433 384 451 430 397 399 
411 252 413 243 416 242 419 242 407 244 406 243 404 242 430 237 411 234 419 256 413 256 478 237 415 229 505 260 440 253 514 286 457 268 512 292 461 276 496 272 459 265 482 339 441 317 470 400 426 377 470 406 433 385 451 430 396 399 
412 248 415 239 418 238 421 237 409 240 407 239 405 239 432 233 412 231 421 252 413 253 480 236 417 228 508 264 440 254 514 287 454 272 511 293 457 279 496 273 460 266 482 339 441 317 470 400 426 377 470 406 433 384 452 430 396 399 
412 243 415 234 418 233 421 233 409 235 407 234 405 234 433 228 412 228 422 247 414 248 481 234 417 225 506 261 439 254 514 288 449 273 511 295 449 281 496 273 459 266 482 339 441 318 470 401 426 377 470 406 432 385 452 430 396 400 
414 239 417 230 420 230 423 228 410 231 408 231 406 231 435 222 412 224 424 243 415 245 481 229 416 224 505 260 436 253 514 288 447 275 511 296 449 284 496 273 459 266 482 339 441 320 470 400 425 377 470 406 432 385 452 429 396 400 
415 231 418 222 422 221 426 219 410 223 408 223 406 223 438 214 411 220 426 236 416 238 481 231 414 223 504 255 421 246 514 288 433 274 510 296 435 282 496 273 459 266 482 337 441 321 471 398 425 377 471 404 432 385 452 429 396 400 
416 225 420 215 425 214 429 213 411 216 409 216 406 216 440 209 411 214 428 231 417 232 481 231 414 220 503 252 420 238 514 288 429 271 510 296 431 282 496 273 459 266 482 335 442 319 471 397 426 375 471 403 432 383 451 429 397 400 
418 219 423 209 427 208 431 207 413 210 411 209 408 209 441 204 412 206 428 224 418 225 481 226 413 215 504 251 418 233 514 288 427 268 509 298 430 282 495 271 459 264 481 335 442 319 471 397 426 377 471 403 432 384 451 429 397 401 
420 209 425 199 429 199 433 198 416 200 413 199 410 198 444 197 413 196 430 216 419 216 482 221 412 212 504 248 419 234 513 288 426 268 509 301 429 281 495 270 459 264 481 335 442 320 471 397 427 379 471 403 432 386 452 428 397 402 
422 201 427 191 430 190 434 190 418 191 415 190 412 190 446 189 415 187 432 208 420 209 482 217 411 208 504 245 419 232 512 288 425 268 508 301 426 280 494 268 459 264 482 335 442 323 471 397 427 380 471 405 433 389 452 428 398 402 
424 193 429 183 432 183 436 182 420 183 418 182 415 182 448 181 418 179 433 201 421 202 483 213 411 203 504 244 418 230 512 288 425 266 507 301 426 280 494 267 459 264 482 335 442 328 471 397 427 381 471 405 433 390 453 428 398 402 
426 187 432 177 435 177 439 176 423 177 420 177 418 176 451 175 420 174 434 194 423 196 486 209 411 198 505 244 418 229 512 288 424 266 507 301 426 280 492 266 458 263 482 334 442 328 470 397 427 380 471 405 433 390 453 428 398 402 
429 180 435 171 438 171 442 170 426 171 423 170 421 169 453 169 422 166 437 187 426 188 487 204 411 192 505 243 419 228 512 288 423 267 507 302 425 280 491 267 457 264 482 333 442 329 470 397 428 380 470 405 433 390 454 428 398 403 
431 174 437 165 441 165 445 164 429 165 426 165 424 165 456 163 426 161 439 181 428 182 490 199 412 188 506 243 418 226 511 288 422 267 507 302 424 279 490 267 456 264 482 334 441 330 470 398 428 381 470 406 434 390 454 428 399 404 
431 165 437 156 441 156 444 155 429 157 427 156 425 155 456 156 430 154 439 173 428 173 492 194 414 184 507 243 418 224 510 289 420 266 506 303 422 279 490 268 454 264 481 335 441 329 470 398 429 382 470 406 435 390 454 429 401 404 
433 158 439 148 442 148 446 147 431 148 429 147 427 147 457 148 432 145 440 166 430 166 494 191 417 181 508 242 418 220 510 289 420 264 506 303 422 278 489 269 452 264 480 336 441 329 468 399 429 383 469 406 435 390 452 429 401 405 
436 154 443 145 446 144 449 144 435 145 432 144 430 144 460 144 435 143 444 162 433 161 496 187 419 175 509 240 418 218 510 289 419 263 505 303 421 277 488 269 451 264 478 336 442 329 468 399 429 383 469 406 435 391 452 430 401 405 
438 149 445 139 448 138 452 138 437 139 435 138 433 137 462 139 438 137 446 156 436 156 497 183 421 171 509 239 419 217 510 289 418 262 504 303 421 277 486 271 449 266 476 338 442 330 468 399 429 383 469 406 435 391 451 430 402 405 
441 142 447 133 451 132 454 132 439 132 437 132 436 131 465 134 439 132 448 150 439 150 499 179 423 167 509 237 419 215 510 289 418 261 504 303 420 275 485 272 447 267 476 339 442 331 468 399 430 383 468 406 436 391 451 431 401 405 
443 136 449 128 453 127 457 127 442 127 440 127 438 127 467 129 442 128 450 144 441 144 501 176 425 164 510 236 419 214 510 288 418 261 504 303 418 275 484 272 446 267 475 340 441 330 466 399 430 383 467 406 436 391 450 431 402 406 
446 130 452 122 456 121 460 121 444 122 443 122 441 122 469 124 443 124 453 138 444 138 502 174 426 162 511 234 420 213 510 287 417 260 504 302 418 274 484 273 445 267 475 340 440 331 465 399 430 383 465 405 436 391 449 431 402 406 
448 126 455 118 459 118 463 118 447 118 445 118 443 118 472 122 446 121 455 135 446 135 503 172 428 160 512 233 421 212 510 287 417 260 503 302 417 274 484 273 445 267 475 341 439 331 465 398 430 383 465 404 436 391 449 431 402 407 
451 123 457 115 461 115 465 115 449 115 447 115 445 115 474 119 448 117 458 132 448 132 504 170 429 158 512 232 421 210 509 286 417 259 502 301 416 274 484 273 445 267 475 342 438 332 465 399 430 384 465 404 436 392 449 431 402 407 
454 121 461 112 465 112 469 112 452 112 450 111 448 111 476 116 449 114 461 130 451 129 505 168 430 156 512 231 422 209 509 285 416 258 501 300 415 273 484 273 444 266 475 343 438 332 465 399 430 384 465 404 436 391 449 431 402 407 
455 118 463 109 466 109 470 110 454 109 452 109 450 109 478 114 451 111 462 128 452 127 506 167 431 155 512 230 422 209 508 284 416 257 501 299 415 273 484 273 444 266 475 343 437 333 465 400 430 384 465 405 436 391 449 432 402 407 
457 116 464 108 468 108 472 108 455 108 453 107 451 107 479 112 452 110 464 126 453 125 507 165 432 153 512 229 423 209 508 283 416 257 500 298 415 273 484 272 444 266 475 342 437 333 465 400 430 384 465 405 436 392 449 432 402 407 
459 114 466 106 470 106 474 106 457 105 455 105 453 105 481 110 454 108 466 123 455 123 508 164 433 152 513 228 423 209 507 282 416 257 499 297 415 273 484 272 444 265 475 342 437 334 465 399 430 384 465 405 436 392 449 431 402 407 
460 112 467 104 470 105 474 105 458 104 456 104 454 104 482 109 455 107 467 121 456 121 509 163 434 151 513 227 424 208 506 282 416 257 498 297 415 273 484 271 444 265 475 342 437 333 465 399 431 384 465 405 437 392 450 431 402 407 
461 110 468 103 472 103 475 103 459 103 457 103 455 103 483 108 456 106 468 120 457 120 509 163 435 151 513 227 424 208 505 282 416 256 497 296 415 273 484 271 444 265 475 342 437 333 466 399 431 384 465 405 437 392 450 431 402 406 
462 109 469 102 473 102 476 103 460 102 458 102 457 102 484 107 458 105 469 119 458 119 510 162 436 150 513 227 424 207 505 282 416 256 496 296 414 273 484 270 444 264 475 342 437 333 466 400 431 384 466 405 437 392 450 432 402 406 
463 109 470 101 473 102 477 102 461 101 459 101 458 101 485 106 459 104 469 119 459 118 510 161 437 149 513 226 425 206 504 281 415 255 495 296 413 273 484 270 444 264 475 341 437 333 465 400 431 384 465 406 437 392 450 432 402 406 
464 108 471 101 474 101 478 101 462 100 460 100 458 100 485 106 459 104 470 118 460 117 511 161 438 149 513 225 425 206 503 281 415 255 494 296 412 273 484 270 444 264 475 342 437 333 465 400 431 384 465 406 437 392 450 432 402 406 
464 108 471 101 475 101 479 101 463 100 461 100 459 100 486 106 460 104 471 118 461 117 511 160 439 149 513 223 426 206 502 280 414 255 492 296 411 272 484 270 444 264 475 342 437 333 465 400 431 384 465 406 437 392 450 432 402 406 
466 107 473 99 476 100 480 100 464 99 462 99 460 99 487 105 460 103 473 117 462 116 512 160 440 149 513 223 427 206 502 279 414 254 491 295 411 271 483 270 444 264 475 342 437 333 465 400 431 384 465 406 437 392 450 432 402 406 
466 106 473 99 477 99 481 100 464 99 462 99 461 99 487 105 461 103 473 116 463 116 512 160 440 149 514 223 427 206 501 279 414 254 491 295 410 271 483 271 444 264 475 342 436 334 465 400 431 385 465 406 437 392 450 432 402 406 
466 106 473 99 477 99 481 100 464 99 462 99 461 99 488 105 461 103 473 117 463 116 512 160 441 149 514 223 427 206 501 279 413 253 490 294 409 270 483 271 444 264 475 343 436 334 465 400 431 385 465 406 437 393 450 432 402 406 
466 106 473 99 477 99 481 100 465 99 463 99 461 99 488 105 462 103 473 117 463 116 513 160 442 149 514 223 427 205 501 279 413 253 489 294 409 270 483 271 444 265 475 343 436 334 466 400 431 385 465 406 438 393 450 432 402 406 
466 106 473 99 477 99 481 100 465 99 463 99 461 99 488 105 462 103 473 117 463 116 513 160 442 149 515 223 428 205 500 279 413 253 489 294 409 270 483 272 444 265 475 343 436 334 466 400 431 384 465 406 438 392 450 432 402 406 
467 106 474 99 478 99 481 100 465 99 463 99 461 99 489 105 462 103 474 117 464 116 513 160 442 150 515 223 428 205 501 279 413 253 489 294 408 270 483 272 444 265 475 343 436 334 466 400 432 384 466 406 438 392 450 432 402 407 
467 106 474 99 478 99 482 100 466 99 464 99 462 99 489 105 463 103 474 117 464 116 514 160 442 150 515 223 428 206 501 279 413 253 489 294 408 270 483 272 444 265 475 343 436 334 466 400 432 384 466 406 439 392 451 432 402 407 
467 107 474 99 478 100 482 100 466 99 464 99 462 99 489 105 463 103 474 117 464 116 514 160 442 150 515 223 428 206 501 279 413 253 489 294 408 270 483 272 444 265 475 343 436 335 466 400 432 384 466 406 439 392 452 432 402 407 
467 107 474 100 478 100 482 100 466 99 464 99 462 99 489 105 463 103 474 117 464 116 514 160 442 150 515 223 428 206 501 279 413 253 490 294 408 271 482 272 444 265 475 343 436 335 467 400 432 384 466 405 439 392 452 432 402 407 
467 107 474 100 478 100 482 100 466 99 464 99 462 99 489 105 463 103 474 117 464 116 514 160 442 150 515 223 428 206 501 279 413 253 490 294 408 271 482 272 444 265 475 343 436 335 467 400 432 384 466 405 439 392 452 432 402 407 
467 107 474 100 478 100 482 100 466 99 464 99 462 99 489 105 463 103 474 118 464 117 514 160 442 150 515 223 428 206 502 279 413 253 491 294 408 271 482 272 444 265 475 343 436 335 467 400 432 384 466 405 439 393 452 431 402 407 
467 109 473 100 477 100 481 101 466 100 464 100 462 100 489 105 463 104 474 118 464 118 514 160 443 150 515 223 428 206 503 279 413 253 492 294 408 270 482 272 444 265 475 343 436 335 467 400 433 384 466 405 440 393 452 431 402 407 
467 110 473 101 477 101 481 101 466 101 464 101 461 101 489 106 463 104 473 119 464 119 514 160 443 150 515 223 429 206 504 279 413 252 494 294 409 270 482 272 444 265 475 343 436 335 467 400 433 384 466 405 440 393 452 431 402 407 
467 111 472 102 476 102 480 102 465 102 463 102 461 102 489 106 463 105 473 120 464 120 514 160 443 150 515 223 429 206 504 279 414 252 495 294 409 270 483 272 444 265 475 343 436 335 467 400 433 384 466 405 440 393 453 431 402 407 
466 112 472 104 475 103 479 103 465 104 463 104 461 104 489 107 463 106 472 121 464 121 514 160 443 150 515 223 429 206 505 279 414 252 497 294 410 270 483 272 444 265 475 343 436 335 467 400 433 384 466 405 440 393 453 431 402 407 
466 114 471 106 474 105 479 105 464 106 462 106 460 106 488 108 462 108 472 123 463 122 514 160 443 150 515 222 429 206 506 279 415 252 498 294 411 270 483 272 444 265 475 343 436 335 467 400 433 384 466 405 440 393 453 431 402 407 
465 118 469 109 472 108 476 108 463 110 461 110 459 110 487 109 462 110 471 126 462 125 514 160 443 149 515 222 430 206 507 279 415 252 500 294 412 269 483 271 444 264 475 343 436 335 467 400 433 384 466 405 440 393 453 431 402 408 
464 123 468 114 471 113 475 112 461 114 459 114 458 114 486 111 461 113 470 129 462 129 514 159 443 149 515 222 430 205 507 279 416 252 500 294 412 269 483 271 444 263 475 343 436 335 467 400 433 384 466 405 440 393 453 431 402 408 
464 126 467 116 470 115 474 114 461 118 459 118 457 118 485 113 459 116 470 131 462 132 514 159 444 149 516 222 430 205 508 279 416 252 501 294 413 269 483 271 444 263 475 343 436 335 467 400 433 384 466 405 440 393 453 431 402 408 
463 129 466 120 469 118 473 117 459 121 457 121 455 121 484 114 458 119 470 133 461 135 514 159 444 149 516 222 431 206 508 279 416 251 501 294 414 269 483 271 444 263 475 343 436 335 467 400 433 384 466 405 440 393 453 431 402 408 
463 131 466 121 469 119 473 118 459 123 457 122 455 122 482 116 458 120 470 134 461 136 514 159 444 149 517 221 432 206 509 279 417 251 501 294 414 268 483 271 444 263 475 343 437 335 467 400 433 384 466 405 440 393 453 431 402 408 
462 134 464 124 468 123 471 121 458 126 456 125 454 125 481 118 457 122 469 137 461 139 514 159 444 149 518 220 432 206 509 278 418 251 502 293 415 268 483 271 444 263 475 343 437 335 467 400 433 384 466 404 440 393 453 431 402 408 
459 137 462 127 465 126 468 124 455 128 454 128 452 128 479 121 456 124 468 140 460 141 514 158 444 149 518 220 433 206 510 277 418 251 502 293 415 267 483 270 444 262 475 343 437 335 467 400 433 384 466 404 440 393 453 431 402 408 
459 139 461 129 464 128 468 126 454 130 453 130 451 130 478 123 455 126 468 142 460 143 514 158 444 149 519 219 433 206 510 277 418 251 502 292 415 267 484 270 444 261 475 343 437 334 467 400 433 384 466 404 440 393 453 431 402 408 
457 140 460 131 463 130 466 128 453 132 452 132 450 131 477 124 454 127 467 144 459 144 514 158 444 149 519 219 434 205 510 276 419 251 502 291 416 267 484 269 444 261 475 343 437 334 467 400 433 384 466 404 440 393 453 431 402 408 
457 142 459 133 462 131 466 130 453 134 451 133 450 133 476 125 454 128 466 145 459 146 514 158 444 149 520 218 434 205 510 276 420 251 502 291 417 266 484 269 444 260 475 343 437 334 467 400 433 384 466 404 440 393 453 431 402 408 
457 143 459 134 462 133 465 132 452 135 451 135 449 134 476 127 453 130 466 146 458 147 514 158 444 149 520 218 434 205 510 276 420 251 502 291 419 266 484 269 445 260 475 343 437 334 467 399 433 384 466 404 440 392 453 431 402 408 
456 144 459 135 462 134 465 133 452 136 450 136 449 135 476 128 453 131 466 147 458 148 514 157 444 149 520 218 434 205 510 276 421 251 502 291 420 266 484 269 445 260 475 343 437 334 467 399 433 384 466 404 440 392 453 431 402 408 
457 145 459 136 462 135 465 134 452 137 450 137 449 136 475 129 453 132 466 148 458 148 514 157 444 149 520 218 435 204 510 275 422 250 502 291 420 266 484 268 445 260 475 343 438 334 467 399 433 384 466 404 440 392 453 431 402 408 
457 147 459 138 462 137 465 136 452 139 450 139 449 138 475 130 452 133 466 149 458 149 513 157 444 149 520 218 435 204 511 275 422 250 502 290 421 266 484 268 445 260 475 343 438 334 467 399 433 384 466 404 440 392 453 431 402 408 
456 148 458 140 461 139 465 137 452 140 450 140 448 139 474 131 452 134 465 150 458 150 513 157 444 150 520 218 435 204 511 275 422 250 503 290 421 265 484 268 445 260 475 343 438 334 467 399 433 384 465 404 440 392 453 431 402 408 
456 149 458 141 461 139 464 138 451 141 449 141 448 140 474 132 451 135 465 151 457 152 513 157 444 150 520 218 435 204 511 275 422 250 503 290 422 265 484 268 446 260 475 343 438 334 467 399 433 384 465 404 440 392 453 431 402 408 
456 150 458 141 461 140 464 138 451 142 449 142 447 141 474 132 451 136 465 152 457 153 513 157 444 150 520 218 435 203 511 275 422 250 503 290 422 264 484 269 446 260 475 343 438 334 467 399 433 384 465 404 440 392 453 431 402 408 
455 151 458 142 461 141 464 139 450 143 449 143 447 142 474 133 450 137 465 153 457 154 513 157 444 150 520 218 435 203 511 275 422 249 503 290 422 263 484 269 446 260 475 344 438 334 467 399 433 384 465 404 440 392 453 431 402 408 
455 151 457 143 460 142 463 140 450 144 448 143 446 143 473 134 450 137 464 154 456 154 513 157 444 150 520 218 435 202 511 275 423 249 503 290 422 263 484 269 446 260 475 344 438 334 467 399 433 384 465 404 440 392 453 431 402 408 
454 151 456 143 459 142 463 141 450 144 448 144 446 143 473 134 450 138 464 154 456 154 512 157 445 150 520 218 435 202 511 275 423 249 503 290 422 263 484 269 446 260 475 344 438 334 467 399 433 384 465 404 440 392 453 431 402 408 
454 151 456 143 459 142 462 140 449 144 448 144 446 143 473 134 450 138 464 154 456 154 512 157 445 150 520 218 435 202 511 275 423 249 503 290 423 263 484 269 446 260 475 344 438 334 467 399 433 384 465 404 440 392 453 431 402 408 
454 151 455 143 459 142 462 141 449 144 447 143 446 143 472 134 450 138 464 154 456 154 512 157 445 150 520 218 435 202 511 275 423 249 503 290 423 263 484 269 446 260 475 344 438 334 467 399 433 384 465 404 440 392 453 431 402 408 
454 152 456 143 459 142 462 141 449 144 447 144 446 143 472 134 450 138 464 154 456 155 512 157 445 150 520 218 435 201 511 275 423 249 503 290 423 263 484 269 446 260 475 344 439 334 467 399 433 384 465 404 440 392 453 431 402 408 
454 152 456 144 459 143 462 141 449 145 448 144 446 144 472 135 450 138 464 155 456 155 512 157 445 150 520 218 435 201 511 275 423 249 503 290 423 263 484 269 446 260 476 344 439 334 467 399 433 384 465 404 440 392 453 431 402 408 
454 153 456 145 459 144 462 142 449 146 448 145 446 144 472 135 450 139 464 156 456 156 512 157 445 150 520 217 435 201 511 275 423 248 503 290 423 263 484 269 446 260 476 344 439 334 467 399 433 384 465 404 440 392 453 431 402 408 
454 154 456 145 459 144 462 143 449 146 448 145 446 145 471 136 450 139 463 156 456 156 512 157 445 150 520 217 435 201 511 275 423 248 503 290 423 263 484 268 446 260 476 344 439 334 467 399 433 384 465 404 440 392 453 431 402 408 
453 155 455 146 458 145 461 144 448 147 447 146 446 145 471 137 450 139 463 157 455 157 512 157 445 150 520 217 435 201 512 275 423 248 503 290 423 263 484 268 446 260 476 344 439 334 467 399 433 384 465 404 440 392 453 431 402 408 
453 155 455 147 458 146 461 144 448 147 447 146 446 146 471 137 450 140 463 158 455 158 512 157 445 150 520 217 435 201 512 275 423 248 503 290 423 263 484 268 446 260 476 344 439 334 467 399 433 384 465 404 440 392 452 431 402 408 
453 156 455 148 458 146 461 145 448 148 447 147 446 146 471 138 450 141 463 158 455 158 512 157 445 150 520 217 435 201 512 275 423 248 504 290 423 263 484 268 446 260 476 344 439 334 467 400 433 384 465 404 440 392 452 431 402 408 
452 156 454 148 457 147 460 145 448 148 447 147 445 146 470 138 450 141 462 159 455 159 512 157 445 150 520 217 435 201 512 275 423 248 504 290 423 263 484 269 446 260 476 344 439 334 467 400 433 384 465 404 440 392 452 431 402 408 
452 157 454 148 457 147 460 146 448 148 446 148 445 147 470 139 449 141 462 159 454 159 512 157 445 150 520 217 435 201 512 275 423 248 504 290 423 263 484 269 446 260 476 344 439 334 467 400 433 384 465 404 440 392 452 431 402 408 
452 157 454 148 457 147 460 146 447 149 446 148 445 147 470 139 449 141 462 159 454 159 512 157 444 151 520 217 435 201 512 274 424 248 504 290 423 263 484 269 446 260 476 344 439 334 467 400 433 384 466 405 440 392 452 431 402 408 
452 157 454 149 457 148 460 146 447 149 446 148 445 147 470 140 449 141 461 160 454 160 511 157 444 151 520 217 435 201 512 274 424 248 504 290 423 263 484 269 446 260 476 344 439 334 467 400 433 384 466 405 440 392 452 431 402 408 
452 157 454 149 457 148 460 147 447 149 446 148 444 147 470 140 449 142 461 160 454 160 511 158 444 151 520 217 435 201 512 274 424 248 504 290 423 263 484 270 446 261 476 344 439 334 467 400 433 384 466 405 440 392 452 431 402 408 
451 157 454 149 457 148 460 147 447 149 446 148 444 147 470 140 449 142 461 160 454 160 511 158 444 151 520 217 435 201 512 274 424 248 504 290 423 263 484 270 446 261 476 344 439 334 467 400 433 384 466 404 440 392 452 431 402 408 
451 157 453 149 456 148 459 147 447 149 446 148 444 147 470 140 449 142 461 160 454 160 511 158 444 151 520 217 435 201 512 274 424 248 504 290 423 263 484 270 446 261 476 344 439 334 467 400 433 384 466 404 440 392 452 431 402 408 
451 157 453 149 456 148 459 147 447 149 446 148 444 147 470 140 449 142 461 159 454 160 511 158 444 151 520 217 435 201 512 274 424 248 504 290 423 263 484 270 446 261 476 344 439 334 467 400 433 384 466 404 440 392 452 431 402 408 
451 157 453 149 456 148 459 147 447 149 446 148 444 147 470 140 449 142 461 159 454 159 511 158 444 151 520 217 435 201 512 274 424 248 504 290 423 263 484 270 446 261 476 344 439 334 467 400 433 384 466 404 440 392 452 431 402 408 
451 157 453 149 456 148 459 147 447 149 446 148 444 147 470 140 449 142 461 159 454 159 511 158 444 151 520 217 435 200 512 274 424 248 504 290 424 262 484 270 446 261 476 344 439 334 467 400 433 384 466 404 440 392 452 431 402 408 
451 157 453 149 456 148 459 147 447 149 446 148 444 147 470 140 449 141 461 159 454 159 511 158 444 151 520 217 435 200 512 274 424 248 504 290 424 262 484 270 446 261 475 344 439 334 467 400 433 384 466 404 440 392 452 431 402 408 
451 157 453 149 456 148 459 147 447 149 446 148 444 147 469 140 449 141 460 160 453 159 511 158 444 151 520 217 435 200 512 274 424 248 504 290 424 262 484 270 446 261 475 344 439 334 467 400 433 384 466 404 440 392 452 431 402 408 
450 157 452 149 455 148 458 147 447 149 445 148 444 147 469 140 449 141 460 160 453 159 511 158 444 151 520 217 435 200 512 274 424 248 504 290 424 262 484 270 447 261 475 344 439 334 467 400 433 384 466 404 440 392 452 431 402 408 
450 157 452 149 455 148 458 147 446 149 445 148 444 147 469 141 448 141 460 160 453 159 511 158 444 151 520 217 435 200 512 274 424 248 504 290 424 262 484 270 447 261 475 344 439 334 467 400 433 384 466 404 440 392 452 431 402 408 
450 157 452 150 455 149 458 148 446 149 445 148 444 147 468 141 448 142 459 160 453 160 511 158 444 151 520 217 435 200 512 274 424 248 504 290 424 262 484 270 447 261 476 344 439 334 467 400 433 384 466 404 440 392 452 431 402 408 
449 157 451 150 453 149 456 148 445 149 444 148 443 147 467 141 448 142 459 160 452 160 511 158 444 151 520 217 435 201 513 274 424 248 504 290 424 262 485 270 447 261 476 344 439 334 467 400 433 384 466 404 440 392 452 431 402 408 
449 159 451 151 453 150 456 149 445 151 444 150 443 149 467 141 447 143 459 161 452 161 511 158 444 152 520 217 436 201 513 275 424 248 505 290 424 262 485 270 448 262 476 344 439 334 467 400 433 384 466 404 440 392 452 431 402 408 
449 162 451 153 453 152 456 151 445 154 443 153 442 152 467 142 447 145 459 162 452 163 511 159 443 152 520 217 436 202 513 275 424 248 505 290 425 262 486 271 448 262 477 344 439 334 467 400 433 384 466 404 440 392 452 431 402 408 
449 165 451 157 453 156 456 154 445 158 443 157 442 156 467 145 445 148 459 165 452 166 510 159 442 152 520 218 436 202 513 275 425 248 506 290 425 262 486 271 448 262 477 343 439 333 467 399 433 384 466 404 440 392 452 431 402 408 
449 169 451 161 453 159 456 157 445 162 443 161 442 160 467 148 444 152 459 168 452 169 510 160 441 152 519 218 436 202 514 275 425 248 506 291 425 262 486 271 449 262 477 342 440 332 467 399 433 384 466 404 440 392 452 431 402 407 
449 171 450 163 453 162 456 160 444 164 443 163 441 162 466 150 444 154 459 169 451 171 509 161 441 153 519 219 436 203 514 275 425 249 507 291 426 262 486 271 449 263 478 342 440 332 467 399 433 384 465 404 439 392 452 431 402 407 
449 172 450 166 453 164 456 162 444 167 442 166 441 165 466 153 443 156 458 171 451 173 508 163 440 154 519 220 435 203 515 275 425 249 508 291 426 262 486 271 449 263 478 342 440 332 467 400 433 384 465 404 439 392 452 431 402 407 
449 175 450 168 453 167 456 165 444 169 442 168 439 167 465 156 441 159 458 174 450 175 507 165 439 157 518 221 435 204 515 276 425 249 508 291 426 262 486 272 449 264 478 342 441 333 467 400 432 384 465 404 438 392 452 430 402 407 
448 177 449 171 452 169 454 168 443 171 441 171 439 169 463 158 440 161 457 175 449 177 505 166 437 159 518 222 435 206 516 276 426 249 508 292 426 262 486 274 450 266 478 343 441 333 467 400 432 384 465 404 437 392 452 430 402 406 
447 180 448 174 450 172 452 170 441 174 439 173 437 172 461 160 438 164 455 178 448 179 503 168 435 161 518 223 435 208 516 277 426 250 509 292 426 262 486 274 450 267 478 343 441 333 467 399 432 384 465 404 437 393 452 430 402 406 
446 182 446 176 448 175 450 173 439 177 437 176 435 174 459 163 436 166 453 180 446 181 502 169 433 163 517 224 435 210 517 277 426 250 510 292 426 262 486 275 450 267 478 343 441 333 467 399 431 385 465 405 437 393 452 430 402 406 
444 185 444 180 446 178 448 177 438 180 436 179 433 178 457 166 435 169 452 182 445 183 501 171 432 166 517 225 435 212 517 278 426 251 510 292 426 262 486 275 450 267 478 343 441 333 467 399 431 385 465 405 436 393 451 430 402 406 
442 187 442 182 444 181 446 179 436 182 434 181 431 180 455 169 434 171 450 185 443 186 499 173 431 167 516 227 434 214 517 279 426 252 511 293 426 263 486 276 450 268 478 343 441 333 467 400 430 385 465 405 436 392 451 430 402 406 
441 192 441 187 443 186 444 184 435 187 433 186 431 185 452 174 433 175 448 189 442 190 498 176 431 169 516 228 434 215 517 279 426 253 511 293 426 264 486 276 450 268 478 342 441 333 467 399 430 384 465 405 436 392 451 430 402 406 
440 196 441 191 443 190 445 189 435 191 433 190 431 189 452 178 433 179 448 193 442 194 498 179 431 172 516 230 432 216 517 280 426 254 511 294 427 264 486 277 450 270 479 342 441 333 467 399 430 384 465 405 435 392 451 430 402 406 
440 200 440 195 442 194 444 192 435 196 433 195 430 194 451 182 433 184 448 196 442 198 497 182 429 175 515 232 430 217 517 281 426 255 511 295 427 266 487 277 450 270 479 342 441 333 467 399 430 384 466 405 434 392 451 430 401 406 
437 205 439 200 441 199 443 197 433 201 431 200 429 199 449 186 432 189 446 201 439 203 496 185 428 178 514 232 430 219 517 282 426 256 511 295 427 268 487 278 450 271 479 342 441 333 467 399 430 384 466 406 434 392 450 430 401 406 
437 210 438 205 440 203 442 202 432 206 430 205 428 205 449 191 431 195 446 206 439 209 495 188 428 183 512 234 429 221 517 283 426 257 511 296 428 269 487 278 451 271 479 342 441 332 467 400 430 385 466 406 434 392 450 430 401 406 
438 213 439 209 441 207 443 205 433 209 431 209 428 208 450 195 431 199 446 208 439 211 494 192 428 187 512 237 429 223 517 284 427 258 511 297 428 271 487 278 451 272 479 342 441 332 467 400 430 385 467 406 434 392 450 430 401 406 
438 218 439 214 441 213 443 211 433 214 431 214 429 213 450 200 432 204 446 213 439 214 494 196 427 191 511 239 429 225 517 284 427 259 512 298 429 272 488 278 451 272 480 342 442 332 467 400 430 385 467 406 434 392 450 430 401 405 
438 223 439 219 441 218 443 217 433 219 431 218 429 218 449 206 432 209 445 217 439 218 493 200 427 195 511 241 427 228 517 285 427 260 512 298 429 272 488 278 451 272 480 342 442 331 467 400 430 385 467 406 433 392 450 430 401 405 
437 226 438 223 440 222 442 221 433 223 431 222 429 221 448 211 432 213 444 221 438 222 492 204 426 198 510 242 424 230 517 286 427 259 512 299 430 272 489 278 452 272 480 341 443 330 467 400 429 385 467 407 432 392 450 430 401 405 
437 227 437 223 439 222 441 220 432 223 430 223 428 222 445 211 431 215 444 223 438 224 491 208 426 203 510 245 424 236 517 287 428 261 512 299 431 272 489 278 452 271 480 341 443 330 467 400 429 384 466 407 432 391 450 430 401 405 
436 228 436 225 438 224 440 222 431 225 429 224 427 224 445 213 430 217 443 225 437 227 492 214 425 206 510 247 416 235 517 287 428 260 513 299 431 272 490 279 453 272 481 341 443 330 467 400 428 384 466 407 432 391 451 430 401 404 
435 232 435 228 437 228 439 226 430 229 428 228 427 228 443 218 430 221 442 229 436 230 492 217 425 211 510 247 416 232 517 287 429 258 513 299 435 266 490 280 453 273 481 342 443 330 467 400 428 384 466 407 432 391 451 430 401 404 
434 234 434 232 436 231 438 231 429 233 428 232 426 232 442 222 429 225 441 231 435 233 491 219 425 212 510 247 416 230 517 287 430 258 513 299 437 266 490 280 454 273 481 342 443 330 467 400 428 384 465 407 432 391 451 430 401 404 
432 238 433 236 435 236 437 235 428 236 426 235 425 234 441 227 426 229 439 236 433 236 490 223 423 217 510 247 417 232 517 287 432 259 513 299 438 267 490 280 454 274 481 343 443 330 467 400 428 384 465 406 432 391 451 430 401 404 
432 239 433 238 434 238 437 237 428 237 427 236 425 235 441 232 427 229 439 237 434 237 490 227 424 217 510 248 420 233 517 287 438 263 513 299 449 268 490 281 455 274 482 344 444 331 467 400 428 384 465 406 431 391 451 430 401 404 
432 244 432 246 434 246 435 247 428 243 427 242 426 241 440 242 427 235 438 242 433 240 490 232 424 216 510 249 421 228 517 287 439 263 513 299 447 269 490 282 455 274 482 344 444 331 466 400 428 385 465 406 431 391 451 430 402 403 
432 245 433 246 434 247 436 247 428 244 427 243 426 241 440 242 427 235 438 244 434 242 489 234 425 220 510 248 421 227 517 287 438 262 514 299 444 271 490 282 455 274 482 344 444 331 466 401 428 385 465 406 431 392 451 430 402 404 
432 247 432 248 433 248 435 249 428 245 427 244 426 243 440 240 427 239 437 246 433 244 488 236 426 226 510 249 425 234 517 286 441 266 514 299 446 276 490 282 455 274 482 344 444 331 466 401 427 385 465 407 430 392 451 430 402 404 
431 250 432 251 433 252 434 253 428 249 427 248 426 247 439 249 427 242 437 249 433 247 488 241 426 226 510 250 426 233 517 286 440 265 514 298 445 276 490 282 456 274 482 344 445 331 466 401 427 385 465 407 430 393 451 430 402 404 
431 252 431 253 432 254 434 255 428 251 427 251 426 250 437 251 427 246 435 251 432 249 488 244 426 228 510 251 427 233 517 286 440 265 514 297 445 276 490 281 456 272 482 344 445 330 465 401 427 385 465 407 430 393 451 430 402 404 
431 256 431 258 432 259 433 260 428 256 427 254 424 253 437 256 427 248 436 255 432 252 486 245 427 232 509 252 429 233 516 285 441 264 514 296 446 275 491 281 457 271 482 343 445 330 465 401 427 385 465 407 430 393 451 430 402 404 
425 264 428 262 430 262 431 263 423 258 422 257 421 256 437 258 427 250 432 263 432 254 484 247 427 234 509 252 436 233 516 285 446 263 514 296 450 273 491 281 458 269 482 343 445 329 465 400 427 385 465 407 430 393 451 430 402 404 
424 265 428 262 430 264 431 265 422 259 421 258 420 257 436 259 427 251 432 264 432 254 482 247 427 230 509 252 442 232 516 284 450 263 514 295 453 273 491 280 458 267 482 342 445 327 466 400 428 384 465 407 431 392 451 430 402 404 
425 260 428 260 430 261 431 262 424 257 424 256 424 254 437 257 428 249 433 258 432 253 482 248 429 231 508 252 444 229 516 284 453 258 514 295 457 269 491 279 459 267 482 342 445 326 466 400 428 384 465 407 431 392 451 430 402 404 
425 258 429 259 430 260 432 261 425 257 425 256 425 254 437 256 428 249 433 257 432 254 483 248 429 234 509 252 443 229 516 284 452 258 514 295 456 269 496 279 459 267 482 341 445 325 466 400 428 384 465 407 432 392 451 431 402 404 
427 258 428 258 430 260 432 260 426 257 426 255 426 254 437 256 428 249 433 256 432 254 483 248 430 234 509 250 434 229 517 284 446 258 515 294 448 269 495 278 459 267 483 341 446 325 466 400 428 383 465 407 432 392 451 431 402 404 
427 258 428 258 429 259 431 261 425 256 424 255 424 254 437 256 428 249 433 261 432 254 483 247 430 234 510 250 429 226 517 284 443 256 515 294 442 269 495 278 459 267 483 341 446 325 466 400 428 383 465 407 432 392 451 431 402 404 
428 256 428 258 430 259 431 261 425 256 425 255 425 253 437 256 428 249 434 260 432 254 483 250 429 233 510 250 424 224 517 284 441 255 515 294 443 267 493 279 459 268 483 341 446 325 466 399 428 383 465 406 432 392 451 430 402 404 
427 253 427 256 429 257 430 259 425 253 425 252 424 250 436 256 428 247 433 254 431 251 484 249 429 229 511 250 430 230 517 284 441 262 515 294 444 273 492 281 459 271 483 341 446 325 466 399 428 383 465 406 432 392 452 430 402 404 
429 248 429 250 430 250 431 251 426 247 426 246 425 246 437 248 428 241 434 248 432 247 486 241 429 226 512 249 429 231 517 284 439 263 515 295 443 275 492 282 459 272 483 341 446 325 466 399 428 383 465 407 432 392 452 430 402 404 
431 247 432 248 434 249 435 249 428 246 427 245 427 244 439 245 428 238 437 246 433 245 488 236 427 225 514 248 422 229 518 284 435 263 515 295 441 274 492 282 458 273 483 341 446 325 466 399 428 383 465 407 432 392 452 430 402 404 
434 243 434 242 436 242 438 241 430 241 429 241 428 240 441 236 429 234 439 242 434 242 489 228 426 221 514 246 422 232 518 284 434 264 515 295 439 274 492 283 457 276 483 342 446 326 467 399 428 383 465 407 432 392 452 430 402 404 
434 236 434 233 436 232 438 232 431 234 429 233 428 233 441 225 430 227 440 234 435 235 490 222 426 219 514 246 422 232 518 284 432 263 515 295 436 271 492 283 457 276 483 342 446 326 467 399 428 383 466 407 432 392 452 429 401 404 
436 231 436 228 438 227 440 226 432 229 430 228 429 228 444 219 431 222 442 229 437 231 492 216 425 213 514 244 417 233 518 284 433 261 515 295 437 266 491 282 455 275 483 342 446 327 467 399 428 383 466 406 432 393 452 429 401 404 
438 230 438 227 440 226 442 225 433 227 431 227 430 226 447 217 431 220 444 226 438 227 493 209 424 207 514 241 417 232 518 283 434 261 515 295 438 267 491 281 454 275 483 342 446 328 467 399 428 383 466 406 432 393 452 429 401 404 
440 225 441 223 443 222 444 221 436 223 434 222 432 222 449 212 433 214 446 221 440 222 494 204 424 200 514 238 421 232 518 282 434 262 515 295 437 268 490 280 454 275 482 342 445 328 467 399 428 383 466 407 432 393 452 429 401 404 
443 218 443 214 445 213 447 212 439 215 437 214 436 213 452 203 436 205 449 214 443 215 496 198 425 196 515 237 427 232 518 281 433 263 515 295 434 269 490 279 454 274 482 343 445 329 467 400 428 384 467 407 432 393 452 429 401 404 
444 211 445 207 446 205 448 204 440 207 439 206 437 206 453 192 437 195 451 207 446 208 497 191 428 189 515 235 430 228 518 281 430 262 515 295 430 269 489 279 454 274 481 343 445 330 467 399 428 384 467 406 432 392 452 429 401 405 
445 204 446 199 448 197 450 196 442 200 440 199 438 199 457 185 439 189 453 200 447 202 498 186 431 180 515 234 432 224 518 280 429 261 515 294 430 270 489 278 453 273 481 344 444 331 467 399 429 384 467 405 433 392 452 429 402 405 
447 198 448 192 450 191 452 189 442 194 440 193 438 192 460 177 441 178 455 196 448 198 500 183 431 176 516 234 432 219 518 280 428 258 514 294 429 269 488 277 453 272 480 344 443 332 467 399 429 384 467 405 433 392 451 430 402 405 
447 193 448 186 451 184 455 182 442 187 439 186 437 186 463 169 441 177 456 191 448 193 501 180 432 173 516 232 432 216 518 280 427 256 514 294 427 269 488 277 452 270 479 344 443 331 466 399 429 384 466 405 435 392 450 430 402 405 
446 185 447 177 450 176 453 174 441 178 439 177 437 176 463 163 440 168 456 185 448 186 503 175 434 170 516 230 431 214 518 280 426 255 514 294 426 268 488 277 452 270 478 344 442 332 466 399 430 383 465 404 436 391 450 430 402 405 
447 177 449 168 453 167 456 165 441 169 439 169 437 168 466 154 440 160 457 177 448 178 504 172 435 164 516 229 431 209 518 280 425 255 513 294 424 268 488 276 452 268 478 344 442 332 465 398 431 383 465 403 437 391 448 431 402 405 
452 167 454 158 457 157 461 155 445 159 443 159 441 158 470 146 442 151 461 168 451 170 506 168 436 160 516 226 431 206 518 279 423 253 512 294 423 268 487 274 451 267 478 344 441 332 465 398 431 383 465 403 437 391 448 431 402 406 
453 157 454 149 457 147 461 146 447 149 444 149 443 148 471 139 445 143 462 160 453 162 508 166 437 156 517 226 431 204 518 279 422 252 511 294 421 267 487 274 450 266 477 345 440 332 465 398 431 383 466 403 437 392 449 431 402 406 
453 151 455 142 459 141 462 140 448 143 446 142 444 141 472 134 446 137 463 155 454 156 509 164 437 153 518 224 431 204 517 279 420 251 510 294 418 267 487 274 448 266 477 345 439 333 466 399 431 383 466 403 437 392 449 431 402 406 
455 146 457 136 461 135 464 134 450 137 448 137 446 136 474 128 448 132 464 150 455 151 510 162 438 152 519 224 431 204 516 279 419 251 509 294 416 266 486 274 447 266 477 345 438 333 466 399 431 383 466 404 437 392 449 431 402 406 
458 143 461 134 464 132 467 131 453 135 451 134 449 134 477 126 451 129 466 147 457 148 512 161 439 150 519 223 431 203 515 279 418 250 509 294 415 266 486 273 447 264 477 344 438 333 466 400 431 383 466 405 437 392 449 431 402 406 
461 138 464 128 468 127 471 126 456 130 454 129 452 129 480 122 453 126 469 142 458 144 513 160 439 150 519 223 431 204 514 279 416 250 508 294 413 266 486 272 446 264 477 343 438 333 466 400 431 383 466 405 437 391 449 432 401 405 
461 134 465 125 468 123 472 122 458 126 455 126 453 125 481 119 455 122 469 138 459 140 514 160 441 149 519 222 431 205 514 279 416 250 507 294 411 266 486 272 446 264 477 343 438 332 466 400 431 383 466 405 437 391 449 432 401 405 
463 131 467 122 470 121 474 120 459 123 457 123 455 122 483 117 457 120 470 136 460 137 515 160 442 148 519 222 431 205 513 279 415 250 506 294 410 266 486 272 446 264 477 343 438 333 466 401 431 383 466 406 437 391 449 432 401 405 
464 129 468 120 472 119 475 118 461 120 459 120 456 119 484 116 458 117 471 134 461 135 515 160 442 148 519 222 430 205 511 279 414 251 504 294 409 267 486 272 446 264 477 343 438 333 466 401 431 383 466 406 438 392 449 432 401 405 
465 127 469 118 473 118 477 117 462 118 460 118 458 118 486 115 460 116 472 133 462 133 515 159 443 148 518 223 430 205 509 279 413 251 501 294 408 268 486 272 445 264 477 343 438 333 466 401 431 383 466 406 438 392 450 432 401 405 
466 125 471 116 475 116 478 115 463 116 461 116 459 116 487 114 461 115 473 132 463 132 515 159 443 148 518 222 430 206 508 279 413 251 500 294 408 269 486 272 445 264 477 343 438 333 466 401 432 384 466 407 439 392 450 432 401 405 
467 122 472 112 476 111 480 111 464 113 462 113 460 112 488 112 462 112 475 128 464 128 516 159 444 148 518 222 430 206 507 279 413 252 499 294 408 270 486 272 445 264 477 343 437 334 466 401 432 384 466 407 439 393 450 432 401 406 
467 120 472 110 476 110 480 110 465 111 463 111 460 111 489 111 463 111 475 127 464 127 516 159 444 148 518 222 430 206 507 278 413 252 498 294 408 270 486 272 445 264 477 343 437 334 466 401 432 384 466 407 439 393 450 432 401 406 
468 117 474 108 478 108 482 107 466 108 464 108 462 108 490 109 463 109 476 125 465 125 516 159 444 148 518 221 430 206 507 278 413 252 498 294 408 270 485 272 445 265 477 343 437 334 466 401 432 384 466 406 439 393 450 432 401 406 
469 115 474 106 478 106 482 106 467 106 465 106 462 106 490 109 464 108 476 124 466 124 516 159 444 149 518 221 430 206 507 278 412 253 497 294 408 270 485 272 445 265 477 342 437 334 467 400 432 384 467 406 439 393 451 432 401 406 
469 112 475 103 479 103 482 103 467 103 465 103 463 103 491 107 465 105 476 121 466 120 516 159 444 149 517 221 430 206 506 278 413 253 497 294 408 271 485 272 444 265 476 342 437 335 467 400 432 384 467 406 439 393 451 432 401 406 
469 110 476 101 480 101 483 102 468 101 466 101 464 101 492 105 465 104 477 119 466 119 516 159 444 149 517 221 430 206 506 278 413 253 497 294 408 271 485 272 444 265 476 343 437 335 467 400 432 384 467 406 439 393 451 432 401 406 
470 108 477 100 481 100 485 100 469 100 467 99 464 100 492 105 465 103 477 118 467 117 516 160 444 149 517 221 430 206 506 278 413 254 497 294 408 272 484 272 443 265 476 343 437 335 467 400 433 384 467 406 439 393 452 432 401 406 
471 106 478 99 482 99 485 99 469 98 467 98 465 98 493 104 466 102 478 116 468 115 517 160 444 149 517 221 430 206 506 278 413 254 497 294 408 272 484 272 443 265 476 344 437 335 467 400 433 384 467 406 439 393 452 432 401 406 
471 105 478 98 482 98 486 99 470 98 468 98 466 98 493 104 466 102 478 116 468 115 517 160 444 149 517 221 430 206 506 278 413 254 497 294 408 272 484 272 443 265 476 344 437 335 467 400 433 384 467 405 439 393 453 432 401 406 
472 105 479 98 483 98 487 98 470 98 468 98 466 98 494 104 467 102 479 115 468 114 517 160 444 149 517 221 430 206 506 278 413 254 497 294 408 272 484 273 443 265 476 345 437 335 467 400 433 384 467 405 440 393 453 432 402 406 
473 104 480 98 483 98 487 98 471 98 469 98 467 98 494 104 467 102 479 115 469 114 517 160 444 149 517 221 430 207 506 278 413 254 497 294 408 272 484 273 443 265 476 345 437 335 467 400 433 384 467 405 441 393 453 432 402 407 
473 105 480 98 484 98 487 98 471 98 469 98 467 98 494 104 467 102 480 115 469 114 517 160 445 149 517 222 430 207 506 279 413 254 497 294 409 272 484 273 443 265 476 345 437 336 467 400 434 384 467 405 441 393 453 431 402 407 
473 105 480 98 484 98 488 99 471 98 469 98 467 98 494 104 468 102 480 115 469 114 517 160 445 149 517 222 430 207 507 279 413 254 498 294 409 272 484 273 443 265 476 345 437 336 467 400 434 384 467 405 442 393 453 431 403 407 
474 105 481 98 485 98 488 99 472 98 470 98 468 98 495 104 468 103 480 115 470 115 517 160 445 149 517 222 431 207 507 279 414 254 499 295 410 272 484 274 444 266 476 345 437 336 467 400 434 384 467 405 442 393 453 431 403 407 
474 105 481 98 485 98 488 99 472 98 470 98 468 98 495 104 468 103 480 116 470 115 517 160 445 149 517 223 431 207 508 279 414 254 500 295 410 272 484 274 444 266 476 346 437 336 467 400 434 384 467 405 442 393 454 431 403 407 
474 105 481 98 485 99 489 99 472 98 470 98 468 98 495 104 469 103 481 116 470 115 517 160 446 149 517 223 431 207 509 279 414 254 501 295 410 272 484 274 444 266 476 346 437 337 467 400 434 384 467 405 442 392 454 431 403 407 
474 106 481 99 485 99 489 99 472 99 470 99 469 99 495 104 469 103 481 116 470 115 518 160 446 149 517 223 432 207 510 279 414 254 502 295 410 272 484 274 444 266 476 346 437 337 467 400 434 383 467 405 442 392 454 431 403 407 
474 106 481 99 485 99 489 99 472 99 471 99 469 99 495 104 469 103 481 116 470 115 518 160 447 149 518 223 432 207 511 279 414 253 504 295 410 271 484 274 444 266 476 346 437 337 467 400 434 383 467 405 442 392 454 431 403 407 
474 106 481 99 485 99 489 99 473 99 471 99 469 99 495 104 469 103 481 116 470 115 518 160 447 149 518 223 432 207 513 279 414 253 505 295 410 270 484 274 444 266 476 346 437 337 467 400 434 383 467 405 442 392 454 431 403 407 
474 106 481 99 485 99 489 100 473 99 471 99 469 99 496 104 470 103 481 116 471 115 518 160 447 149 519 223 433 207 514 279 414 253 505 295 410 270 484 275 444 266 476 346 437 337 467 400 434 383 467 405 442 392 454 431 404 407 
475 106 482 99 485 99 489 100 473 99 471 99 470 99 496 105 470 103 482 116 471 116 519 160 448 149 520 223 433 207 514 280 414 252 506 295 409 269 484 275 444 266 476 346 437 337 467 400 434 383 467 405 442 392 454 431 404 407 
476 106 483 99 486 99 490 100 474 99 472 99 470 99 496 105 470 103 482 116 472 116 519 160 448 149 520 223 433 207 515 280 413 252 506 295 408 268 485 275 444 266 476 346 437 337 467 400 434 383 467 405 442 392 454 431 404 407 
476 106 483 99 486 99 490 100 474 99 472 99 470 99 497 105 470 103 483 116 472 116 519 160 448 149 520 223 433 207 516 281 412 251 507 296 406 267 485 275 444 266 476 346 437 337 467 399 434 383 467 404 442 392 454 431 404 407 
476 106 484 99 487 99 491 100 475 99 473 99 471 99 497 105 471 103 483 116 472 116 519 160 449 149 521 223 433 206 517 281 411 249 508 296 404 266 485 275 444 266 476 346 437 337 467 399 434 383 467 404 442 392 454 431 404 407 
477 106 484 99 487 99 491 100 475 99 473 99 471 99 497 105 471 103 483 116 473 116 520 160 449 150 522 223 433 206 519 281 409 248 510 297 402 263 485 276 444 266 476 346 438 337 467 399 434 383 467 404 441 392 453 431 404 407 
477 106 484 99 488 99 491 100 475 99 473 99 472 99 498 105 471 103 484 116 473 116 520 161 450 150 522 223 432 206 522 282 405 247 514 298 396 261 485 276 444 266 476 346 438 337 467 399 434 383 467 404 441 392 453 431 404 407 
477 106 484 99 488 99 491 100 475 99 473 99 472 99 498 105 472 103 484 117 473 116 520 161 450 150 524 223 430 204 528 282 400 244 521 299 392 259 485 276 445 266 476 346 438 337 467 399 434 383 467 403 441 391 453 431 404 407 
477 107 484 99 488 100 491 100 475 99 473 99 472 99 498 105 472 103 484 117 473 116 521 161 450 150 526 224 428 202 534 283 396 240 531 300 386 255 486 276 445 266 476 346 438 336 467 398 434 383 466 403 441 391 453 430 404 407 
477 107 484 100 488 100 491 100 476 99 474 99 472 99 498 105 473 103 484 117 473 117 521 161 451 150 530 225 426 199 544 282 393 234 542 300 382 248 486 276 445 266 476 346 439 336 467 398 434 383 466 403 441 391 453 430 404 407 
477 108 484 100 488 100 491 101 476 100 474 100 472 100 498 105 473 104 484 118 473 117 521 161 451 149 535 225 424 194 552 281 390 226 552 300 379 239 486 276 445 266 476 346 439 336 466 399 434 383 466 404 441 391 453 430 404 407 
477 108 484 100 488 100 491 101 476 100 474 100 472 100 499 105 473 104 484 118 473 117 522 161 451 149 541 224 421 189 562 277 385 219 566 297 374 231 486 276 445 266 476 346 439 336 466 399 434 383 466 404 441 391 453 430 403 407 
477 109 484 100 488 100 491 101 476 100 474 100 472 100 499 105 474 104 484 118 474 117 522 161 451 148 546 222 418 185 573 272 381 211 579 290 370 220 486 275 445 265 476 346 439 336 466 399 434 383 466 404 441 392 453 430 403 407 
477 109 484 100 488 100 491 101 476 100 474 100 472 100 499 105 474 104 484 118 474 118 522 161 451 147 549 216 415 180 581 261 377 203 589 278 365 211 486 275 445 265 476 346 438 336 466 399 434 383 466 404 441 392 453 430 403 407 
477 109 484 100 488 101 491 101 476 100 474 100 472 100 499 105 474 104 484 118 474 118 522 161 451 145 555 212 415 175 590 252 374 194 601 268 362 200 486 274 445 265 476 346 438 336 466 399 433 383 466 404 441 392 453 430 403 407 
477 109 484 100 488 101 491 101 476 100 474 100 472 100 499 105 474 104 484 118 474 118 522 161 451 145 560 209 413 171 598 243 371 187 612 258 359 191 486 273 446 264 476 345 438 336 466 399 433 383 466 404 441 392 453 430 403 407 
477 109 484 100 488 101 492 101 476 100 474 100 472 100 499 106 474 104 484 119 474 118 522 161 451 144 565 204 413 166 606 234 371 179 622 250 359 182 486 273 446 264 476 345 438 336 466 399 433 383 466 404 441 392 453 431 403 407 
477 109 484 101 488 101 492 101 476 100 474 101 472 101 499 106 473 104 484 119 474 118 522 161 451 144 567 198 412 161 611 227 370 171 627 239 358 174 486 273 446 264 476 345 438 336 466 399 433 383 466 405 441 392 453 431 403 407 
477 110 484 101 488 101 491 102 476 101 474 101 472 101 499 106 473 105 484 119 474 119 522 161 451 143 569 193 411 158 614 219 369 165 630 229 357 166 486 273 446 264 476 344 438 336 466 400 433 383 466 405 441 392 453 431 402 407 
477 111 483 102 487 102 491 102 476 102 474 102 471 102 499 107 473 105 483 120 473 119 522 160 451 143 569 188 410 155 614 211 369 160 630 222 357 161 486 273 446 264 476 344 438 336 466 400 433 383 466 405 441 392 452 431 402 407 
476 111 482 103 486 103 490 103 475 103 473 103 471 103 499 107 473 105 483 120 473 120 522 159 451 142 568 185 410 152 616 205 369 156 633 214 356 157 486 273 446 264 476 344 438 335 466 400 433 383 466 405 441 392 452 431 402 407 
476 112 482 104 486 104 490 104 475 104 473 103 470 103 499 108 473 106 482 121 473 120 522 158 450 142 568 183 409 150 618 200 367 153 637 208 354 153 486 273 446 264 476 344 438 335 466 400 433 383 466 405 441 392 452 431 402 407 
476 113 482 104 486 104 490 104 475 104 472 104 470 104 499 108 472 107 482 121 473 120 522 157 450 142 569 180 409 148 620 196 366 150 638 203 353 150 486 273 446 264 476 344 438 335 466 400 433 383 466 405 441 392 452 431 402 407 
475 113 481 104 485 105 489 105 474 104 472 104 470 104 499 108 471 107 482 122 472 120 522 156 450 141 569 177 409 146 621 193 366 146 640 198 353 147 485 273 446 264 476 344 438 335 466 400 433 383 466 405 441 392 452 431 402 407 
475 113 481 104 485 105 489 105 474 104 471 104 469 105 498 108 471 107 482 121 472 120 522 156 450 141 569 176 409 144 620 191 365 145 638 195 352 145 485 273 446 264 476 343 438 334 466 400 433 383 466 405 441 392 452 431 402 407 
475 113 480 104 484 104 488 105 473 104 471 104 469 105 498 108 470 107 481 121 472 120 522 156 450 141 569 174 408 143 620 189 365 143 639 193 351 143 485 273 446 264 476 343 438 334 466 400 433 383 466 405 441 392 452 431 402 407 
475 113 480 104 483 104 488 105 473 104 470 104 468 104 498 108 470 107 481 121 472 120 522 156 449 141 569 173 407 142 620 187 364 142 639 191 350 141 485 273 446 264 476 343 438 334 466 400 433 383 466 405 441 392 452 431 402 407 
475 113 480 104 483 104 488 105 472 104 470 104 468 104 497 108 469 107 481 121 471 120 521 156 449 141 569 172 406 141 620 186 364 140 639 190 349 138 485 273 446 264 476 343 438 334 466 400 433 383 466 405 441 392 452 431 402 407 
474 113 479 104 483 104 487 105 472 104 470 104 468 105 497 108 469 107 480 122 471 121 521 155 448 141 570 172 405 140 620 185 364 139 639 190 348 138 485 273 446 264 476 343 438 334 466 400 433 383 466 405 441 392 452 431 402 407 
474 113 479 104 482 104 486 105 471 104 469 104 467 105 497 108 469 107 479 122 471 121 521 155 448 141 570 171 405 140 619 184 364 139 638 189 347 137 485 273 446 264 476 343 438 334 466 400 433 383 466 405 441 392 452 431 402 407 
473 113 478 104 482 104 486 105 471 104 469 104 467 105 496 108 469 107 479 122 470 121 521 155 448 141 571 171 405 140 619 184 363 138 638 189 347 136 485 273 446 264 476 343 438 334 466 399 433 383 466 405 441 392 452 431 402 407 
472 113 478 104 481 104 485 105 470 104 468 105 467 105 496 108 468 107 478 122 469 121 521 155 447 141 571 171 404 139 619 182 363 137 638 188 346 136 485 273 446 264 476 343 438 334 466 399 433 383 466 405 441 392 452 430 402 407 
472 113 478 104 481 104 485 105 470 104 468 105 467 105 495 108 468 107 478 122 469 121 520 155 447 141 571 170 404 138 619 181 362 136 638 187 346 134 485 273 446 264 476 343 438 334 466 399 433 383 466 404 441 392 453 430 402 407 
472 113 477 104 481 104 485 105 470 105 468 105 466 105 495 108 468 107 478 122 469 121 520 154 446 141 571 169 404 138 620 179 361 134 638 185 345 132 485 273 446 264 476 342 438 334 466 399 433 383 466 404 441 392 453 430 402 407 
472 113 477 104 481 104 484 104 470 105 468 105 466 105 494 108 467 107 477 122 469 121 520 154 445 141 570 168 402 137 620 177 359 133 639 181 343 131 485 273 446 264 476 342 438 334 466 398 433 383 466 404 441 392 453 430 402 407 
471 113 477 104 480 104 484 104 469 105 467 105 466 105 494 108 467 107 477 122 468 121 520 154 444 141 570 167 402 137 622 175 358 132 642 180 342 130 485 273 445 265 476 343 438 334 466 398 433 383 466 404 441 392 453 430 402 407 
471 113 477 104 480 104 484 104 469 104 467 105 465 105 493 108 466 107 477 122 468 121 519 154 444 141 570 166 402 137 621 174 358 131 641 178 342 128 484 273 445 265 476 343 438 334 466 398 433 383 466 404 441 392 453 430 402 407 
471 113 476 104 480 104 483 104 469 104 467 105 465 105 493 108 465 107 476 121 467 121 518 153 443 141 570 165 401 136 621 172 358 130 641 176 342 127 484 273 444 265 476 343 438 334 466 398 433 383 466 404 441 392 453 430 402 407 
470 113 475 104 479 104 482 104 468 105 466 105 464 105 492 108 464 107 475 122 466 121 518 153 442 141 569 164 401 136 621 170 357 129 641 174 342 126 484 273 443 265 475 343 437 334 466 398 433 383 465 404 440 392 453 430 402 407 
468 113 474 105 477 104 481 104 467 105 465 105 463 106 491 108 464 108 474 122 465 121 518 153 442 140 569 164 400 135 620 168 357 128 639 173 341 125 484 273 443 265 475 343 437 334 466 398 433 383 465 404 440 392 453 430 402 407 
467 113 473 105 476 104 480 104 466 105 464 105 462 106 490 108 463 108 473 122 464 121 517 152 441 140 568 163 400 135 619 167 356 128 639 172 341 125 483 273 443 265 475 343 437 334 465 398 433 383 465 404 440 392 453 430 402 407 
466 114 472 105 475 104 479 104 465 105 463 106 461 106 489 108 462 108 472 122 464 121 517 152 441 140 568 163 400 134 619 167 356 128 639 171 341 125 483 273 443 266 474 343 437 334 465 398 433 383 465 404 440 391 453 430 403 407 
466 114 472 105 475 104 478 104 465 106 463 106 461 106 489 108 462 108 471 122 463 122 516 152 440 140 568 162 399 135 618 166 355 128 638 170 340 125 483 273 442 266 474 343 437 334 465 398 433 383 465 404 440 391 453 430 403 407 
466 114 471 105 475 104 478 104 464 106 463 106 460 106 488 108 461 108 471 122 463 122 516 152 440 140 567 162 399 135 618 166 355 128 638 170 340 125 482 273 442 266 474 343 437 334 465 398 433 383 465 404 440 391 453 430 403 407 
465 114 471 105 474 104 478 104 464 106 462 106 460 106 488 108 461 108 471 122 462 122 515 152 440 140 567 162 398 135 617 166 354 128 637 169 339 125 482 273 442 266 473 343 437 334 465 398 433 383 465 404 440 391 453 430 403 407 
465 114 471 105 474 104 477 104 464 106 462 106 460 106 488 108 461 108 470 122 462 122 515 152 439 140 566 162 398 135 616 165 355 128 636 168 339 125 482 273 442 266 473 343 437 334 465 398 433 383 464 404 440 391 453 430 403 407 
465 114 470 105 474 104 477 104 463 106 462 106 460 106 487 108 461 108 470 122 462 122 515 152 439 140 566 162 398 135 615 165 354 128 636 169 340 125 481 273 441 266 473 343 437 334 465 398 433 383 464 404 440 391 453 430 403 407 
465 114 470 105 473 104 477 104 463 106 462 106 459 106 487 108 460 108 470 122 462 122 515 152 439 140 565 162 398 135 615 165 354 128 635 169 340 125 481 273 441 266 473 343 437 334 465 398 433 383 464 404 440 391 453 430 403 407 
464 114 470 105 473 104 477 104 463 106 461 106 459 106 487 108 460 108 470 122 462 122 514 152 439 140 564 161 398 135 614 165 354 128 635 169 340 125 481 273 441 266 473 343 437 334 465 398 432 383 464 404 440 391 453 430 403 407 
464 114 470 105 473 104 477 104 463 106 461 106 459 106 487 108 460 108 470 122 462 122 514 152 439 140 564 161 398 135 613 165 355 128 634 169 340 125 481 273 441 266 473 343 437 334 465 398 432 383 464 404 440 391 453 430 403 407 
464 114 469 105 473 105 476 104 463 106 461 106 459 106 487 108 460 108 470 122 461 122 514 152 439 140 564 161 398 135 613 165 354 128 633 169 339 125 481 274 441 266 473 343 437 334 465 398 432 383 464 404 440 391 453 430 403 407 
464 114 469 105 472 104 476 104 462 106 461 106 458 106 486 108 459 108 470 122 461 122 514 152 439 140 563 161 397 135 613 165 354 128 632 169 339 125 481 274 441 266 473 343 436 334 465 398 432 383 464 404 440 391 453 430 403 407 
464 114 469 105 472 104 476 104 462 106 461 106 458 106 486 108 459 108 470 122 461 122 514 152 439 140 563 161 397 135 613 165 354 129 632 169 339 125 481 274 441 267 473 343 436 334 465 398 432 383 464 404 440 391 453 430 403 407 
464 114 469 105 473 104 476 104 462 106 461 106 458 106 486 108 459 108 470 122 461 122 514 152 438 140 563 161 397 135 613 165 354 129 632 169 339 125 481 274 441 267 473 343 436 334 465 398 432 383 464 404 440 391 453 430 403 407 
464 114 469 105 473 104 476 104 462 106 461 106 458 106 486 108 459 108 470 122 461 122 514 152 438 140 562 162 397 135 613 165 354 129 632 169 339 125 481 274 441 267 473 343 436 334 465 398 432 383 464 404 440 391 453 430 403 407 
464 114 469 105 473 104 476 104 462 106 461 106 458 106 486 108 459 108 470 122 461 122 514 152 438 140 562 162 397 135 613 165 353 129 632 169 339 125 481 274 441 267 473 343 436 334 465 399 432 383 465 404 440 391 453 430 403 407 
464 114 469 105 473 104 476 104 462 106 461 106 458 106 486 108 459 108 470 122 461 122 514 152 438 140 562 162 397 135 613 165 353 129 632 169 339 125 481 274 441 267 473 343 436 334 465 399 432 383 465 404 440 391 453 430 403 408 
464 114 469 105 473 104 476 104 462 106 461 106 458 106 486 108 459 108 470 122 461 122 514 152 438 140 562 162 397 135 613 165 353 129 633 169 339 125 481 274 441 267 473 343 436 334 465 399 432 383 465 404 440 391 453 430 403 408 
464 114 469 105 473 104 476 104 462 106 461 106 458 106 487 108 459 108 470 122 461 122 514 152 438 140 562 162 397 135 613 165 353 129 633 169 339 126 481 274 441 267 473 343 436 334 465 399 432 383 465 404 440 391 453 430 403 408 
464 114 469 105 473 104 476 104 462 106 461 106 458 106 487 108 459 108 470 122 461 122 514 152 438 140 562 162 397 135 613 166 353 129 633 169 339 126 481 274 441 267 473 343 436 334 465 399 432 383 465 404 440 391 453 430 403 407 
464 114 469 105 473 104 476 104 462 106 461 106 458 106 487 108 459 108 470 122 461 122 514 152 438 140 562 162 397 135 613 166 353 129 633 170 339 126 480 274 441 267 473 343 436 334 465 399 432 383 465 404 440 391 453 430 403 408 
464 114 469 105 473 104 476 104 462 106 461 106 458 106 487 108 460 108 470 122 461 122 514 152 438 140 562 162 397 136 613 166 353 129 632 170 339 126 480 274 441 267 473 343 436 334 465 398 432 383 465 404 440 391 453 430 403 408 
464 114 469 105 473 104 476 104 462 106 461 106 458 106 487 108 460 108 470 122 461 122 514 152 438 140 562 162 397 136 613 166 353 129 632 170 338 126 480 274 441 267 473 343 436 334 465 398 432 383 465 404 440 391 453 430 403 408 
464 114 469 105 473 104 476 104 462 106 461 106 458 106 487 108 460 108 470 122 461 122 514 152 438 140 562 162 397 136 613 166 353 129 632 170 338 126 480 274 441 267 473 344 436 335 465 398 432 383 465 404 440 391 453 430 403 408 
464 114 469 105 473 104 476 104 462 106 461 106 458 106 487 108 460 108 470 122 461 122 514 152 438 140 562 162 397 136 613 167 353 129 632 170 338 126 480 274 441 267 472 344 436 335 465 398 432 383 465 404 440 391 453 430 403 408 
464 114 469 105 473 104 476 104 462 106 461 106 458 106 487 108 460 108 470 122 461 122 514 152 438 140 562 162 397 136 613 167 353 129 632 171 338 126 480 274 441 267 472 344 436 335 465 398 432 383 465 404 440 391 453 430 403 408 
464 114 469 105 473 104 476 104 462 106 461 106 458 106 487 108 460 108 470 122 461 122 514 152 438 140 563 162 397 136 614 168 353 129 632 171 338 126 480 274 441 267 472 344 436 335 465 398 432 383 465 404 440 391 453 430 403 408 
464 114 469 105 473 104 476 104 462 106 461 106 458 106 487 108 460 108 470 122 461 122 514 152 438 140 563 162 397 136 614 168 353 129 632 172 338 126 480 274 441 267 472 344 436 335 465 398 432 383 465 404 440 391 453 430 403 408 
464 114 469 105 473 104 476 104 462 106 461 106 459 106 487 108 460 108 470 122 461 122 514 152 438 140 563 163 397 136 614 168 353 130 632 172 338 126 480 274 441 267 472 344 436 335 465 398 432 383 465 404 440 391 453 430 403 407 
464 114 469 105 473 104 476 104 462 106 461 106 459 106 487 108 460 108 470 122 461 122 514 153 438 140 563 163 397 136 614 169 353 130 632 172 338 126 480 275 441 267 472 344 436 335 465 398 432 383 465 404 440 391 453 430 403 407 
464 114 470 105 473 104 477 104 462 106 461 106 459 106 487 108 460 108 470 123 461 122 514 153 439 140 563 163 397 136 614 169 353 130 633 173 338 127 480 275 441 267 472 344 436 335 465 398 432 383 465 404 440 391 453 430 403 407 
464 114 470 105 473 105 477 104 462 106 461 106 459 106 487 108 460 108 470 123 461 122 514 153 439 140 563 163 397 136 615 169 353 130 633 173 338 127 480 275 441 267 472 344 436 335 465 398 432 383 465 404 440 391 453 430 403 407 
464 114 470 105 473 105 477 104 462 106 461 106 459 106 487 108 460 108 470 123 461 122 514 153 439 140 563 163 397 136 615 170 354 130 634 173 338 127 480 275 441 268 472 344 436 335 465 398 432 383 465 404 440 391 453 430 403 407 
464 114 470 105 473 105 477 104 462 106 461 106 459 106 487 108 460 108 470 123 461 122 514 153 439 140 564 163 398 136 615 170 354 130 634 173 338 127 480 275 441 268 472 344 436 335 465 398 432 383 465 404 440 391 453 430 403 407 
464 114 470 105 473 105 477 104 462 106 461 106 459 106 487 108 460 108 470 123 461 122 514 153 439 140 564 164 398 136 616 170 354 130 634 173 338 127 480 276 441 268 473 344 436 335 465 398 432 383 465 404 440 391 453 430 402 407 
464 114 470 105 473 105 477 104 462 106 461 106 459 106 487 108 460 108 470 123 461 122 514 153 440 140 564 164 398 136 616 170 354 130 635 173 338 127 480 276 441 268 472 344 436 335 465 398 432 383 465 404 440 391 453 430 402 407 
464 114 470 105 473 105 477 105 463 106 461 106 459 106 487 109 461 108 470 123 461 122 514 153 440 140 564 164 398 137 616 170 354 130 635 173 339 127 480 276 441 268 472 344 436 335 465 398 432 383 465 404 440 391 453 430 402 407 
464 115 470 105 473 105 477 105 463 106 461 106 459 106 487 109 461 108 470 123 461 122 514 153 440 140 564 164 398 137 617 170 354 130 636 174 339 127 480 276 441 268 472 344 436 335 465 398 432 383 465 404 440 391 453 430 402 407 
464 114 470 105 473 105 477 105 463 106 461 106 459 106 487 109 461 108 470 123 461 122 514 154 440 140 564 164 398 137 616 171 354 130 636 174 339 127 480 276 441 268 472 344 436 335 465 398 432 383 465 404 440 391 453 430 402 407 
464 114 470 105 473 105 477 104 463 106 461 106 459 106 487 109 461 108 470 123 461 122 514 154 440 140 565 165 398 137 617 171 354 130 636 175 339 127 480 276 441 268 472 344 436 335 464 398 432 383 464 404 440 392 453 430 402 407 
464 114 470 104 473 104 477 104 463 105 461 105 459 105 487 108 461 107 470 122 461 122 514 154 440 140 564 165 398 137 616 172 354 130 636 175 339 128 480 276 440 267 471 344 436 335 464 398 432 383 463 403 440 392 453 430 402 407 
464 113 470 104 473 104 477 104 463 105 461 105 459 105 488 108 461 107 470 122 461 121 514 154 440 140 564 165 398 137 616 173 354 131 636 175 339 128 480 275 441 267 471 343 436 335 463 398 432 383 462 403 440 392 453 429 402 407 
464 113 470 104 473 104 478 104 463 105 461 105 459 105 488 108 461 107 470 122 462 121 514 154 440 140 565 166 399 137 616 173 354 131 635 176 339 128 480 275 441 267 471 341 436 335 462 396 432 383 461 401 440 392 452 427 402 407 
465 113 471 104 475 104 479 104 464 105 462 105 460 105 489 108 462 107 471 122 462 121 515 154 441 140 565 166 399 137 616 174 354 131 635 177 339 128 481 275 442 267 471 341 436 335 461 395 432 383 459 400 440 392 453 426 402 407 
466 113 472 104 476 104 480 104 465 105 463 105 461 105 490 108 463 107 472 122 463 121 515 154 441 141 565 166 399 138 617 174 355 132 636 177 339 128 482 275 442 268 471 341 436 336 460 393 432 383 458 398 440 392 453 425 403 408 
467 113 473 104 477 104 481 104 466 105 464 105 462 105 490 109 464 107 474 122 464 122 517 154 442 141 566 167 399 138 619 175 355 132 638 178 340 129 484 276 443 269 471 341 434 336 460 394 432 384 458 398 440 392 453 425 403 408 
468 113 474 104 478 104 482 104 467 105 466 105 464 106 491 109 465 108 476 122 465 122 519 155 444 142 569 168 400 138 621 176 355 132 641 178 340 129 485 277 444 270 472 341 431 338 460 394 432 383 458 399 440 391 453 425 404 408 
469 113 476 104 480 104 484 104 468 105 467 105 465 106 492 109 467 108 477 122 466 122 520 156 445 143 571 169 401 138 621 176 356 132 641 178 340 130 486 278 444 271 472 343 426 339 460 394 432 382 458 399 439 389 453 425 404 408 
471 113 478 104 481 104 485 104 470 105 468 105 467 106 494 109 468 108 478 122 468 122 522 157 446 144 572 170 401 139 622 177 357 133 641 179 342 131 487 279 445 271 472 345 420 340 460 394 430 381 458 399 439 386 452 425 404 408 
472 114 479 105 483 105 487 105 471 106 469 106 468 106 495 110 469 109 479 123 469 122 523 158 448 145 574 171 402 140 624 178 358 133 642 179 343 132 488 280 446 271 473 348 416 339 460 394 427 380 458 399 437 385 452 425 404 409 
473 115 480 106 484 106 488 106 472 106 470 106 469 106 496 111 470 109 481 124 470 123 524 158 449 145 577 172 403 140 627 180 359 133 645 180 344 132 488 281 446 272 473 350 413 339 460 394 424 380 458 399 434 385 452 426 404 410 
474 115 481 107 485 107 489 107 473 107 471 107 470 107 497 111 470 110 481 124 470 123 525 159 449 146 578 172 404 141 628 181 360 134 646 181 345 133 489 282 446 271 473 351 410 339 460 394 421 380 458 398 431 385 452 426 403 413 
475 115 481 107 485 107 489 107 473 107 472 107 470 107 498 112 471 110 482 124 471 123 526 159 450 146 578 173 404 141 628 181 360 134 646 182 345 133 489 282 446 271 473 352 409 339 460 394 417 381 458 397 427 385 452 426 402 418 
475 116 481 107 485 107 489 107 474 107 472 107 471 107 498 112 472 110 482 125 471 124 527 159 451 146 578 173 404 141 628 181 361 134 647 183 345 133 489 282 446 271 473 353 407 339 460 394 414 388 458 397 423 392 453 426 398 426 
474 116 481 107 485 107 489 108 474 107 472 108 470 108 498 112 473 111 482 125 471 124 527 160 451 147 579 173 405 141 629 182 361 134 647 183 346 133 489 282 446 272 473 354 407 339 460 394 410 400 458 397 417 405 454 426 392 436 
474 116 481 108 485 108 489 108 474 108 472 108 470 108 498 113 473 111 481 125 471 124 527 161 451 147 580 174 405 141 630 182 361 134 648 183 346 133 489 284 446 273 473 355 406 340 460 395 403 408 458 397 410 414 454 426 385 444 
474 117 481 108 485 108 489 108 474 108 472 108 470 109 498 113 472 111 481 126 471 125 527 162 451 148 580 174 405 141 630 182 361 134 648 183 346 133 489 285 446 274 472 358 406 344 460 395 397 414 458 397 402 422 454 426 379 453 
474 118 481 109 484 109 488 109 473 109 472 109 470 110 498 114 472 112 481 127 471 126 527 163 450 149 580 175 405 141 630 182 361 134 648 183 346 133 489 286 445 275 472 358 405 347 460 395 392 419 458 397 397 427 454 426 373 459 
474 120 480 111 484 111 488 111 473 111 471 111 469 111 498 115 472 113 481 129 471 128 527 164 450 150 579 176 404 142 630 183 361 134 648 183 345 133 488 288 444 277 471 360 404 351 459 395 388 423 457 397 392 431 454 426 368 463 
474 121 480 112 483 112 487 112 473 113 470 113 469 113 497 116 471 114 480 130 471 130 526 166 449 151 579 177 404 142 629 183 360 134 647 184 344 133 487 290 443 280 470 362 402 355 459 395 385 428 457 396 389 435 454 426 365 466 
473 123 479 113 482 113 486 113 471 114 469 114 468 114 497 117 470 115 479 131 470 131 526 167 448 152 579 178 402 143 629 183 358 134 647 184 343 133 486 292 441 282 469 366 401 357 459 394 383 430 457 393 388 437 454 426 365 467 
472 124 477 114 481 114 485 114 470 115 468 115 466 115 496 118 468 117 478 132 469 132 525 168 446 154 579 179 400 145 629 184 356 135 647 185 340 133 484 294 439 284 467 369 400 359 459 393 384 429 458 392 388 436 454 426 365 467 
470 126 476 117 479 116 483 116 468 117 466 117 464 117 494 119 466 118 477 135 467 135 523 170 444 155 578 181 398 147 629 185 355 136 647 186 339 134 483 297 437 287 466 372 399 363 459 393 385 432 457 392 388 439 454 427 365 468 
467 127 472 118 476 118 480 117 465 119 463 118 461 118 491 121 464 120 473 136 465 136 521 170 442 156 576 183 396 149 628 186 353 137 647 187 337 135 480 300 435 289 464 374 398 364 459 393 385 435 457 392 389 442 454 427 365 468 
464 128 470 119 473 118 477 117 463 119 461 119 459 119 489 121 462 120 471 137 463 137 520 171 439 158 575 184 393 150 628 188 351 139 647 189 335 137 479 301 433 291 463 375 397 365 458 394 386 436 456 392 390 444 454 427 364 469 
463 128 469 119 472 118 476 118 461 119 459 119 457 119 488 122 459 121 469 137 461 137 518 172 436 158 574 185 390 151 627 190 347 140 647 192 332 139 477 303 431 293 461 379 396 366 457 394 387 436 455 392 391 444 454 427 364 469 
462 127 467 118 471 118 475 117 460 119 457 119 455 119 487 122 457 121 468 137 460 136 517 173 434 159 572 186 389 153 627 193 346 141 647 194 329 140 476 304 429 293 458 380 396 368 455 394 387 436 453 392 391 444 453 428 364 469 
461 127 466 118 470 118 474 117 459 119 456 119 454 119 485 121 456 120 467 136 458 136 515 172 433 159 570 187 388 153 627 195 344 142 647 197 328 140 475 303 429 292 456 381 396 368 452 394 386 438 450 392 390 445 452 428 364 469 
460 127 466 118 469 117 473 117 458 119 456 118 453 118 485 121 455 120 467 136 458 136 514 172 432 159 569 187 387 153 626 197 342 143 647 199 326 141 475 303 429 292 456 379 396 368 450 394 386 437 448 391 390 444 450 429 364 469 
460 127 466 118 469 117 473 117 458 118 456 118 453 118 485 121 455 120 466 136 457 136 514 172 432 159 568 187 387 153 626 198 341 144 647 200 325 142 475 302 429 291 455 378 396 367 448 394 386 437 446 391 390 444 448 429 364 468 
460 127 466 118 469 117 473 117 459 118 456 118 454 118 485 121 455 120 466 136 458 135 514 172 433 158 568 186 386 153 626 198 341 145 647 200 325 143 475 302 430 291 455 378 397 367 445 397 386 437 441 396 390 444 447 432 364 468 
460 127 466 118 470 117 474 117 459 118 457 118 454 118 485 121 456 120 467 136 458 135 514 172 433 158 569 186 386 153 626 198 341 145 647 200 325 144 476 302 430 291 456 377 397 367 444 398 386 437 438 399 390 444 447 433 364 468 
460 127 466 118 470 117 474 117 459 118 457 118 454 118 485 121 456 120 467 136 458 135 515 172 433 158 569 186 387 153 626 198 342 145 647 200 325 143 477 301 430 291 456 376 398 367 444 398 386 437 438 399 390 443 447 434 364 468 
461 127 467 117 471 117 475 117 460 118 457 118 455 118 486 121 456 120 468 136 458 135 516 172 434 158 570 186 387 153 626 197 342 145 647 199 326 143 479 301 431 291 457 375 398 367 444 398 385 437 438 399 389 443 447 434 365 468 
463 127 468 117 472 117 477 117 461 118 458 118 456 118 488 121 458 120 469 136 459 135 517 171 436 158 571 186 387 153 626 197 342 145 647 199 326 143 480 301 433 290 457 375 398 366 445 399 385 435 438 399 388 440 447 434 365 468 
464 127 470 117 474 117 479 117 463 118 460 118 458 118 489 121 460 120 471 136 461 135 519 171 438 157 572 186 387 153 627 197 342 145 648 199 326 143 482 299 436 288 459 372 398 363 445 399 385 432 438 400 389 437 447 434 365 467 
465 127 472 117 476 117 480 117 465 118 463 118 461 118 490 122 463 120 473 136 462 135 520 171 440 157 573 186 388 152 627 197 343 145 648 199 326 143 483 299 437 287 460 371 398 357 445 400 385 429 438 402 389 434 447 435 366 466 
467 127 474 118 478 118 482 118 467 118 465 118 463 118 491 122 465 120 475 136 464 135 521 171 441 157 574 185 391 152 627 196 344 144 648 198 328 143 484 297 438 285 460 370 398 350 445 400 387 423 438 402 391 429 447 435 368 462 
469 127 476 118 480 117 484 118 468 118 467 118 465 118 493 122 466 120 477 136 465 135 522 171 443 157 575 185 393 152 628 196 345 144 648 198 330 142 484 295 439 282 461 369 398 343 444 400 389 416 437 402 395 422 447 435 371 457 
471 126 478 117 481 117 485 117 470 118 468 118 466 118 494 122 467 120 478 136 467 135 522 171 444 157 576 184 395 151 629 195 348 143 648 197 333 141 484 293 440 279 461 368 398 335 444 400 392 408 436 402 400 414 448 435 373 453 
473 126 480 117 484 117 488 117 471 118 469 118 468 118 495 122 468 120 480 135 469 135 523 170 445 156 578 184 397 151 630 195 352 142 649 196 336 140 485 291 440 278 462 366 398 329 444 400 394 403 436 402 402 409 448 434 374 447 
475 126 482 117 485 117 489 117 473 117 470 117 469 117 497 121 469 120 482 135 470 134 523 170 446 156 579 184 399 151 632 195 353 141 650 196 338 139 486 289 441 276 462 363 398 323 444 399 396 399 436 402 404 404 448 433 374 440 
476 125 482 116 486 116 490 116 474 116 471 117 470 117 497 121 470 120 482 134 471 133 524 170 447 156 579 184 401 150 632 194 355 141 651 195 339 138 486 288 442 274 462 361 400 318 444 399 397 394 435 402 405 399 448 433 375 435 
476 124 483 116 486 116 490 116 474 116 472 116 470 116 498 121 470 120 483 134 471 133 525 170 448 156 579 183 401 150 632 193 356 140 652 194 341 137 487 288 442 274 463 359 401 314 443 399 398 388 434 402 405 395 448 432 375 428 
476 124 483 116 487 116 491 116 474 116 472 116 471 116 499 121 471 119 483 133 472 133 525 170 448 156 579 183 402 149 633 193 357 139 653 193 341 136 487 287 443 273 463 358 403 309 443 399 399 383 434 402 406 391 447 432 374 423 
476 124 483 115 487 115 491 116 475 116 473 116 471 116 499 121 472 119 483 133 472 132 526 170 448 155 580 183 402 149 634 192 357 139 654 193 342 137 487 287 443 272 463 358 405 304 443 398 400 380 434 402 408 389 447 431 374 419 
476 124 483 115 487 115 491 116 475 115 473 116 472 116 499 121 472 119 483 133 472 132 526 169 449 155 580 183 402 149 634 192 357 139 655 193 343 136 488 286 444 271 464 358 406 302 443 397 402 378 434 401 410 387 447 431 374 417 
476 124 483 115 487 115 491 116 475 115 473 116 472 116 499 121 473 119 483 133 472 132 526 169 449 155 580 183 403 148 634 192 358 139 655 192 343 136 488 286 446 271 465 358 407 300 443 396 402 378 434 401 410 387 447 430 374 416 
476 124 483 115 487 115 491 116 475 115 473 116 472 116 499 121 473 119 483 133 472 132 527 169 450 155 580 183 403 148 634 192 359 139 655 192 344 136 489 285 447 270 466 357 407 299 444 396 403 377 435 400 412 386 447 429 374 416 
476 124 483 115 487 115 491 116 475 115 474 116 472 116 499 121 474 119 483 133 472 132 527 169 450 155 580 183 403 149 634 192 360 139 655 192 345 136 489 285 447 270 466 357 408 298 444 395 405 376 435 399 413 386 447 428 375 415 
476 124 483 115 487 116 490 116 475 115 474 116 472 116 499 121 474 119 483 133 472 132 527 169 450 155 580 183 404 149 634 191 360 139 655 192 346 136 489 285 447 270 466 357 407 297 444 394 406 376 436 398 415 385 447 428 375 415 
476 124 482 116 486 116 490 116 475 116 474 116 472 116 499 121 474 119 483 133 472 132 527 169 450 156 580 183 404 149 633 191 360 139 653 192 346 136 489 285 448 270 467 357 407 295 444 393 407 376 436 398 416 385 447 428 376 414 
476 124 482 116 486 116 490 116 475 116 474 116 472 116 499 121 474 119 482 133 472 132 526 169 450 156 580 183 404 150 633 192 361 139 653 192 346 137 489 284 448 270 467 356 407 293 444 393 408 375 437 397 416 384 447 427 377 412 
475 124 482 116 486 116 490 116 475 116 473 116 472 116 499 121 474 119 482 133 472 132 525 169 450 156 579 183 404 150 633 192 361 140 652 192 346 137 490 284 448 270 467 358 407 292 445 393 408 374 437 397 417 384 446 426 377 411 
475 125 481 116 485 116 489 116 475 116 473 116 471 116 499 121 473 119 481 134 472 133 525 169 450 157 578 183 404 150 631 191 361 140 650 191 346 138 490 284 449 270 467 358 407 290 444 393 408 374 437 397 416 384 446 425 377 411 
475 125 481 116 484 117 488 117 474 116 472 116 470 116 498 122 472 119 480 134 472 133 524 169 450 157 577 183 404 150 630 191 361 140 648 191 346 138 490 284 449 270 467 358 407 290 444 393 408 374 437 397 416 383 445 424 377 411 
474 125 480 116 484 117 488 117 473 116 471 116 469 117 498 122 471 119 480 134 471 133 523 169 449 157 576 183 404 150 628 191 360 140 647 191 346 138 490 284 449 270 467 358 407 288 444 393 408 374 437 397 416 384 444 424 377 411 
474 126 479 117 483 117 487 117 473 117 470 117 469 117 497 122 470 119 479 134 471 134 523 169 449 157 574 183 404 150 627 191 360 141 644 191 345 139 490 284 449 269 467 356 406 288 444 393 408 375 438 397 416 384 444 424 377 410 
473 126 478 117 482 117 486 117 471 117 469 117 468 117 496 122 469 120 478 134 470 134 522 169 448 157 574 183 403 150 626 190 360 141 643 191 345 139 490 284 449 269 466 357 406 289 444 393 408 375 437 398 416 384 444 424 377 410 
472 126 477 117 480 117 484 117 470 117 468 117 467 117 495 122 468 120 477 134 469 134 522 169 447 157 574 183 401 150 625 190 359 141 641 190 343 139 489 284 449 269 466 358 405 290 443 393 407 375 437 398 416 385 444 424 376 411 
471 126 476 117 479 117 483 117 469 117 467 117 466 117 494 122 467 120 476 134 468 134 521 169 446 157 574 183 400 150 625 189 358 141 641 189 343 139 489 284 449 269 465 359 404 290 442 393 407 375 437 398 415 385 443 424 375 411 
470 126 475 117 478 117 482 117 468 117 467 117 465 117 493 122 466 120 475 134 467 134 521 169 445 157 574 183 399 150 625 189 357 141 642 189 342 140 489 284 449 270 463 359 403 293 442 393 406 378 436 399 414 388 443 424 374 414 
469 126 474 117 477 117 481 117 468 117 466 117 464 117 492 121 466 120 474 134 466 134 521 169 445 157 574 182 398 150 625 189 356 142 642 189 340 140 488 284 448 270 461 359 403 302 441 394 403 386 436 399 411 394 443 426 372 423 
468 126 473 117 476 117 480 117 467 117 465 117 463 117 491 121 465 120 474 134 466 134 520 168 444 157 574 181 397 150 625 188 354 142 642 189 338 140 488 284 446 270 461 358 403 310 441 396 397 395 436 401 404 402 444 428 368 433 
467 126 472 117 475 117 479 117 466 117 464 117 462 118 491 121 464 120 473 134 464 134 519 167 444 156 573 180 397 150 625 188 353 142 642 189 337 140 486 284 444 270 461 356 402 321 441 397 391 403 436 402 397 410 444 429 363 440 
466 126 471 117 474 117 478 117 465 117 463 117 461 117 489 121 462 120 471 134 463 134 518 167 443 155 571 180 396 150 625 188 351 142 643 189 336 140 483 284 443 271 460 357 402 331 441 398 385 411 436 402 391 418 444 429 357 447 
465 126 470 117 473 117 477 116 464 117 461 117 459 117 488 120 461 120 471 134 463 134 517 166 442 154 570 179 395 150 625 188 350 141 643 189 335 140 481 284 440 272 459 358 401 338 441 398 380 418 436 402 385 425 445 430 353 456 
463 126 469 117 472 116 475 116 462 117 459 117 457 117 487 120 459 119 469 134 461 133 516 165 439 153 570 179 394 149 624 187 349 141 643 188 333 140 480 285 438 273 458 359 401 346 441 399 375 424 436 402 378 432 445 430 350 463 
463 125 468 116 471 115 475 115 461 116 459 116 456 116 486 119 457 118 469 133 461 133 515 165 438 153 569 179 392 149 624 186 347 140 643 188 331 140 479 286 436 275 457 360 400 352 441 399 373 426 436 402 375 434 445 430 349 467 
462 124 467 115 470 115 474 114 459 116 457 116 455 116 485 118 455 118 467 133 459 133 514 165 435 153 568 179 390 149 623 185 345 139 643 187 330 139 477 288 434 278 456 361 398 358 441 399 370 432 436 402 373 439 446 431 347 470 
460 124 466 115 469 114 473 114 458 115 455 115 453 116 483 118 453 118 466 133 458 132 512 165 432 153 566 179 387 149 622 185 342 139 642 187 328 138 476 291 431 281 455 364 396 361 442 399 370 436 436 402 372 444 446 431 347 472 
458 124 463 115 466 115 470 114 455 115 453 115 451 116 481 118 451 118 463 133 455 132 510 165 430 154 565 179 383 148 621 185 340 139 642 187 326 138 474 293 429 283 454 365 394 362 442 399 369 437 436 402 371 446 447 432 345 472 
454 124 460 115 463 115 467 114 452 115 450 115 448 116 478 118 449 118 460 133 452 132 507 165 427 154 564 179 380 148 620 185 336 138 642 187 322 137 472 295 427 285 452 368 391 365 442 399 368 441 436 402 371 450 447 432 344 475 
450 124 456 115 459 115 462 114 448 115 446 115 444 115 474 118 447 118 456 133 448 132 505 166 424 156 562 179 378 148 619 185 334 138 641 187 320 137 469 297 424 288 451 370 387 367 442 399 368 443 436 401 372 451 447 432 344 476 
446 124 452 115 456 115 459 114 445 115 443 115 441 115 471 118 444 118 453 133 444 132 502 167 421 157 561 180 377 149 619 185 333 138 641 187 318 137 467 298 420 290 450 373 382 369 442 398 369 442 436 400 373 451 447 432 343 476 
443 125 449 116 452 115 456 115 442 116 440 116 438 116 468 119 442 118 450 134 442 133 499 169 419 159 559 181 376 149 615 186 332 138 638 189 317 137 464 301 417 293 449 376 377 371 442 398 368 443 436 399 373 451 447 432 343 476 
441 126 446 117 449 117 453 117 439 117 437 117 435 117 465 121 439 120 447 136 439 135 497 172 416 161 557 184 373 150 613 187 329 138 636 191 315 137 461 304 413 295 448 381 372 373 442 398 368 443 436 398 373 450 447 433 344 476 
439 128 444 119 448 119 451 118 437 120 435 119 433 119 463 122 436 121 445 138 437 137 496 174 414 163 556 186 371 150 613 189 328 138 636 192 314 137 458 306 410 297 447 383 369 373 441 398 367 443 436 399 373 450 447 433 343 477 
436 130 442 121 445 120 449 120 434 121 433 121 431 121 461 124 434 123 443 139 434 139 494 175 411 164 553 187 369 151 612 190 326 138 635 193 311 137 456 308 407 299 445 384 366 375 441 398 366 442 436 398 372 449 447 433 343 477 
434 132 439 123 443 122 447 122 432 123 430 122 428 122 459 126 431 124 440 141 431 141 491 177 408 164 551 189 367 152 610 192 325 139 633 195 310 137 453 310 404 301 443 387 362 377 441 397 365 442 436 397 372 449 447 433 341 476 
431 134 437 125 441 125 445 124 430 125 428 124 426 124 457 128 428 126 437 144 429 143 489 179 405 164 549 191 365 153 609 194 322 139 632 197 308 137 450 312 402 303 441 389 360 379 440 396 364 442 436 396 372 449 447 431 341 476 
429 136 435 127 438 127 442 126 427 126 425 126 424 126 454 130 426 127 434 146 426 145 487 181 403 165 547 193 363 154 607 196 320 140 630 199 306 137 448 314 400 304 439 389 358 380 440 397 364 444 436 396 371 450 447 430 342 477 
428 137 433 128 437 127 441 127 425 127 423 127 421 127 453 130 423 128 433 147 425 147 485 182 401 165 547 194 361 154 606 198 317 140 629 201 304 137 447 315 398 306 439 391 357 380 439 397 363 444 436 396 371 450 446 429 342 476 
425 139 431 129 435 129 439 128 423 129 421 128 419 128 452 132 421 129 431 149 422 148 484 184 399 166 546 197 359 156 605 201 316 141 628 204 302 138 445 317 396 307 438 391 356 383 439 397 362 445 436 396 370 451 446 428 341 477 
423 140 429 130 432 130 436 130 421 130 419 130 417 129 449 133 419 131 428 150 420 149 482 186 396 168 544 199 356 156 603 202 313 141 626 206 299 138 444 319 393 310 438 393 354 385 438 397 362 445 436 396 370 451 445 428 341 477 
421 141 427 131 431 131 435 131 419 131 417 131 415 131 448 134 417 132 427 151 418 151 481 187 394 169 543 201 355 158 602 204 312 142 626 208 298 139 443 320 392 311 437 396 353 386 438 397 362 446 436 396 370 451 444 428 340 477 
419 142 425 132 429 132 433 132 418 132 415 132 413 132 446 135 416 133 426 152 417 152 480 188 393 170 542 202 354 159 601 206 311 143 623 210 297 141 442 321 391 312 437 397 353 388 437 398 363 445 436 396 370 451 444 428 340 477 
418 144 424 133 428 133 432 133 416 134 414 133 412 133 445 136 414 134 425 154 415 153 479 189 392 171 542 203 353 160 600 207 311 145 623 212 297 142 441 322 390 313 437 398 352 388 437 398 363 445 436 396 370 451 443 428 340 477 
417 144 423 134 427 134 431 133 415 134 412 134 410 134 444 137 412 135 423 155 414 155 478 191 390 172 541 206 351 161 600 209 309 146 623 214 294 144 440 323 388 314 437 397 352 389 437 399 363 445 436 396 371 451 443 428 340 477 
415 146 422 135 426 135 430 135 414 136 411 135 409 135 443 138 411 137 422 157 412 156 477 192 389 173 540 208 350 162 599 211 309 147 623 215 293 145 439 324 387 316 437 398 352 390 437 399 363 445 436 395 371 451 443 428 341 477 
414 147 421 137 425 136 429 136 413 137 410 137 408 136 442 139 410 138 421 158 411 157 477 193 388 174 540 209 349 163 599 213 309 148 622 217 293 146 438 324 387 316 437 399 352 390 438 399 363 446 437 395 372 452 443 428 341 477 
413 148 419 137 423 137 428 137 411 138 409 137 406 137 441 140 408 138 420 159 410 158 476 194 388 174 539 210 348 164 598 213 309 149 622 217 292 147 438 325 386 318 437 399 351 391 438 398 363 446 438 394 372 452 443 427 342 477 
412 149 418 138 422 138 426 138 410 138 408 138 405 138 440 140 408 139 418 159 409 159 475 195 387 174 539 210 347 164 598 214 307 150 621 218 290 147 437 327 386 319 437 400 350 391 438 398 363 446 438 394 372 452 443 427 342 477 
411 150 417 139 421 139 425 139 409 139 407 139 405 138 439 141 407 139 417 160 408 160 474 195 387 174 539 210 347 164 597 214 307 150 621 219 289 147 437 327 385 319 438 402 350 391 439 397 364 446 439 393 372 452 443 427 343 477 
411 150 417 140 421 139 425 139 409 140 407 139 404 139 439 141 407 139 417 161 408 160 474 195 387 174 538 210 348 164 597 214 307 151 620 219 290 147 436 327 385 319 437 402 350 391 440 396 364 446 441 392 372 452 443 427 343 477 
410 150 416 140 420 140 425 140 409 140 406 140 404 139 439 142 408 140 417 161 408 160 474 195 387 174 539 210 347 164 597 215 307 151 620 219 289 148 436 327 385 319 437 402 350 391 440 396 364 446 442 392 372 452 443 427 343 477 
410 151 416 140 420 140 424 140 408 140 406 140 404 140 439 142 408 140 417 161 408 160 474 195 388 174 538 210 347 164 597 215 306 151 620 219 289 148 436 327 385 319 437 402 350 392 441 396 364 446 442 392 372 452 442 427 342 477 
410 150 416 140 420 140 425 140 409 140 406 140 404 139 439 142 408 140 417 161 408 160 474 195 387 174 538 209 346 164 596 215 306 151 620 219 288 148 436 327 385 319 437 402 350 392 441 396 364 446 442 392 372 452 442 427 342 477 
411 150 417 139 420 139 425 139 409 140 407 140 404 139 439 141 408 140 417 160 408 159 474 193 388 174 538 209 346 164 597 214 306 151 620 219 288 148 436 326 385 319 438 402 352 391 441 396 364 446 442 392 372 452 442 428 342 477 
411 147 418 137 421 136 426 136 410 137 408 137 406 137 440 140 410 138 418 156 409 155 474 191 388 173 538 207 347 164 597 213 306 151 620 217 288 148 437 324 386 317 438 398 355 391 441 396 364 446 442 393 373 452 442 428 342 478 
412 145 419 135 422 134 427 134 411 135 409 135 408 135 441 138 411 137 419 154 409 153 474 188 389 171 539 204 347 163 599 210 306 150 621 215 288 147 439 322 388 315 438 393 358 389 441 396 364 446 442 394 373 452 442 429 343 478 
415 144 421 133 425 133 430 133 414 134 412 134 410 134 443 137 414 135 421 153 412 152 476 185 391 169 539 201 350 163 599 207 306 149 622 213 289 147 441 320 390 313 439 393 360 388 442 396 364 446 442 394 373 453 442 430 343 478 
418 142 425 132 429 131 434 131 418 132 415 132 413 132 446 135 417 133 425 151 415 150 478 183 394 167 539 197 351 161 600 204 307 148 623 210 290 145 443 318 393 311 441 392 363 386 442 396 364 446 442 395 373 453 442 431 343 478 
421 138 428 128 433 128 438 127 421 129 419 129 417 129 449 131 420 130 430 148 419 147 481 179 397 165 542 194 353 159 603 201 307 145 626 206 290 144 446 315 396 308 442 392 366 385 443 397 365 446 442 396 373 452 443 432 343 477 
425 134 432 124 437 124 441 124 424 125 422 125 421 125 452 128 423 127 433 144 422 143 485 177 399 162 545 190 354 157 606 197 308 143 628 203 292 142 448 312 398 304 442 388 369 382 444 398 366 445 443 397 373 452 443 433 343 477 
428 131 436 121 440 121 444 121 427 122 426 122 424 122 455 125 426 125 437 141 425 140 489 175 402 160 548 188 357 155 610 196 310 141 632 201 294 139 451 308 402 301 444 384 372 379 445 398 367 445 443 397 374 452 443 433 343 477 
432 128 440 118 444 119 449 119 430 119 428 119 427 119 458 123 428 122 441 138 429 137 491 172 405 158 551 184 360 153 612 193 312 138 633 198 297 137 454 306 404 298 445 382 375 376 445 398 368 444 443 398 374 452 444 433 343 477 
435 126 443 117 447 117 451 117 433 117 431 117 429 117 462 121 431 120 443 136 432 135 494 170 408 156 554 181 364 151 615 191 315 136 636 195 300 135 456 304 407 296 447 380 379 373 446 398 369 444 444 397 375 452 444 433 343 477 
438 125 446 115 450 115 455 116 436 115 434 115 432 115 465 120 434 118 446 135 435 134 497 168 412 155 556 179 367 149 617 188 318 134 638 193 303 133 459 302 410 294 448 378 383 371 447 398 370 445 444 397 375 453 445 432 343 477 
442 123 450 114 454 114 459 114 440 114 438 114 436 114 468 119 437 117 451 134 439 133 500 166 416 153 559 177 371 146 619 186 322 132 640 191 307 131 462 301 414 293 451 377 386 369 447 398 370 445 444 398 375 453 446 432 343 477 
446 123 453 114 458 114 462 114 444 114 442 114 439 114 472 118 441 117 455 133 443 132 503 164 420 152 560 175 376 145 618 185 326 130 640 188 310 129 465 300 417 291 451 374 390 367 447 398 371 443 444 398 375 452 446 432 343 476 
450 122 457 113 461 113 465 113 448 113 445 113 443 113 475 117 444 116 458 132 446 132 505 163 423 151 562 173 379 143 619 182 329 128 641 187 312 127 467 298 420 289 451 372 392 366 447 398 371 443 444 398 374 452 445 432 343 476 
453 121 460 112 464 112 468 112 450 112 448 112 446 112 478 116 447 114 461 131 449 130 508 162 426 149 564 172 380 141 620 181 331 126 641 185 315 125 469 296 423 287 453 369 396 363 447 397 370 443 444 398 374 452 445 432 343 475 
455 121 462 111 466 111 471 112 453 111 451 111 448 111 480 115 450 114 463 130 451 129 510 161 429 148 566 172 383 139 622 180 334 125 642 184 319 123 471 294 425 284 454 368 399 362 447 397 370 442 444 398 374 450 445 432 345 473 
458 120 465 110 469 110 474 111 456 110 453 110 451 110 482 115 452 113 466 129 454 128 512 160 431 146 568 171 385 138 623 179 336 124 642 182 321 122 473 292 427 282 455 364 402 361 447 399 371 439 444 401 374 447 445 433 348 469 
460 118 466 109 471 109 475 109 458 109 455 109 453 109 484 113 454 112 467 127 456 127 514 160 433 145 568 170 388 137 624 178 339 123 644 181 323 121 475 290 429 281 456 362 404 360 447 400 375 435 443 402 379 443 445 434 350 464 
462 117 469 108 472 108 477 108 460 108 457 108 455 108 485 112 456 111 470 127 458 126 515 159 434 144 568 170 390 136 625 178 342 123 645 181 326 120 475 289 430 280 457 360 407 359 447 401 382 430 443 403 387 439 446 434 355 457 
464 117 470 108 474 107 479 108 461 108 459 108 457 108 487 112 458 110 471 126 460 125 516 158 435 143 569 170 392 135 625 177 344 122 647 179 328 119 476 288 431 279 458 359 409 357 447 401 390 423 443 403 395 432 447 434 361 450 
465 116 472 107 476 107 480 107 463 108 460 107 459 107 488 111 459 110 472 126 461 125 517 158 436 142 568 169 393 135 625 176 347 121 647 178 330 118 477 287 432 278 459 358 410 355 447 401 399 418 443 404 404 427 448 433 371 445 
466 116 473 108 477 107 481 107 464 107 462 107 460 107 489 111 460 109 473 126 462 125 517 158 437 142 568 169 393 134 625 176 347 120 647 178 330 117 478 285 433 277 460 357 413 352 447 401 410 409 443 404 415 416 448 431 382 437 
466 116 473 107 477 107 481 107 464 107 462 107 461 107 489 111 461 109 473 125 462 124 517 157 438 142 569 170 394 134 626 177 348 119 647 179 331 116 478 284 434 276 461 357 415 350 447 400 418 402 443 403 424 409 447 429 393 432 
466 115 473 106 477 106 481 106 464 106 463 106 461 106 489 110 462 108 473 124 462 123 517 157 439 142 569 169 396 134 626 176 350 119 647 179 332 117 478 283 435 275 461 353 417 348 447 399 423 395 444 403 429 400 447 429 404 426 
466 115 473 106 477 106 481 106 465 106 463 106 461 106 489 110 463 108 473 124 462 123 516 156 439 142 569 169 396 134 625 176 351 119 645 179 333 117 478 281 435 273 460 351 419 346 447 399 429 391 446 403 435 396 447 429 411 420 
466 114 473 105 477 105 481 105 465 105 463 105 462 105 489 110 463 107 473 123 462 122 516 156 438 141 568 169 397 134 625 176 352 120 645 179 335 117 478 278 436 271 460 349 421 344 447 396 434 388 446 400 438 393 447 426 418 416 
465 113 473 105 477 105 481 105 465 105 463 105 461 105 489 110 462 107 473 123 462 121 516 156 438 141 567 169 396 133 624 176 352 120 644 179 335 117 477 277 436 270 460 347 425 340 447 395 436 385 446 399 440 390 446 426 422 412 
465 113 472 105 476 105 480 105 464 105 463 104 461 105 489 110 462 107 472 123 462 121 515 156 437 141 567 169 396 133 624 176 351 120 644 179 334 117 477 275 436 268 460 347 427 338 446 395 441 381 444 399 445 385 444 425 427 408 
465 113 472 104 476 105 480 105 464 104 462 104 460 104 489 110 461 106 472 122 461 121 514 156 437 141 565 168 396 133 620 176 351 120 640 179 334 117 477 274 436 267 460 345 429 338 445 395 442 381 443 399 446 385 444 425 431 408 
465 113 472 104 476 104 480 105 464 104 462 104 460 104 489 110 461 106 472 122 461 121 513 156 437 140 564 169 395 132 618 176 350 120 639 180 334 117 477 274 436 267 460 345 431 338 445 395 441 380 442 400 445 384 443 425 429 408 
464 113 471 104 475 104 479 105 463 104 461 104 459 104 488 109 460 106 471 122 461 121 512 156 436 141 564 169 395 132 618 177 350 120 639 180 334 117 476 274 436 268 459 345 431 337 445 395 442 382 442 400 446 387 442 425 429 410 
464 112 470 104 473 104 477 104 462 104 460 104 458 104 487 109 459 106 469 122 460 121 511 156 436 141 561 169 394 132 614 177 350 120 633 180 333 117 475 275 436 268 458 345 432 334 445 395 441 382 442 401 446 387 442 425 426 410 
462 112 468 104 471 104 475 104 461 104 458 104 457 104 485 109 457 107 467 122 459 121 510 156 435 141 559 169 394 132 610 177 349 120 629 180 332 117 474 274 435 267 456 345 433 335 445 395 444 383 443 401 448 388 439 424 428 410 
460 113 466 104 469 104 473 104 459 104 457 104 455 104 483 109 456 107 465 122 457 121 509 156 435 141 558 168 394 132 609 177 348 121 627 181 331 118 472 274 435 267 453 345 434 335 444 395 445 384 442 401 450 389 437 423 431 411 
459 114 465 105 468 105 472 105 458 105 456 105 454 105 482 110 455 107 464 122 456 122 508 156 434 141 557 168 392 132 608 177 347 121 626 181 330 118 472 274 435 266 449 346 435 336 442 395 447 387 441 401 454 394 431 419 434 411 
458 114 464 105 467 105 471 105 457 105 455 106 453 106 481 110 455 108 464 123 455 122 507 156 433 141 556 169 391 132 607 177 346 121 625 181 329 118 471 273 434 265 446 345 435 336 441 393 447 387 440 400 453 395 429 417 434 412 
458 115 463 106 466 106 470 106 456 106 455 106 453 106 480 110 454 108 463 123 455 122 507 156 432 141 556 169 391 132 606 177 345 121 623 181 328 118 471 272 434 263 442 343 436 337 441 393 446 385 441 400 451 394 428 415 432 407 
457 115 463 106 466 106 469 106 456 106 454 106 452 107 480 111 453 109 463 123 454 123 506 156 431 141 556 169 390 132 605 177 345 121 623 181 328 118 471 269 434 261 439 335 435 335 441 389 445 382 442 397 450 389 427 414 431 404 
457 115 463 106 466 106 469 106 456 106 454 106 452 107 479 111 453 109 462 123 454 123 505 155 431 141 555 169 389 133 605 177 344 121 622 181 328 118 471 266 434 259 437 326 435 334 441 382 443 380 443 388 448 386 427 409 429 404 
457 115 462 106 465 106 469 106 455 106 453 106 452 107 479 111 452 109 462 123 454 123 505 155 431 141 556 169 389 133 605 177 344 121 623 181 327 118 471 263 434 257 435 319 435 331 440 379 440 379 443 384 444 384 426 407 426 403 
456 115 462 106 465 106 468 106 455 106 453 106 451 107 478 111 452 109 462 123 453 122 504 155 430 141 555 169 388 134 605 177 344 122 623 181 327 119 471 262 433 256 431 311 435 330 440 374 438 379 443 378 442 385 427 403 422 404 
456 115 461 106 464 106 468 106 454 106 453 106 451 107 478 111 452 109 461 123 453 122 503 155 429 142 555 169 387 134 604 177 343 122 623 181 327 120 471 262 433 256 428 306 435 330 440 372 437 380 444 377 441 385 427 404 418 406 
455 115 461 106 464 106 467 106 454 106 452 106 451 106 477 110 452 109 460 123 452 122 503 155 429 142 555 169 387 134 604 177 343 123 622 180 327 120 471 262 433 257 427 298 434 330 439 368 437 379 445 374 441 386 427 402 419 406 
454 115 460 106 463 106 467 106 454 106 452 106 450 106 477 110 452 109 460 123 452 122 503 155 429 142 554 169 387 134 603 176 342 123 622 179 327 120 472 261 433 257 425 292 434 331 439 361 437 379 450 365 442 387 427 398 419 406 
454 115 460 106 463 106 466 106 453 106 452 106 450 106 477 110 452 108 459 123 452 122 503 155 428 142 554 169 387 135 603 175 342 123 621 178 326 120 472 260 433 257 425 289 434 327 439 362 436 379 450 369 442 388 427 399 418 407 
454 115 459 106 462 106 466 106 453 106 451 106 450 106 476 110 451 108 459 123 451 122 503 155 428 142 554 168 387 135 603 175 341 123 621 178 326 120 472 260 433 257 425 288 432 325 439 364 435 379 449 371 441 388 427 400 416 407 
453 115 459 106 462 106 465 106 452 106 451 106 449 106 476 110 451 109 459 123 451 122 502 155 428 142 554 168 386 135 603 174 341 123 621 177 326 120 472 260 432 257 424 288 430 323 438 364 433 378 449 371 439 388 426 401 415 407 
453 115 458 106 461 106 465 106 452 106 450 106 449 106 475 110 450 109 458 123 450 123 502 155 428 142 554 168 386 135 603 174 341 123 621 176 326 120 471 260 431 257 424 286 429 325 438 364 432 378 449 370 434 388 426 401 416 407 
453 115 458 106 461 106 465 106 452 106 450 106 448 107 475 110 450 109 458 123 450 123 502 155 427 142 554 168 386 135 602 174 341 123 621 176 326 120 471 261 431 257 425 287 428 328 437 362 432 375 447 367 435 381 425 401 416 406 
452 115 458 106 461 106 464 106 451 106 450 106 448 107 475 111 450 109 458 123 450 123 501 155 427 143 554 168 386 135 602 174 341 123 621 176 326 120 471 261 430 258 425 290 427 336 437 363 428 387 445 368 434 390 423 401 410 417 
452 115 458 106 460 106 464 106 451 107 449 107 448 107 475 111 450 109 457 124 450 123 501 156 427 143 554 168 385 135 602 174 341 123 621 176 326 120 470 261 429 258 425 292 426 342 436 364 422 397 443 369 429 399 423 400 405 425 
452 116 457 106 460 106 464 107 451 107 449 107 448 107 475 111 450 109 457 124 450 123 501 156 427 143 554 169 385 135 604 174 340 123 623 177 325 120 470 261 429 258 425 297 420 335 432 371 423 393 440 377 428 398 418 405 405 426 
452 116 457 107 460 107 464 107 451 107 449 107 447 107 474 111 449 109 457 124 449 123 501 156 426 144 554 170 384 135 605 175 339 123 624 178 324 120 469 262 428 258 425 303 422 337 430 374 418 410 437 382 424 422 414 405 395 434 
452 116 457 107 460 107 464 107 451 107 449 107 447 107 474 111 449 109 457 124 449 124 501 157 426 144 554 171 384 135 605 176 338 123 624 179 323 120 468 262 427 258 424 311 422 334 409 401 425 397 412 412 430 407 397 433 410 427 
452 116 457 107 460 107 464 107 450 107 449 107 447 107 474 111 449 110 457 124 449 124 501 157 426 144 553 172 384 135 605 177 338 123 624 180 323 120 467 264 425 260 424 320 423 335 403 410 429 395 408 417 435 403 391 447 417 426 
452 116 457 107 460 107 464 107 450 107 449 107 447 107 474 112 449 110 457 125 449 124 501 158 426 144 553 173 384 135 605 178 338 123 623 181 323 121 465 266 424 261 424 328 424 337 403 415 432 392 405 424 439 397 389 455 418 417 
451 117 457 108 460 108 464 108 450 108 448 108 446 108 474 112 448 110 457 125 449 125 501 158 426 145 553 173 384 136 605 179 338 123 623 182 322 121 463 270 423 264 423 337 423 340 402 424 432 391 402 437 439 395 383 462 417 415 
451 118 457 109 460 109 464 109 450 109 448 109 446 109 474 113 448 110 457 127 448 126 501 159 426 146 553 174 383 136 605 179 337 123 623 183 322 122 462 274 422 268 423 346 423 347 400 435 431 394 398 449 437 398 381 469 415 419 
451 119 456 110 460 110 464 110 449 110 448 110 446 109 474 114 448 111 456 128 448 127 501 160 426 146 553 175 382 136 605 180 336 124 624 184 321 122 460 277 422 270 423 353 423 349 397 445 429 402 396 457 436 402 378 474 414 423 
451 120 456 111 460 111 464 111 449 111 447 110 445 110 474 115 447 111 456 129 447 128 501 161 425 147 553 176 381 137 605 181 335 125 624 184 320 123 460 280 420 272 423 358 424 353 397 451 430 400 395 465 433 404 379 482 414 424 
450 121 456 112 460 112 464 112 449 111 447 111 445 111 474 115 447 112 456 130 447 129 501 163 424 148 553 177 380 138 605 182 334 125 625 185 319 124 458 283 420 275 423 363 424 356 396 456 429 398 393 467 429 407 380 486 413 427 
450 122 456 113 459 113 463 113 448 113 446 112 444 112 474 116 446 113 455 132 446 131 501 164 423 149 554 178 378 139 606 183 334 126 626 186 318 124 457 285 419 276 424 366 425 359 398 459 422 405 394 470 424 410 383 484 412 433 
449 123 455 114 459 114 463 115 447 114 445 114 443 113 474 118 445 114 455 133 446 132 500 166 423 150 554 180 376 140 606 186 333 127 626 189 317 125 456 287 417 277 424 369 424 359 400 460 424 401 397 470 425 409 383 485 411 432 
448 125 455 116 458 116 463 116 447 115 444 115 442 115 474 120 445 116 454 135 445 134 500 169 421 152 554 182 375 142 606 189 332 128 626 192 317 126 455 289 416 279 424 373 424 362 401 460 425 404 399 469 426 408 383 485 413 430 
447 127 454 118 457 118 462 118 446 117 443 117 441 116 473 122 444 117 452 137 444 136 499 171 419 153 554 185 374 143 606 191 331 129 626 195 316 127 453 292 416 282 423 376 423 363 401 463 428 402 400 471 434 405 384 484 413 431 
445 131 452 122 456 122 460 122 444 121 442 120 440 120 472 125 444 120 451 141 442 139 499 174 419 156 554 187 374 146 606 194 331 131 627 198 316 129 452 295 415 284 421 377 422 365 401 465 431 402 400 472 438 401 383 485 413 432 
444 133 451 124 455 124 459 124 443 123 441 122 439 122 471 127 442 122 450 143 441 142 498 176 416 158 554 190 374 149 606 196 329 133 627 200 314 131 452 298 414 286 417 378 420 367 400 463 431 402 401 470 438 401 384 484 414 437 
442 136 449 126 453 127 458 127 442 126 439 125 437 125 470 130 440 125 449 146 440 145 497 179 414 160 554 192 373 151 607 199 328 134 629 203 313 132 452 300 413 288 413 379 418 367 400 463 431 400 401 469 437 399 384 483 418 436 
441 139 448 129 452 129 457 129 440 128 438 128 436 127 469 132 440 127 448 149 439 147 497 181 413 163 554 194 371 154 609 202 326 136 630 206 311 134 452 302 412 291 409 381 416 368 401 462 431 397 404 466 437 395 386 482 418 429 
440 142 447 132 451 132 456 132 439 131 437 130 435 130 468 134 438 130 447 152 438 150 496 183 413 165 554 197 370 157 611 205 324 138 633 208 309 137 451 306 411 294 406 386 412 372 401 463 427 400 404 466 434 398 386 482 412 432 
439 144 446 133 450 134 455 134 438 133 436 132 433 132 467 136 437 132 446 154 437 152 496 186 412 168 554 199 369 159 612 207 324 141 634 211 309 139 450 310 410 298 403 390 408 378 400 465 421 404 404 467 426 408 383 495 405 442 
438 145 445 135 449 136 454 136 437 135 435 134 432 134 466 139 435 134 445 156 436 154 495 189 410 171 554 203 368 161 612 210 323 143 634 214 308 142 448 313 408 300 401 392 407 380 400 465 417 407 404 468 419 414 381 498 397 446 
436 147 443 138 447 138 452 138 435 137 433 136 430 136 465 141 433 137 443 158 434 156 494 192 408 174 554 206 367 163 613 214 323 145 635 217 308 144 447 316 406 303 400 395 406 383 400 464 417 406 403 467 422 412 382 495 400 443 
435 151 442 142 446 142 451 142 434 141 432 141 429 140 464 145 432 141 441 162 433 161 493 196 407 177 554 209 366 165 613 217 322 148 635 221 307 146 447 319 406 306 398 396 405 387 399 463 416 406 403 466 423 417 382 494 401 442 
434 155 441 145 445 145 450 145 433 144 431 144 428 143 463 148 431 144 440 165 432 164 493 199 406 180 554 213 364 167 613 221 320 150 634 226 306 148 446 322 404 309 397 399 403 389 398 464 417 405 402 466 424 406 383 492 409 442 
433 157 439 147 443 147 448 147 431 147 429 146 426 146 461 151 429 146 439 167 430 166 492 202 405 182 553 217 363 169 613 225 319 152 634 230 304 150 446 325 402 313 397 399 403 393 397 464 418 418 400 466 424 417 384 487 404 445 
432 160 438 150 442 150 446 150 430 149 428 149 425 148 460 153 428 149 438 170 429 169 491 204 404 184 553 220 362 171 613 228 318 153 634 234 303 151 445 326 401 314 397 399 403 399 397 458 407 428 400 461 420 436 386 480 404 467 
430 162 437 152 440 152 444 152 429 151 426 151 424 150 458 155 426 151 436 172 427 171 489 207 403 185 552 223 361 172 612 232 317 155 633 238 303 153 445 327 401 316 397 400 404 396 398 458 408 425 400 461 421 428 382 489 402 458 
429 164 436 155 439 155 444 155 428 154 425 153 423 153 457 158 425 153 435 175 426 173 488 208 402 188 550 225 360 174 612 234 316 157 633 240 302 154 445 330 401 318 397 402 403 397 398 458 411 426 400 461 422 427 384 483 401 455 
428 166 435 157 439 157 444 158 427 156 425 155 422 155 457 161 424 155 434 177 425 175 487 211 401 189 549 227 359 175 612 237 316 158 633 242 302 155 445 331 401 319 396 402 403 396 397 458 412 426 400 462 422 426 385 482 400 452 
428 169 434 159 438 160 443 160 427 158 424 158 422 157 457 163 424 158 433 179 425 177 486 212 400 190 548 229 359 176 611 239 315 159 633 244 301 156 445 332 401 320 396 404 401 398 397 461 410 437 400 463 409 429 385 483 396 457 
427 172 433 162 437 162 442 162 426 161 423 161 421 160 456 165 423 160 433 182 424 180 486 214 400 192 547 230 358 178 611 240 315 160 632 244 301 157 444 334 401 322 396 405 401 399 397 464 410 435 400 466 413 434 380 500 394 459 
426 174 432 165 436 165 441 165 425 164 422 163 420 162 455 167 422 162 432 184 423 182 485 216 399 193 546 231 358 178 611 240 314 160 632 245 300 158 444 335 401 323 395 406 400 401 397 465 411 434 400 467 415 434 380 502 394 457 
425 176 431 167 435 167 440 167 424 166 421 165 419 164 454 169 422 164 431 186 422 184 485 217 399 195 546 233 357 180 610 241 314 161 632 245 300 158 444 337 401 325 394 407 400 404 397 464 411 435 400 467 415 436 383 492 395 457 
424 177 431 168 435 168 439 168 423 167 421 166 418 165 453 171 421 165 430 187 421 186 484 220 399 197 546 234 357 181 610 242 314 161 631 246 300 159 444 340 401 327 393 408 399 405 396 464 411 433 400 466 415 434 383 488 395 456 
423 179 430 170 434 170 438 170 422 169 420 168 418 167 453 172 421 167 429 189 420 187 484 221 398 198 545 235 357 182 609 242 314 161 630 247 300 159 443 341 401 328 393 409 399 406 396 464 407 437 399 467 412 438 383 488 393 458 
423 181 429 172 433 172 438 172 422 171 419 170 417 169 452 174 420 169 429 191 420 190 484 223 398 201 545 236 357 183 608 243 314 162 629 247 300 160 443 343 401 330 392 410 397 406 395 465 404 442 399 467 409 445 382 488 391 462 
422 183 429 173 433 173 438 173 421 172 419 171 416 171 452 176 419 171 429 193 419 191 483 224 397 202 544 238 357 184 607 244 314 164 628 248 300 161 443 344 401 332 391 411 398 409 395 464 401 452 398 467 406 456 382 487 387 482 
422 185 429 175 433 175 437 175 421 174 418 173 416 173 451 178 418 173 428 195 419 193 482 225 397 203 544 239 356 186 607 245 314 164 628 249 300 162 442 345 401 332 391 411 398 409 395 463 398 447 398 465 402 453 382 485 388 474 
421 187 428 177 432 177 437 177 420 176 418 175 415 175 450 180 418 174 427 197 418 195 481 227 396 205 543 241 356 187 606 246 314 165 627 250 298 163 442 346 400 333 391 413 398 410 395 463 399 445 398 464 404 449 384 484 389 473 
421 188 427 179 431 179 436 179 420 178 417 177 415 176 450 181 417 176 427 198 418 197 480 228 395 206 542 242 355 187 605 247 312 166 626 251 297 164 442 346 400 334 390 413 398 410 395 459 397 441 397 458 404 447 384 482 388 472 
420 190 427 180 431 180 435 180 419 179 417 179 414 178 449 183 417 177 426 200 417 198 480 230 395 207 542 243 354 189 605 248 311 167 626 252 295 165 442 347 400 335 390 414 397 411 395 458 397 441 397 457 399 449 384 482 387 469 
419 192 426 182 430 182 434 182 418 181 416 180 414 179 449 184 417 179 425 201 417 199 479 231 394 208 541 244 353 190 604 249 310 168 626 253 295 166 442 347 400 335 390 415 397 410 395 459 396 439 398 458 399 449 384 496 387 468 
419 193 425 183 430 183 434 183 418 182 416 181 413 181 448 186 416 180 425 202 416 200 479 232 394 210 540 245 353 191 604 250 310 169 626 254 295 167 442 348 400 336 390 415 396 411 395 459 396 438 398 458 400 444 384 498 387 462 
418 194 425 185 429 184 434 184 418 184 415 183 413 182 448 187 416 181 425 204 416 202 478 233 394 211 540 246 353 193 604 251 310 170 625 255 295 168 442 348 400 336 390 415 394 411 395 460 396 438 398 457 400 443 384 498 384 465 
418 195 425 186 429 186 433 185 417 185 415 184 412 183 447 188 416 183 424 205 416 203 478 234 394 212 539 247 353 194 603 251 310 172 625 255 295 169 442 349 400 337 389 415 393 411 395 458 395 434 398 457 401 437 384 497 384 463 
418 196 424 187 429 187 433 186 417 186 415 185 412 185 447 188 415 184 424 206 415 204 478 234 394 212 538 247 353 195 602 252 310 172 624 256 295 169 442 349 400 337 389 415 393 411 395 458 395 433 398 457 400 437 384 498 384 461 
417 197 424 187 428 187 433 187 417 186 415 185 412 185 447 189 415 184 424 206 415 204 478 234 394 213 538 247 353 195 602 252 310 173 624 255 296 170 442 350 401 337 389 414 393 410 395 458 395 428 398 457 400 431 384 497 384 448 
417 198 424 188 428 188 432 188 416 187 414 186 412 185 446 189 415 184 423 207 415 205 477 234 394 212 538 247 353 195 602 251 310 174 623 255 296 171 442 350 401 337 389 414 393 410 395 458 396 429 398 457 400 432 384 497 384 451 
417 197 424 187 428 187 432 187 416 186 414 185 412 185 446 189 415 184 423 206 414 204 477 234 394 212 538 247 353 195 602 251 310 174 623 255 296 172 442 350 401 336 389 414 394 410 395 458 398 429 398 457 404 431 382 497 386 451 
417 197 424 187 428 187 432 187 416 186 414 185 412 185 446 189 415 183 423 206 414 204 477 233 394 212 538 247 353 195 602 251 310 174 623 255 296 172 442 349 402 336 389 414 396 410 395 457 399 425 398 457 406 430 382 483 387 452 
417 196 423 186 428 186 432 185 416 185 414 185 412 184 446 187 415 183 423 205 414 203 477 231 394 210 538 245 353 195 602 250 310 174 623 254 296 172 443 348 402 335 391 413 397 410 394 458 399 432 398 459 411 438 381 483 389 455 
417 192 424 182 428 182 432 181 416 182 414 181 412 181 446 183 415 180 423 202 414 200 477 227 394 207 538 243 353 193 602 248 310 174 623 252 296 172 444 344 403 332 393 412 399 408 394 457 400 433 397 460 414 443 378 488 391 457 
417 187 424 178 427 177 432 177 416 178 414 177 412 177 446 178 415 176 423 196 415 195 477 222 394 203 538 239 352 191 602 243 309 173 623 247 295 171 445 340 403 328 396 409 400 406 393 458 407 441 395 461 415 446 375 490 392 458 
417 181 424 172 427 171 432 171 416 172 415 171 413 171 445 173 416 171 423 190 415 189 477 216 394 199 538 232 352 187 602 238 308 171 623 242 294 170 447 336 404 326 399 405 401 404 393 457 408 446 395 461 415 451 374 490 395 474 
417 175 423 165 427 165 431 165 417 165 415 165 413 165 445 167 416 165 423 184 415 183 477 211 394 195 539 225 351 183 603 231 308 167 624 237 294 168 448 332 406 322 400 402 404 403 393 457 415 450 395 461 421 455 373 491 401 479 
418 169 424 159 427 158 431 158 417 159 415 159 413 158 445 161 418 159 424 177 416 177 478 205 394 191 540 219 351 179 603 224 307 163 624 230 293 164 450 327 407 318 402 400 407 399 394 457 419 449 395 462 424 450 373 493 407 474 
419 162 424 153 428 152 432 152 418 153 416 153 414 153 446 154 418 153 425 171 417 171 479 200 394 186 541 213 351 175 604 218 307 159 624 224 292 160 451 322 409 314 405 397 409 396 394 457 420 441 396 463 426 443 373 493 409 472 
420 156 425 146 429 146 433 146 418 146 417 146 415 146 446 148 419 147 426 165 418 165 480 194 395 182 542 206 351 172 604 212 307 156 624 218 292 157 453 317 410 310 408 395 410 393 395 459 418 434 396 466 424 436 376 489 407 465 
422 150 427 140 431 140 435 140 420 141 418 141 416 141 448 142 420 141 429 159 420 159 481 188 396 176 543 200 351 168 604 206 307 152 624 212 292 153 454 312 411 305 411 391 409 387 396 463 418 427 397 470 424 431 374 498 406 456 
424 144 430 134 434 134 438 134 422 135 420 135 418 135 449 136 421 136 432 153 421 153 482 183 397 171 544 195 351 164 604 201 306 150 624 206 292 151 454 307 412 300 416 389 410 383 396 466 420 413 397 473 427 427 371 502 407 452 
425 139 431 129 435 128 439 128 423 129 421 129 419 129 451 131 422 130 433 148 422 147 484 178 398 166 545 190 352 161 605 196 307 147 626 200 292 148 455 303 412 296 419 385 411 380 397 465 423 415 397 472 430 420 372 502 411 447 
426 134 432 124 436 124 441 124 425 125 423 125 421 125 452 127 424 127 434 143 423 143 485 175 400 163 546 187 353 159 606 192 307 145 627 196 292 146 455 300 412 293 422 384 413 375 398 466 427 401 397 473 433 403 377 498 414 441 
427 131 433 121 437 121 441 121 426 122 424 122 423 122 453 124 425 124 435 140 424 140 486 172 402 160 547 184 355 156 607 188 307 144 628 193 293 144 455 299 413 290 423 383 416 371 398 466 430 396 397 473 436 402 376 498 415 430 
429 128 436 118 440 117 444 117 427 119 426 119 424 119 454 121 426 121 437 138 426 137 487 170 403 158 548 181 357 154 608 186 309 143 628 190 294 143 455 296 414 288 426 382 418 367 400 466 429 398 398 473 434 402 380 493 414 431 
429 126 437 116 441 115 445 115 428 117 427 117 425 117 455 120 428 119 438 136 427 135 488 168 405 156 548 180 360 153 608 185 314 142 628 188 297 142 455 293 414 286 427 380 419 368 400 465 428 398 398 472 433 405 382 491 413 436 
431 126 438 116 442 116 447 115 430 116 428 116 427 116 456 119 429 118 439 135 428 135 488 167 406 155 548 179 361 152 607 185 315 141 628 186 298 141 455 292 415 284 429 379 421 366 400 465 427 396 398 472 432 404 383 488 412 429 
434 125 441 115 445 115 449 115 432 115 430 115 428 115 458 118 430 117 442 134 430 133 489 166 407 153 548 178 361 150 605 185 314 140 626 187 298 140 455 290 415 283 430 379 422 364 401 465 427 394 398 472 432 403 385 488 413 426 
435 124 443 114 446 114 451 114 434 114 431 114 430 114 460 118 431 117 443 133 431 133 489 165 409 153 548 179 362 150 605 185 314 141 626 187 298 140 456 290 416 282 432 378 423 363 402 465 427 398 398 472 432 403 386 487 413 429 
435 122 443 112 446 112 451 112 434 112 432 112 430 112 460 117 432 115 443 131 432 130 490 165 410 152 549 181 362 150 605 187 313 141 625 189 297 141 457 288 417 280 433 377 426 363 402 465 428 394 398 471 432 401 393 487 416 424 
437 121 444 111 448 112 453 112 436 111 433 111 432 111 462 116 433 115 445 131 434 130 491 166 411 153 549 182 361 151 605 188 313 143 623 191 297 146 458 286 419 280 435 375 428 364 403 462 428 396 398 469 432 403 398 486 417 426 
439 121 446 112 450 112 455 112 437 112 435 111 433 111 463 116 434 115 447 131 435 130 492 165 413 152 548 183 362 151 602 191 313 150 619 197 297 155 460 285 421 279 437 373 431 363 404 457 426 408 398 466 424 415 398 483 418 445 
440 121 447 111 451 111 456 111 438 111 436 111 434 111 464 116 435 114 448 130 437 129 493 165 414 153 548 184 364 156 597 200 313 157 610 208 297 163 461 284 423 278 439 371 432 362 406 455 425 411 399 464 423 418 398 482 418 450 
441 120 448 111 453 111 457 111 439 111 436 111 435 111 465 115 436 114 449 129 437 128 494 164 416 153 546 188 367 162 589 211 314 168 598 219 300 176 464 283 425 277 440 370 433 358 408 454 427 409 401 463 427 414 398 482 418 438 
442 119 449 110 453 110 458 110 440 110 437 110 435 110 466 114 437 113 449 128 438 127 495 164 417 153 543 191 368 168 580 218 317 179 585 227 306 189 464 284 425 277 439 371 431 349 409 455 429 398 404 463 432 400 397 482 419 422 
442 118 449 109 453 109 458 109 440 109 438 109 436 109 466 113 438 113 450 127 439 126 496 163 417 153 543 197 370 175 573 231 321 190 574 245 312 200 465 282 424 275 441 369 432 347 414 447 433 387 414 455 437 390 399 477 422 413 
443 117 450 108 454 108 458 108 441 108 439 108 437 108 467 112 439 112 450 126 440 126 497 162 419 153 541 202 372 181 565 241 327 206 563 257 319 218 465 283 425 274 442 368 433 347 420 437 433 391 421 445 436 393 405 469 421 416 
444 116 451 107 454 107 459 107 442 107 440 107 438 107 468 111 440 111 451 125 440 125 498 162 420 153 539 208 380 186 553 252 345 217 547 270 337 226 465 282 426 273 443 366 433 345 427 429 435 383 428 437 438 389 412 464 421 406 
444 116 451 107 455 107 459 107 443 107 441 107 439 107 468 111 441 110 451 125 441 124 498 162 422 153 535 214 386 190 540 265 356 227 530 282 349 241 465 282 426 273 445 363 434 346 431 422 438 383 432 430 448 386 416 456 424 404 
444 116 451 107 455 107 459 107 443 107 442 107 440 107 469 111 442 110 452 125 441 125 499 162 422 153 528 218 392 196 528 270 365 238 517 286 362 253 466 282 427 273 448 360 435 341 434 419 442 367 436 427 449 369 420 452 427 392 
446 116 453 107 456 107 460 107 445 107 443 107 441 107 470 111 443 110 453 125 442 124 499 162 423 154 524 222 397 202 513 278 374 246 500 295 372 262 467 282 427 273 450 358 436 343 437 416 443 372 439 424 448 377 422 450 429 397 
447 116 454 107 457 107 462 107 446 107 444 107 442 107 470 111 444 110 454 125 443 125 499 162 423 154 519 226 401 205 505 283 382 250 492 298 381 267 467 282 427 273 451 360 436 344 439 417 443 372 441 426 448 382 423 451 427 404 
447 116 455 106 459 106 462 106 446 107 444 107 443 107 471 111 445 110 455 124 444 124 500 163 424 154 516 229 404 207 498 285 389 254 485 299 391 270 467 282 428 274 451 361 435 344 440 419 444 385 442 427 449 393 424 450 427 411 
448 116 455 106 459 106 463 106 447 107 445 107 443 107 472 111 445 110 455 124 444 124 500 164 424 155 512 232 408 210 493 286 395 256 478 300 399 272 469 283 428 275 453 361 435 347 441 420 444 392 443 429 451 398 425 451 427 419 
449 115 456 106 460 106 464 106 447 106 445 106 444 106 472 111 445 110 456 124 445 124 501 165 425 155 511 233 411 209 490 286 401 258 475 300 404 273 470 283 429 275 455 364 435 351 441 420 444 392 442 427 452 400 426 451 427 421 
449 116 456 106 460 106 464 106 448 106 446 106 444 106 473 111 446 110 456 124 445 124 502 165 426 155 510 233 413 210 487 286 404 259 472 301 407 274 470 283 429 275 455 365 435 351 440 421 444 392 441 428 452 401 425 452 428 421 
449 116 457 106 461 106 465 106 448 107 446 106 445 106 473 111 447 110 456 124 446 124 503 165 426 155 510 234 414 209 486 288 405 258 471 302 408 274 470 284 429 275 455 366 433 351 440 421 444 391 441 429 452 397 424 452 429 419 
450 116 458 106 461 106 465 107 449 107 447 106 445 106 474 111 447 110 457 124 446 124 505 167 427 155 510 235 415 208 486 289 406 258 471 303 408 273 470 284 430 275 455 367 431 351 441 421 444 390 442 429 452 394 424 452 429 418 
450 116 458 107 462 107 466 107 449 107 447 107 446 107 475 111 448 110 457 125 447 124 507 168 428 155 511 237 415 208 487 290 407 258 472 303 409 272 471 285 430 275 455 367 425 352 441 422 444 388 443 430 452 389 424 452 429 416 
451 116 458 107 462 107 466 107 450 107 448 107 447 107 476 112 449 110 458 125 447 125 508 168 429 155 512 238 415 208 488 292 407 258 473 303 410 272 472 286 431 276 454 367 419 352 441 421 443 388 443 429 452 384 424 451 429 416 
451 117 459 108 463 108 467 108 451 108 449 108 447 107 477 113 450 111 458 126 448 125 508 169 429 155 513 239 416 208 490 292 407 257 475 303 410 272 474 287 432 276 455 368 414 352 441 420 442 387 443 428 452 380 424 451 428 415 
451 120 459 111 463 111 467 111 451 111 449 110 448 110 477 115 451 112 458 129 448 128 509 170 430 155 514 240 416 208 492 293 407 257 475 304 409 271 475 288 432 277 455 369 412 352 440 421 441 389 442 428 449 383 424 451 425 416 
451 122 458 112 462 113 467 113 450 112 449 111 447 111 477 116 451 113 458 131 448 130 509 172 431 155 516 240 416 208 492 294 406 256 476 306 409 270 475 288 432 277 456 369 410 352 440 421 436 390 443 428 444 388 424 451 415 421 
451 124 458 114 462 114 466 115 450 114 449 113 447 113 477 118 451 115 457 132 448 131 509 173 431 156 517 241 416 208 492 296 406 255 476 307 409 269 475 290 433 278 456 370 408 351 440 421 429 391 443 427 437 392 424 451 407 424 
451 125 457 115 461 115 465 116 450 115 449 114 447 114 476 119 451 116 457 133 448 132 509 176 431 156 518 243 415 208 493 296 405 255 477 308 408 269 475 291 433 279 456 370 407 351 440 421 420 391 442 426 428 395 424 451 395 424 
451 127 457 117 461 117 465 117 450 117 449 116 447 116 476 120 451 117 456 135 448 134 509 177 431 157 519 243 415 208 493 297 405 255 477 308 408 269 475 293 433 279 456 372 406 351 440 422 412 395 442 426 419 401 423 452 386 425 
450 128 457 119 460 119 465 119 450 119 449 118 447 118 476 122 451 119 456 137 448 136 509 178 431 157 519 244 414 207 493 298 405 254 477 309 408 269 475 293 433 280 456 372 406 351 440 422 408 399 441 426 415 406 423 452 380 425 
450 129 456 120 460 120 464 119 450 119 448 119 447 118 476 122 451 119 456 138 448 137 508 178 431 157 519 243 413 206 493 297 405 254 478 308 408 268 475 293 433 280 456 372 406 351 440 422 405 399 440 426 412 406 423 452 378 425 
450 129 456 119 459 119 464 119 450 119 448 119 446 118 476 122 451 119 455 137 447 137 508 178 431 157 518 243 412 206 494 297 405 254 478 308 408 268 474 293 433 281 456 372 406 351 440 422 404 399 440 426 412 406 423 452 378 425 
450 129 456 119 459 119 463 119 449 119 447 119 446 118 476 122 450 119 455 137 447 136 508 177 431 157 517 243 411 206 493 297 404 254 477 308 408 268 474 293 432 281 456 372 406 351 440 422 406 399 440 426 413 405 423 453 379 424 
448 129 455 119 458 119 462 119 448 119 446 118 444 118 475 122 448 119 454 137 446 136 507 176 430 157 516 243 409 206 493 297 404 254 477 308 408 268 474 293 432 281 456 371 406 351 440 422 408 397 440 426 415 404 423 453 381 424 
447 128 453 119 456 119 460 119 446 119 444 118 442 118 473 121 446 119 453 136 445 136 506 174 429 157 515 242 407 205 492 296 403 254 476 308 408 268 473 292 432 280 455 370 406 351 440 422 409 397 440 426 416 404 423 453 382 424 
446 128 452 118 455 118 459 118 445 118 443 118 440 118 471 120 443 119 452 136 444 136 504 172 427 156 514 239 405 205 490 294 403 255 475 306 408 268 473 291 431 280 455 369 406 351 440 422 409 397 440 426 416 403 423 453 382 424 
445 127 450 117 453 116 457 116 443 118 440 117 438 117 469 118 440 118 451 135 443 135 502 169 424 155 512 236 403 203 490 290 401 255 475 303 407 268 472 289 430 279 456 368 407 350 441 421 410 397 441 425 417 403 424 452 382 424 
442 126 448 115 451 115 455 114 441 116 438 116 436 116 467 116 438 117 449 133 441 133 500 167 421 154 511 234 402 203 489 288 400 255 474 300 406 268 471 288 429 278 456 366 409 350 442 419 410 396 442 423 417 403 426 452 383 424 
441 124 447 113 450 113 454 112 439 114 437 114 435 114 465 115 437 115 447 131 439 132 498 165 419 154 510 231 400 203 488 285 399 255 474 297 405 268 470 286 428 277 457 364 410 350 444 416 411 396 443 421 418 403 428 451 383 424 
440 122 446 111 449 111 453 110 438 112 436 112 433 112 464 113 436 113 446 129 438 130 497 164 418 152 509 229 400 202 487 283 399 255 474 295 405 268 470 284 428 276 458 363 410 350 445 415 411 397 443 419 418 403 433 451 382 424 
439 120 444 110 448 110 452 109 437 111 434 111 432 111 463 112 434 112 445 128 437 129 496 163 417 152 508 228 399 202 486 281 399 255 473 292 405 268 470 283 428 275 459 362 411 349 446 410 411 397 444 413 418 403 437 449 383 424 
437 119 443 109 446 109 450 108 436 110 433 110 431 110 462 111 434 111 444 127 436 128 495 161 416 152 507 226 399 201 486 279 399 255 473 291 406 268 470 281 428 274 461 359 413 347 449 406 411 396 447 410 418 403 442 446 383 424 
437 117 443 108 446 107 450 107 435 109 433 109 431 109 462 110 434 111 444 126 435 126 495 160 416 151 507 225 399 201 486 279 399 255 473 290 406 268 470 280 428 273 464 356 414 346 453 402 411 396 451 405 417 403 446 443 383 424 
437 118 443 108 446 108 450 107 436 109 433 109 431 109 462 110 434 111 444 126 436 126 495 160 417 151 507 225 399 201 486 278 400 255 473 289 407 267 470 279 428 273 467 353 415 345 456 400 410 396 454 403 416 403 450 439 383 424 
438 118 443 108 447 107 451 107 436 109 434 109 432 109 462 110 435 111 444 126 436 126 495 160 417 151 507 225 400 202 486 278 401 254 473 289 408 267 471 279 429 273 469 352 416 344 460 398 410 395 459 402 416 403 453 436 383 424 
438 118 443 108 447 108 451 107 436 109 434 109 432 109 463 110 435 111 444 126 436 126 497 161 418 151 507 225 403 202 487 278 403 254 476 290 410 266 472 279 431 273 472 350 417 344 464 398 410 395 463 401 416 403 456 434 383 423 
439 118 445 108 449 108 453 107 438 109 436 109 434 109 464 110 437 111 446 126 438 126 498 161 421 152 507 225 406 202 490 278 406 254 479 290 412 266 474 279 432 273 474 349 419 343 466 397 410 394 465 400 416 403 457 432 383 422 
441 118 447 108 451 108 456 107 440 109 438 109 436 109 466 110 440 111 448 126 440 126 500 161 423 152 508 225 410 203 493 278 409 254 482 291 415 266 476 279 434 273 476 349 420 341 466 397 410 394 465 400 416 403 458 433 383 422 
444 118 451 108 455 108 459 107 443 109 441 109 440 109 469 110 443 111 452 126 442 126 503 161 426 152 509 225 413 203 496 278 411 254 484 291 417 266 480 278 437 272 477 348 422 340 466 395 410 393 464 398 416 402 458 431 382 421 
448 119 455 110 458 110 462 109 447 110 445 110 444 110 472 112 446 112 455 127 445 128 506 162 430 152 513 227 416 204 498 278 414 254 486 291 420 266 482 278 440 272 478 348 423 340 466 393 410 393 464 396 417 401 459 430 382 420 
450 122 457 113 460 113 464 112 449 113 448 113 446 112 474 115 450 114 457 130 448 130 509 164 433 153 517 229 418 204 500 278 415 254 488 291 422 266 485 278 442 272 478 348 424 339 467 393 410 392 464 396 418 401 461 429 383 419 
454 124 460 114 464 114 468 114 453 114 451 114 450 113 477 117 453 116 460 132 451 131 511 167 436 154 521 231 420 205 502 279 417 254 489 291 423 266 487 279 444 271 479 348 424 339 467 393 410 392 464 396 418 401 463 428 383 418 
456 128 463 119 466 118 470 118 455 118 454 118 452 118 480 120 456 119 463 136 454 136 512 171 438 156 524 232 422 205 504 279 418 254 491 291 424 267 488 279 446 271 480 348 425 338 468 392 412 391 464 396 419 400 464 427 385 417 
457 131 463 123 467 122 470 122 456 122 455 122 453 121 480 124 457 122 464 140 455 139 513 173 439 158 526 234 424 207 505 281 419 255 492 291 424 268 489 279 448 271 481 348 426 337 468 392 416 387 464 396 423 396 465 427 392 414 
458 136 464 127 468 127 471 127 457 127 456 126 454 126 481 128 458 126 465 145 456 144 514 176 440 161 527 236 427 210 506 283 420 258 493 292 424 271 491 280 450 272 482 348 427 336 468 392 420 386 464 396 427 393 465 427 397 412 
459 141 465 132 468 131 472 131 458 131 456 131 455 130 482 132 459 130 466 149 457 149 514 179 441 164 528 239 428 214 507 284 421 262 494 293 424 276 492 281 451 273 483 348 428 335 468 392 426 385 464 397 434 393 466 428 400 410 
459 145 465 136 469 135 472 135 458 135 456 135 455 134 482 136 459 133 466 153 457 152 515 183 441 167 529 242 429 217 509 287 422 266 495 295 425 279 494 281 454 273 484 348 429 334 468 393 428 384 464 397 436 391 466 428 402 408 
458 150 464 141 468 140 472 140 457 140 456 140 455 139 482 140 460 137 465 157 457 156 516 189 441 171 529 245 430 221 509 290 424 270 495 298 426 284 495 282 455 273 485 350 429 335 469 396 428 384 465 400 436 391 467 428 402 408 
458 155 464 147 467 147 471 146 457 147 455 146 454 145 482 146 459 143 465 163 456 162 515 192 441 176 529 248 430 225 509 293 424 275 496 302 425 289 497 283 457 273 485 351 428 334 470 397 428 385 465 401 436 392 467 428 402 408 
458 160 463 152 467 151 471 151 457 151 455 151 454 151 482 151 458 149 464 167 456 167 515 195 441 179 529 251 429 227 509 298 425 278 496 306 426 292 496 283 457 274 485 351 428 333 470 398 429 384 466 401 435 392 467 428 403 408 
457 163 463 155 467 154 471 154 457 155 455 154 453 154 481 154 458 152 464 170 456 170 515 197 441 182 529 253 429 229 509 300 425 282 496 310 426 296 496 283 457 274 486 352 426 333 471 398 428 384 468 402 434 392 467 428 402 408 
457 166 463 158 467 157 470 157 456 158 455 157 453 156 481 157 458 154 464 173 456 172 515 200 440 185 529 256 429 232 509 304 424 284 496 314 425 298 496 285 457 275 487 354 423 334 471 399 428 384 468 402 434 392 466 428 402 408 
457 169 463 161 466 160 470 160 456 160 455 159 453 159 481 159 457 156 463 175 456 175 514 201 440 186 528 258 429 234 509 306 424 285 496 316 425 299 496 288 456 278 486 357 420 335 470 399 428 384 467 402 434 392 466 430 402 408 
457 171 462 163 465 162 469 162 456 162 454 162 452 161 481 161 457 159 463 178 456 177 514 202 440 188 527 259 429 236 509 308 424 287 496 319 423 301 495 290 456 280 486 359 417 337 468 400 427 385 466 403 434 393 466 431 402 408 
457 173 462 165 465 165 469 164 456 165 454 164 452 163 481 164 456 161 463 180 456 179 514 204 440 191 527 262 429 239 508 310 423 289 495 320 421 303 494 293 456 282 485 362 416 340 467 401 427 386 464 403 434 394 465 431 401 409 
457 176 462 167 465 167 469 166 456 167 454 166 452 166 481 166 456 163 463 182 456 182 514 206 440 193 527 264 429 243 507 312 421 291 495 322 420 304 493 295 455 285 482 365 415 341 466 401 427 386 463 403 434 394 465 432 402 409 
457 178 461 170 465 169 469 169 455 169 454 169 452 168 480 169 455 166 462 185 456 185 513 209 440 196 527 266 428 245 506 313 420 293 494 322 419 307 492 297 454 287 481 366 414 342 465 401 427 387 463 403 434 394 464 432 402 409 
457 181 461 173 465 172 469 172 455 172 454 172 451 171 480 172 455 169 462 188 455 188 513 212 440 199 527 268 427 246 505 314 419 295 492 324 419 308 491 299 454 288 480 368 414 343 465 401 427 387 463 403 434 394 464 432 402 409 
457 184 461 176 465 175 468 175 455 175 454 175 451 174 480 175 455 172 462 191 455 190 512 214 440 201 527 270 426 247 503 316 419 296 491 325 419 310 491 300 453 289 479 370 414 343 465 401 427 387 462 403 434 394 464 432 402 409 
456 187 461 179 465 178 468 178 455 179 453 178 451 177 480 178 454 176 462 194 455 194 512 217 439 204 527 272 425 250 502 317 418 298 490 327 418 312 490 301 453 290 479 371 413 343 465 401 427 387 462 403 434 394 464 432 402 409 
456 190 461 182 464 181 468 181 455 181 453 181 451 180 479 181 454 178 461 197 454 196 510 220 439 206 527 275 424 252 501 319 417 300 489 328 418 314 490 302 453 291 478 371 413 343 465 401 427 387 462 403 434 394 464 432 402 409 
455 192 461 184 464 184 467 183 454 184 452 183 450 183 479 184 453 181 461 199 454 199 510 222 438 208 527 277 424 254 501 321 417 301 489 330 417 314 490 303 453 292 478 373 412 343 465 401 427 388 462 403 434 395 464 432 402 409 
455 195 460 187 464 186 467 186 454 187 452 186 450 186 479 187 453 184 460 202 453 201 509 225 438 210 527 279 422 254 500 324 416 302 488 333 417 315 490 304 453 293 478 373 411 344 465 401 427 388 462 403 434 395 464 432 402 409 
455 197 460 189 463 189 467 189 453 189 451 188 450 188 478 189 452 186 460 205 453 204 509 227 437 213 527 281 422 256 499 327 415 304 487 335 416 316 490 306 453 295 478 373 411 344 465 401 426 388 462 403 434 395 464 432 402 409 
454 199 460 191 463 191 467 191 453 191 451 190 449 189 478 192 452 188 459 207 452 206 508 230 437 214 527 284 420 257 498 329 413 306 486 337 415 318 490 306 453 296 478 373 410 345 465 402 426 388 462 403 434 395 464 432 402 409 
454 202 459 193 463 193 467 193 452 193 450 192 448 192 478 194 451 190 459 209 451 208 507 231 436 216 527 286 419 259 497 332 413 307 485 340 414 319 490 307 453 297 478 375 409 346 464 401 426 388 462 402 434 395 464 432 402 409 
453 203 459 195 463 195 467 194 452 195 450 194 448 193 478 195 451 192 459 211 451 210 507 234 436 218 527 288 417 260 497 333 412 307 485 341 413 319 489 309 452 298 478 376 409 346 464 401 425 388 461 402 434 395 464 432 402 409 
453 206 459 198 462 198 466 197 452 197 449 197 448 196 477 198 450 195 458 214 451 212 507 236 435 221 527 289 416 261 497 336 411 308 485 344 413 320 489 310 452 299 478 377 409 346 464 401 425 388 461 402 434 395 464 432 402 409 
452 208 458 200 461 199 465 199 451 199 449 198 447 198 476 200 450 196 458 215 450 214 506 237 434 222 527 290 414 263 497 337 410 310 485 345 412 321 489 311 452 301 478 378 408 347 464 401 425 389 461 402 434 395 464 432 402 409 
452 210 458 201 461 201 465 201 450 201 448 200 446 199 476 202 449 198 457 217 449 216 506 240 434 224 527 292 412 265 497 339 409 312 485 347 411 322 489 312 452 301 478 378 406 347 465 401 425 389 461 402 434 395 465 432 402 409 
451 212 457 203 461 203 465 203 450 202 448 202 446 201 476 204 449 199 457 219 449 218 505 241 433 226 527 294 411 266 497 341 408 312 485 348 411 323 489 313 452 302 478 379 405 347 465 401 424 388 461 402 434 395 465 432 402 409 
450 214 457 205 460 205 464 204 449 204 447 203 445 203 475 205 448 201 456 221 448 220 505 243 432 228 527 295 410 267 497 343 407 313 485 349 410 324 488 314 452 302 478 380 405 347 465 402 424 388 462 402 434 395 465 432 402 409 
450 215 456 206 460 206 464 206 449 205 447 205 445 204 475 207 448 202 456 222 448 221 504 244 432 229 528 297 410 267 497 345 407 314 484 350 410 325 488 314 452 302 478 380 405 347 466 402 424 388 462 402 435 395 465 432 402 409 
450 216 456 207 459 207 463 207 449 207 447 206 445 205 474 208 447 203 455 224 447 222 504 245 432 230 528 298 409 268 496 345 406 315 484 351 410 326 488 315 451 303 478 380 404 347 466 402 424 388 462 403 435 395 466 432 402 409 
449 218 456 209 459 209 463 209 448 208 446 208 444 207 474 210 447 205 455 225 447 224 504 247 431 231 528 299 409 269 496 346 406 316 484 351 410 327 488 316 451 304 478 381 404 347 466 402 424 388 462 403 435 395 466 432 402 409 
449 219 456 210 459 210 463 210 448 209 446 209 444 208 474 211 447 206 455 227 447 225 504 247 431 232 528 300 408 269 496 346 406 317 484 352 410 327 488 316 451 304 478 381 404 347 466 402 424 388 462 403 435 395 466 432 402 409 
449 220 455 211 459 211 463 211 448 210 446 210 444 209 474 212 447 207 454 227 446 226 503 248 431 233 528 301 408 270 496 347 406 317 484 352 410 328 488 316 451 304 477 381 404 347 466 402 424 388 462 403 435 395 466 432 402 409 
449 221 455 212 459 212 463 211 448 211 446 210 444 210 473 212 447 208 454 228 446 227 503 249 431 234 528 302 408 270 496 347 406 318 483 352 410 329 488 316 451 304 477 381 404 347 466 402 424 387 462 403 435 395 466 431 402 409 
449 221 455 212 458 212 462 211 448 211 446 211 444 210 473 212 446 208 454 228 446 227 503 249 431 234 529 302 408 271 496 347 406 318 483 352 410 329 488 316 451 304 478 381 404 347 466 402 424 387 463 403 435 394 466 431 402 409 
449 221 455 212 458 212 462 212 447 212 445 211 443 210 473 213 446 209 454 229 446 227 503 250 430 235 529 302 407 272 495 348 406 318 483 352 410 329 488 317 451 305 478 381 404 348 467 402 424 387 463 403 435 394 466 431 402 409 
448 221 455 213 458 212 462 212 447 212 445 211 443 211 473 213 446 209 454 229 446 227 503 250 430 235 529 303 407 272 495 348 406 319 483 352 410 330 488 317 451 305 477 381 404 348 467 401 424 387 463 403 435 394 466 431 402 409 
448 221 455 213 458 213 462 212 447 212 445 211 443 211 473 214 446 209 454 229 446 228 503 251 430 235 529 303 407 272 495 348 406 319 483 352 410 330 488 318 451 305 478 380 404 348 467 401 424 387 463 403 435 394 466 431 402 409 
448 221 455 213 458 213 462 212 447 212 445 211 443 211 473 214 446 209 454 229 445 228 503 251 430 235 529 303 407 272 495 348 406 319 483 352 410 330 488 318 451 305 478 380 404 348 467 401 424 386 463 403 435 394 466 431 402 409 
448 222 455 213 458 213 462 213 447 212 445 212 443 211 473 214 446 209 454 229 445 228 503 251 430 236 529 304 407 272 495 348 406 319 483 352 410 330 488 318 451 305 478 380 404 348 467 401 424 386 463 403 435 393 466 431 402 409 
448 222 455 214 458 214 462 214 447 213 445 212 443 212 473 215 446 210 453 230 445 228 503 251 430 236 529 304 407 272 495 348 406 319 483 352 410 330 488 318 451 305 478 379 404 348 467 401 424 386 463 403 435 393 466 431 402 409 
448 223 454 214 458 214 462 214 447 213 445 212 443 212 473 215 446 210 453 230 445 229 503 252 430 236 530 304 407 272 495 348 406 319 483 353 410 330 488 318 451 305 478 379 404 348 467 401 423 386 463 402 435 393 466 431 402 409 
448 223 454 214 458 214 462 214 447 213 445 213 443 212 473 215 446 210 453 230 445 229 503 252 430 236 530 304 406 272 495 348 406 319 483 353 410 330 488 318 451 305 478 379 404 348 467 401 423 386 463 402 435 393 466 431 402 409 
448 224 454 215 458 215 462 215 447 214 445 213 443 212 473 216 446 210 453 231 445 230 503 252 430 236 530 304 406 272 495 348 406 319 483 353 410 331 488 318 450 305 478 379 404 348 467 401 423 386 464 402 435 393 466 431 402 409 
448 224 454 215 458 215 462 215 447 214 445 213 443 212 473 216 446 210 453 231 445 230 503 252 430 236 530 304 406 272 495 349 406 319 483 353 410 331 488 318 450 305 478 379 404 348 467 401 423 385 464 402 434 392 466 431 402 409 
448 224 454 215 458 215 462 215 447 214 445 213 443 213 473 216 446 211 453 232 445 230 503 252 430 236 530 304 406 273 495 349 406 319 483 353 410 331 487 318 450 306 478 379 404 348 467 401 423 385 464 402 434 392 466 431 402 409 
448 224 454 215 458 215 462 215 447 214 445 214 443 213 473 216 446 211 453 232 445 230 503 252 430 236 530 304 406 273 495 349 406 319 483 353 410 331 487 318 450 306 478 379 404 348 467 401 423 385 464 402 434 392 466 431 402 409 
448 224 454 216 458 216 462 215 447 215 445 214 443 213 473 216 446 211 453 232 445 231 503 252 429 236 530 304 406 273 495 349 406 320 483 353 410 331 487 318 450 306 478 379 404 348 467 401 423 385 464 402 435 392 466 431 403 409 
448 225 454 216 458 216 462 216 447 215 445 214 443 214 473 217 445 212 453 233 445 231 503 252 429 237 530 304 406 273 495 349 406 320 483 353 410 331 487 318 450 306 477 379 404 348 467 401 423 385 464 402 435 392 466 431 403 409 
448 226 454 217 458 217 462 216 447 216 445 215 443 214 473 217 445 212 453 233 445 232 502 252 429 237 530 304 406 273 495 349 406 320 483 354 410 331 487 319 450 306 477 380 404 348 467 401 423 385 464 402 435 392 466 431 403 409 
448 226 454 217 458 217 462 217 447 216 445 215 443 214 473 218 445 212 453 234 445 232 502 253 429 237 530 304 406 273 495 349 406 320 483 354 410 331 487 319 450 306 477 380 404 348 467 401 423 385 464 402 435 392 466 431 403 409 
448 226 454 217 458 217 462 217 447 216 444 215 442 215 473 218 445 212 453 234 445 233 502 253 429 238 530 305 406 273 495 349 406 320 483 354 410 331 487 319 450 307 477 380 404 348 467 401 423 385 464 402 436 392 466 431 403 409 
448 227 454 217 458 217 462 217 447 217 444 216 442 215 473 218 445 213 453 235 445 233 502 253 429 238 530 305 406 274 495 349 406 320 483 354 410 331 487 319 450 307 476 381 404 348 467 401 423 385 464 402 436 392 466 431 403 409 
448 227 454 218 458 218 462 217 446 217 444 216 442 215 473 218 445 213 453 235 445 233 502 254 429 238 530 305 406 274 495 349 406 320 482 354 410 331 487 320 450 307 476 383 404 349 467 401 423 385 464 402 436 392 466 431 403 409 
448 227 454 218 458 218 462 218 446 217 444 216 442 216 473 219 445 213 453 235 444 234 502 254 429 239 530 305 406 274 495 349 406 320 482 354 410 331 487 320 450 307 476 383 404 349 467 401 423 385 464 402 435 392 466 431 403 409 
448 227 454 218 458 218 462 218 446 217 444 217 442 216 473 219 445 213 453 235 444 234 501 254 428 239 530 305 405 274 495 350 406 320 482 354 410 331 487 320 450 307 476 382 404 349 467 401 423 385 464 402 435 392 466 431 403 409 
447 228 454 219 457 219 461 219 446 218 444 217 442 216 472 219 445 213 453 236 444 234 501 254 428 239 530 305 405 274 495 350 406 320 482 354 410 332 486 320 450 307 476 382 404 349 467 401 423 385 464 402 435 392 466 431 403 409 
447 228 454 219 457 219 461 219 446 218 444 217 442 216 472 220 445 214 452 236 444 234 501 254 428 239 530 305 405 274 495 350 406 320 482 354 410 332 486 320 450 308 476 382 404 349 467 401 423 385 464 402 435 392 466 431 403 409 
447 229 453 220 457 220 461 219 446 219 444 218 442 217 472 220 444 214 452 236 444 235 501 254 428 240 530 305 405 274 495 350 406 320 482 354 410 332 486 320 450 308 476 382 404 349 467 402 423 385 464 403 435 392 466 431 403 409 
447 229 453 220 457 220 461 220 446 219 444 219 442 218 472 221 444 215 452 237 444 235 501 254 428 240 530 305 405 274 495 350 406 320 482 354 410 332 486 320 450 308 476 381 404 349 468 402 423 385 464 403 435 392 466 431 403 409 
447 230 453 221 457 220 461 220 445 220 443 219 441 218 472 221 444 215 452 238 444 236 501 255 428 240 530 305 405 274 495 350 406 320 482 354 410 332 486 320 450 308 476 381 404 349 468 402 423 385 464 403 435 392 466 431 403 409 
447 230 453 221 456 221 460 221 445 220 443 220 441 219 471 222 444 216 452 238 444 236 501 255 427 240 531 306 405 274 495 350 406 320 482 354 410 332 486 320 450 308 476 381 404 349 468 402 423 385 464 403 435 392 466 431 403 409 
446 231 452 223 456 223 460 223 445 222 443 221 441 220 471 223 444 217 452 240 443 238 500 255 427 241 531 306 405 274 495 350 406 320 482 354 410 332 486 320 450 308 476 381 404 349 468 402 423 385 464 403 435 392 466 431 403 409 
445 233 452 225 455 225 459 224 444 224 442 223 440 222 471 224 444 218 451 241 443 239 500 255 427 241 531 306 405 274 495 350 406 321 482 354 410 332 486 320 450 308 476 381 404 349 468 402 423 385 464 403 435 392 466 431 403 409 
445 236 451 228 455 227 459 227 444 227 442 227 440 226 471 225 443 222 451 244 443 242 500 256 428 241 531 306 405 274 495 350 406 321 482 354 410 332 486 320 450 308 476 381 404 349 468 402 423 385 464 404 435 392 466 431 403 409 
445 239 451 230 455 230 459 229 443 229 441 228 440 228 470 227 443 223 451 246 443 245 500 257 428 242 531 306 405 274 495 350 406 321 482 354 410 332 486 320 450 308 476 382 404 349 468 403 423 385 464 404 435 393 466 431 403 409 
446 245 451 236 454 236 458 235 443 236 441 235 439 234 470 230 441 229 452 250 443 249 500 258 428 242 531 306 405 274 495 350 406 321 482 354 410 332 486 320 450 307 476 382 404 349 468 403 423 385 464 404 435 393 466 431 403 409 
446 249 450 241 453 241 457 240 443 241 441 240 439 239 469 234 440 233 452 254 443 253 500 258 428 242 531 306 405 274 495 350 406 321 482 354 410 332 486 320 450 307 476 382 404 349 468 403 423 385 464 404 435 393 466 431 403 409 
446 253 450 245 453 244 456 243 442 245 440 244 438 243 468 237 439 236 452 256 444 255 500 258 428 243 531 306 405 274 495 350 406 321 482 354 410 332 486 320 450 307 476 382 404 349 468 403 423 386 464 404 435 393 466 431 402 409 
446 258 450 252 453 251 456 250 443 252 440 251 438 250 467 244 439 243 453 261 445 260 500 260 429 243 531 306 406 274 495 350 406 321 482 354 410 332 486 320 450 307 476 382 404 349 468 403 423 386 464 404 435 393 466 431 402 409 
446 263 450 258 453 257 456 256 443 258 441 257 438 256 465 248 439 247 453 264 445 263 500 260 431 240 531 306 406 274 495 350 406 321 482 354 410 332 486 319 451 306 476 382 404 349 468 403 423 386 465 404 435 394 466 432 402 409 
447 266 450 261 453 260 456 259 443 261 441 260 439 259 465 250 439 251 454 266 446 266 499 259 432 240 531 306 407 274 495 350 406 321 482 354 410 332 486 319 451 306 476 382 404 348 468 403 424 386 465 404 436 394 466 432 402 409 
448 266 450 263 453 262 455 261 444 263 442 262 440 261 465 252 441 252 454 266 447 265 499 259 433 239 531 306 407 273 495 350 406 321 482 354 410 332 486 319 451 306 476 380 404 347 468 402 424 387 465 404 436 394 466 431 402 409 
449 267 451 265 454 264 456 263 445 265 444 264 442 263 465 254 442 253 456 266 449 266 499 259 433 239 531 306 407 273 495 350 406 321 482 354 411 332 487 319 451 306 477 379 404 347 468 402 424 387 465 404 436 394 466 431 402 409 
450 272 452 269 454 268 456 267 446 269 444 268 442 267 465 258 443 258 456 271 449 270 499 261 433 241 531 306 407 273 495 350 406 321 482 354 411 332 487 320 452 308 478 378 404 347 468 402 424 387 464 404 436 394 466 431 402 409 
450 273 452 271 454 270 457 269 447 270 445 269 443 268 465 260 443 259 456 272 450 271 498 261 433 242 531 306 407 273 496 350 406 321 483 354 411 332 487 320 451 309 479 378 404 347 468 403 424 387 464 404 436 394 466 432 402 409 
450 275 452 273 455 272 457 271 447 272 445 271 443 270 465 262 443 260 457 273 450 273 498 262 433 244 531 306 406 273 496 350 406 321 483 354 411 332 487 320 451 309 479 378 405 347 468 403 424 387 464 404 436 394 466 432 402 409 
450 276 452 274 455 273 457 273 447 273 445 272 443 271 465 263 443 262 456 274 450 274 498 263 432 245 531 306 406 273 496 350 406 321 483 354 411 332 487 321 451 309 480 378 405 347 468 403 424 387 463 404 436 394 466 432 402 409 
448 279 450 277 452 276 454 276 445 276 443 275 441 274 464 267 441 265 455 278 448 277 498 263 431 247 532 306 406 274 496 350 406 321 483 354 411 332 487 321 451 310 480 378 405 347 468 403 424 388 463 404 436 394 466 432 402 409 
446 280 448 277 450 277 452 276 443 277 441 276 439 275 462 267 440 266 454 278 447 278 498 263 431 248 532 306 406 274 496 350 406 321 483 355 411 332 487 322 451 310 480 378 405 347 468 403 424 388 463 404 436 394 466 432 402 409 
446 280 448 277 450 277 452 276 442 277 440 276 438 275 462 267 440 266 453 278 447 278 497 264 430 248 532 307 406 274 496 351 406 321 483 355 411 332 487 323 451 311 480 378 405 347 468 402 424 388 463 404 436 394 466 431 402 409 
446 280 448 278 450 277 452 277 442 277 440 276 438 275 462 268 440 266 453 278 446 278 497 264 430 248 532 307 405 275 496 351 406 321 483 355 411 332 487 324 451 312 480 379 405 346 468 402 424 388 463 404 436 394 466 431 402 409 
445 281 447 279 450 278 452 278 442 278 440 277 438 276 462 269 439 267 453 280 446 279 497 264 429 248 532 307 405 275 496 351 406 321 483 355 411 332 487 324 451 312 480 381 405 346 468 402 424 388 463 403 436 394 466 431 402 409 
445 282 447 280 449 279 452 278 441 279 439 278 437 278 461 269 439 268 452 280 446 280 497 265 428 248 532 307 405 276 496 351 406 321 483 355 411 332 487 324 451 312 480 380 405 346 468 402 424 388 463 403 436 394 466 431 402 409 
445 282 447 280 449 279 451 279 441 279 439 279 438 280 461 270 439 268 452 280 445 280 496 265 428 248 533 308 405 276 496 351 406 321 483 355 411 332 487 324 450 312 480 379 405 347 468 402 424 388 463 403 436 394 465 431 402 409 
445 283 447 280 449 280 452 279 441 280 439 279 438 279 461 270 439 268 452 281 445 281 496 265 428 249 533 308 405 276 496 351 406 321 483 355 411 332 487 324 450 313 480 378 405 347 468 402 424 388 463 403 436 394 465 431 402 409 
445 283 446 281 449 280 451 279 441 280 439 279 438 278 460 271 439 268 452 281 445 281 495 265 428 249 533 308 405 276 496 351 406 321 483 355 411 332 487 324 450 313 480 376 405 347 468 402 424 388 463 403 436 394 465 431 402 409 
444 284 446 282 448 281 451 281 441 281 439 280 438 282 460 272 439 269 451 282 445 282 495 266 428 249 533 308 404 276 496 351 406 321 483 355 411 332 487 324 450 313 480 376 405 347 468 401 424 388 463 402 436 394 465 431 402 409 
444 284 446 282 449 281 451 281 441 281 439 280 438 281 460 272 439 269 451 282 445 282 495 266 427 249 533 308 404 276 496 351 406 321 483 355 411 332 487 324 450 313 480 376 405 347 468 401 424 388 463 402 436 394 465 430 402 409 
445 284 446 282 449 281 451 280 441 281 439 280 438 280 460 272 439 269 451 282 445 282 495 266 427 249 533 308 404 277 496 351 406 321 483 355 411 332 487 324 450 314 480 376 405 347 468 401 424 388 463 402 436 394 465 430 402 409 
445 284 446 282 449 282 451 281 441 282 439 281 438 280 460 272 438 270 451 283 445 282 495 266 426 250 533 308 404 277 496 351 406 321 483 355 411 332 487 324 450 314 480 376 405 347 468 401 424 388 463 402 436 394 465 430 402 409 
445 285 446 283 449 282 451 281 441 282 439 281 438 280 460 272 438 270 451 283 445 283 495 266 426 250 533 308 403 277 496 351 406 321 483 355 411 332 487 324 450 314 480 375 405 347 468 401 424 388 463 402 436 394 465 430 402 409 
444 284 446 282 449 282 451 281 441 282 439 281 437 280 460 272 438 270 451 283 445 282 495 266 426 250 533 309 403 277 495 351 406 321 482 355 411 332 487 324 450 314 480 375 405 347 468 401 424 388 463 402 436 394 465 430 402 409 
444 284 446 282 449 281 451 281 441 282 439 281 437 280 460 272 438 270 451 282 445 282 495 266 426 250 532 309 403 277 495 351 406 321 482 355 411 333 487 324 450 314 480 376 405 347 468 401 424 388 463 402 436 394 465 430 402 409 
445 284 447 282 449 281 452 281 441 281 439 281 437 280 460 272 438 270 451 282 445 282 495 266 426 250 532 309 403 277 495 351 406 322 482 355 411 333 487 324 450 314 480 376 405 347 468 401 424 388 463 402 436 394 465 430 402 409 
445 284 447 281 450 281 452 280 441 281 439 280 438 279 461 271 438 269 451 281 445 281 495 266 428 250 532 309 403 277 495 351 406 322 482 356 411 333 487 324 451 314 480 378 405 347 468 401 425 388 464 402 436 394 465 430 402 409 
446 283 448 280 451 279 453 278 443 280 441 279 439 278 462 269 439 268 452 281 445 280 495 266 427 251 532 309 403 277 495 352 406 322 482 356 411 333 487 324 451 314 480 378 405 347 468 401 425 388 464 402 436 394 465 430 402 409 
447 281 450 278 452 277 455 276 444 278 442 277 440 275 463 267 440 265 453 279 446 279 495 266 427 250 532 309 403 277 495 352 405 321 482 356 410 333 487 323 451 312 480 376 405 347 468 401 425 388 463 402 436 394 466 430 401 409 
446 280 448 276 450 276 452 275 443 276 441 275 439 274 460 265 440 263 452 278 446 278 495 266 428 247 532 309 403 275 495 352 405 321 482 356 410 333 487 322 451 310 480 376 405 347 468 401 425 388 463 402 436 394 466 430 401 409 
443 278 445 273 447 273 449 272 440 273 438 272 436 271 457 262 436 261 449 277 443 277 495 266 429 244 531 308 403 275 495 352 405 321 482 357 410 333 487 321 451 309 480 376 405 347 468 401 425 388 463 402 435 394 466 430 401 409 
440 275 443 270 445 269 448 268 437 270 435 268 433 267 456 260 434 258 447 276 440 275 495 265 429 243 530 307 403 275 495 352 405 321 482 357 410 333 487 319 451 307 480 376 406 347 468 401 425 388 464 403 435 394 466 430 401 409 
440 268 443 261 446 260 448 259 437 261 435 261 433 260 457 252 433 252 447 270 439 270 495 264 427 243 530 307 403 275 495 352 405 321 483 356 410 333 487 318 451 306 480 376 406 347 468 401 425 388 464 403 435 394 466 430 401 409 
439 260 442 253 445 252 448 251 436 253 434 253 432 252 457 246 432 245 446 264 438 264 495 262 426 243 529 305 403 275 496 351 405 321 483 356 410 333 487 316 451 305 481 373 406 347 468 401 425 387 463 403 435 394 466 430 401 409 
439 253 442 245 445 245 448 244 435 245 433 245 431 244 458 240 432 239 446 258 437 258 496 259 425 243 528 304 403 275 496 351 405 321 483 356 410 334 487 314 451 303 481 373 406 346 468 402 425 387 463 404 435 394 466 430 401 409 
439 244 442 236 445 236 448 235 435 236 433 235 431 235 460 231 432 231 446 250 437 250 496 255 425 241 527 302 403 274 496 350 405 321 483 356 409 334 487 313 451 303 481 373 407 346 468 402 425 387 463 404 434 394 466 430 401 409 
438 237 442 229 445 228 448 228 435 229 433 229 431 228 461 225 433 224 446 244 437 243 497 252 425 239 526 301 403 273 496 349 405 321 483 356 409 333 487 310 451 301 482 373 407 346 468 402 425 386 463 404 434 393 466 430 401 409 
439 230 442 222 445 221 449 220 435 222 433 222 431 221 462 218 434 218 446 237 438 236 499 249 425 237 524 299 404 273 496 348 406 321 484 355 410 333 488 309 451 300 482 372 407 346 468 402 425 386 463 404 434 393 466 430 401 409 
439 226 442 217 446 216 449 216 436 217 434 217 432 216 463 214 436 212 446 232 438 232 499 245 425 235 523 297 404 273 496 346 406 320 484 354 410 332 489 307 451 299 482 371 408 345 468 402 425 386 463 404 433 393 466 430 401 409 
439 220 443 212 446 212 450 211 436 211 434 210 432 209 463 210 437 206 446 227 438 226 500 242 425 232 521 295 404 272 497 344 406 319 485 352 410 331 489 304 451 297 485 368 409 345 468 402 425 386 463 404 433 393 466 431 401 409 
439 214 443 205 447 204 451 204 437 204 435 203 433 202 464 203 438 200 446 221 438 220 500 237 425 229 520 292 406 271 498 342 407 318 486 350 411 330 489 302 451 295 486 366 410 344 468 402 425 386 463 404 433 394 466 431 401 409 
440 207 445 197 449 197 453 196 438 197 436 196 434 196 465 196 439 194 447 215 439 214 501 233 425 225 518 289 407 269 498 340 408 317 486 348 412 328 489 300 451 294 487 364 411 344 469 401 425 387 463 404 433 394 467 431 401 409 
441 200 446 192 449 191 453 191 439 191 437 191 435 190 465 190 440 189 447 208 440 208 502 228 425 221 516 286 409 267 498 336 410 315 487 346 413 327 490 297 452 292 488 362 412 344 469 401 425 388 463 404 433 395 467 430 402 409 
442 194 447 185 451 185 455 185 440 185 439 184 437 183 466 185 441 182 448 201 441 201 502 223 426 216 515 281 412 263 499 333 411 312 487 344 414 325 490 294 452 289 489 359 414 344 469 401 426 388 463 404 434 395 467 430 401 410 
444 188 449 179 453 178 456 178 442 178 441 177 439 177 467 179 443 176 450 195 442 195 503 218 428 210 514 277 415 258 499 330 412 310 488 341 414 323 490 292 452 286 489 357 415 344 469 401 426 389 463 404 434 395 467 430 401 410 
446 180 452 171 455 171 459 170 444 171 442 170 441 169 469 172 444 169 452 187 444 188 503 213 429 205 513 273 417 256 499 326 414 308 488 339 416 322 491 289 452 284 489 355 416 343 469 400 426 389 464 403 434 395 467 430 401 410 
448 174 454 165 458 165 461 165 446 165 444 165 442 164 471 166 446 164 455 181 446 182 504 208 430 199 512 269 419 253 499 323 415 306 488 337 416 320 491 286 452 281 489 354 417 343 469 400 426 389 463 403 434 395 468 429 402 410 
450 167 456 158 459 158 463 157 448 158 446 158 444 157 472 159 447 158 457 174 447 175 505 203 431 194 511 265 421 248 499 320 416 303 488 333 418 316 491 285 452 279 489 354 419 343 468 400 426 389 463 403 434 395 468 429 402 410 
450 160 457 152 460 152 463 151 449 152 447 152 446 151 474 154 449 152 457 168 448 169 506 200 432 189 511 262 422 245 499 317 417 299 488 330 419 313 490 283 452 277 489 353 419 342 468 400 426 389 463 403 435 395 467 429 402 410 
452 155 458 147 461 146 465 146 450 147 449 146 447 146 475 148 450 147 458 163 449 164 508 196 433 185 510 259 423 241 499 313 418 297 489 327 419 310 490 281 452 275 489 351 421 340 468 399 428 389 463 403 435 395 467 429 403 410 
454 150 460 142 463 142 467 141 452 142 450 142 449 142 477 143 451 143 461 158 452 159 509 191 434 180 510 254 424 236 499 309 419 292 489 324 420 306 490 279 452 273 488 350 423 338 467 400 429 389 463 403 435 395 466 430 403 410 
456 146 462 137 465 137 469 136 454 138 452 137 450 137 479 139 453 139 463 153 453 154 510 187 435 175 510 250 424 232 498 306 420 288 489 321 421 302 490 278 452 272 488 348 424 337 467 399 429 389 464 403 435 395 465 430 404 410 
457 141 463 132 467 132 471 132 455 133 453 133 452 133 480 134 454 134 464 149 455 150 510 183 436 171 511 247 425 228 499 303 421 284 490 318 421 299 489 277 452 270 486 348 426 335 467 399 429 388 464 403 435 395 465 430 403 410 
458 136 465 127 469 127 473 127 457 128 455 128 453 127 481 130 455 129 465 145 456 145 511 180 437 168 511 245 425 225 499 301 421 281 491 316 422 297 489 276 451 269 486 347 427 335 467 399 429 388 464 403 435 395 465 430 403 410 
460 133 466 124 470 123 474 123 458 124 456 124 454 124 482 126 456 126 467 141 457 141 512 177 438 164 511 241 426 222 499 298 422 278 491 312 423 293 490 276 451 269 485 346 430 335 468 399 430 388 465 403 435 395 465 430 403 410 
461 129 467 120 471 120 475 120 459 120 457 120 455 120 484 123 457 122 468 137 458 138 513 174 439 161 512 238 426 220 500 294 422 275 492 309 424 291 490 276 451 269 484 346 432 335 469 399 430 388 466 403 435 395 465 430 404 410 
461 126 468 117 472 116 476 116 460 117 458 117 456 117 484 120 458 119 468 134 459 134 514 171 440 158 512 234 426 217 501 290 423 271 493 305 424 287 490 275 451 268 484 345 433 335 469 399 430 388 466 403 435 395 465 430 404 410 
462 123 469 114 472 114 476 114 460 114 459 114 457 114 485 117 459 116 469 132 460 132 514 168 440 157 514 231 426 215 503 288 423 268 494 304 424 284 490 275 451 268 483 346 435 335 469 399 431 387 466 403 435 395 465 430 404 410 
462 121 469 112 473 112 477 112 461 112 459 112 457 112 485 115 459 114 470 130 460 130 515 166 440 155 515 229 427 214 504 286 423 267 495 302 424 283 490 274 450 267 482 346 436 335 470 399 431 387 466 403 436 395 465 430 404 409 
463 119 469 110 473 110 477 110 461 110 459 110 457 110 486 113 460 112 470 128 460 127 515 165 441 153 515 228 427 212 505 285 423 266 495 301 424 282 490 273 450 267 482 345 438 334 470 398 431 387 466 403 436 395 466 430 404 409 
463 117 469 108 473 108 477 108 462 108 460 108 458 108 486 111 460 111 470 126 461 126 515 164 441 152 516 227 427 211 506 284 423 265 496 299 424 281 490 273 450 266 481 344 439 334 470 398 431 387 466 402 437 395 467 430 405 409 
463 116 470 106 473 106 477 106 462 107 460 107 458 107 486 110 461 110 471 124 461 124 516 163 441 152 516 226 427 211 506 283 423 264 496 299 424 280 489 273 450 266 481 344 439 334 470 398 432 386 466 402 438 395 467 430 405 409 
464 115 470 105 474 105 478 105 462 106 461 106 458 106 487 109 461 109 471 123 462 123 516 162 442 151 516 225 428 210 506 283 423 263 496 298 425 280 489 273 449 266 480 344 439 334 470 398 432 386 466 402 438 394 467 430 405 409 
464 113 470 104 474 104 478 104 463 105 461 105 459 105 487 108 461 108 471 122 462 122 516 161 442 150 517 225 428 210 507 283 423 263 497 298 425 279 489 274 449 267 480 343 439 334 470 397 432 386 466 402 439 394 468 430 405 409 
464 113 470 103 474 103 478 103 463 104 461 104 459 104 487 107 461 107 471 121 462 121 516 161 442 150 517 224 428 210 507 282 423 263 497 297 425 279 489 274 448 267 480 343 439 334 470 397 433 386 466 402 440 394 468 431 405 409 
464 113 470 104 474 103 478 103 463 104 461 104 459 104 487 107 461 107 471 121 462 121 516 160 442 150 517 223 428 210 507 281 423 262 497 296 425 278 488 273 448 267 480 342 439 334 470 397 434 386 466 402 441 394 468 431 405 409 
464 112 470 103 474 103 478 103 463 104 461 104 459 104 487 107 461 107 471 121 462 121 516 160 442 150 517 222 428 209 507 280 423 262 497 295 425 279 488 273 448 267 480 342 440 333 470 397 434 386 466 402 441 394 468 431 405 409 
464 112 470 103 474 103 478 103 463 104 461 104 459 104 487 107 461 107 471 121 462 121 516 159 442 150 517 222 429 209 507 279 423 262 497 295 425 279 488 273 448 267 480 341 440 333 469 396 435 386 466 402 442 394 468 430 405 409 
464 112 470 103 473 103 477 103 462 103 460 103 458 104 487 106 460 107 471 121 462 121 516 159 442 151 517 220 429 209 507 278 423 262 497 294 425 279 488 272 448 266 480 340 440 333 469 396 436 386 466 401 442 394 468 430 405 409 
464 112 469 103 472 103 476 103 462 103 459 103 457 104 486 106 459 107 470 121 461 121 515 158 441 151 517 220 429 210 507 277 423 262 497 293 425 280 489 272 448 266 480 340 441 333 469 396 436 386 466 401 443 395 468 430 405 409 
462 111 467 103 470 102 474 102 459 103 457 103 455 104 484 106 456 107 469 120 460 121 513 157 441 151 517 218 429 210 507 276 423 262 497 292 425 280 489 272 448 267 480 340 441 333 469 395 436 386 466 401 443 395 468 430 405 409 
460 111 464 102 468 102 471 102 457 103 454 104 452 104 481 105 453 107 467 120 458 121 511 156 440 152 517 217 429 211 507 275 423 264 497 291 425 282 489 272 449 268 480 340 442 333 469 395 436 386 466 401 443 395 468 430 405 409 
457 111 461 102 464 102 468 101 453 103 451 104 449 104 477 104 450 108 464 120 455 121 509 155 438 153 517 216 430 214 507 275 424 266 498 290 425 284 489 272 449 268 481 340 442 334 469 395 436 386 466 401 443 395 468 430 405 409 
454 111 458 102 461 101 464 101 450 104 448 104 445 104 473 104 446 108 461 119 453 121 508 153 437 155 517 215 431 216 508 273 424 268 499 289 425 285 490 272 450 269 481 340 442 335 469 395 436 387 466 401 443 395 468 430 405 409 
449 112 452 102 455 102 458 101 445 104 443 105 440 106 468 104 443 109 457 120 448 121 506 152 436 158 517 215 432 219 508 272 424 270 499 288 425 286 491 272 452 269 482 340 443 335 470 396 436 386 466 401 443 395 468 430 405 409 
445 112 448 103 451 102 454 101 440 106 438 107 436 108 464 104 439 111 453 120 445 122 505 151 434 161 518 214 433 222 509 271 425 273 500 287 426 288 492 272 453 270 482 341 443 335 470 396 436 386 467 401 443 395 469 430 405 409 
439 113 442 105 445 103 448 102 435 108 433 109 431 110 458 104 434 113 448 120 440 123 503 150 434 164 518 213 433 224 510 269 426 275 502 286 426 290 492 272 453 271 483 341 443 336 471 396 436 386 468 401 443 395 469 430 404 409 
435 116 438 106 441 105 444 103 431 110 429 112 427 113 453 104 430 116 445 122 436 125 500 149 433 166 519 211 433 226 512 267 427 277 504 284 426 292 493 272 454 272 483 341 443 336 472 396 436 386 468 401 443 395 469 430 404 409 
432 118 434 109 437 107 440 105 427 113 425 114 423 116 449 105 427 118 441 124 433 128 497 148 432 168 519 209 434 227 513 265 428 278 506 282 427 294 493 272 454 272 483 341 443 336 472 396 436 386 469 401 443 395 468 430 403 409 
428 121 431 111 434 110 437 108 423 116 421 117 420 118 446 107 424 121 439 126 430 130 495 148 432 171 519 206 435 229 514 263 429 279 507 281 427 295 493 272 455 272 484 340 443 335 472 396 436 386 469 401 443 395 468 430 403 409 
424 124 426 114 429 112 432 110 420 119 418 120 417 121 440 109 420 124 435 128 426 133 492 147 431 173 519 204 436 231 514 262 429 280 508 280 428 296 494 271 456 272 484 340 443 335 472 396 436 386 469 401 443 395 468 430 402 409 
422 128 424 118 426 116 429 114 417 123 416 124 414 125 437 113 418 127 433 132 425 136 490 147 430 176 519 203 437 233 515 261 430 282 509 279 428 299 495 272 457 273 485 340 443 335 472 396 436 386 469 401 443 395 468 429 402 409 
419 131 421 122 423 120 426 118 414 127 413 128 412 129 434 116 416 130 431 135 423 140 488 147 430 178 519 202 438 235 515 260 431 283 510 277 428 301 495 272 458 274 486 340 443 335 472 396 436 386 469 401 443 395 468 429 403 409 
415 134 416 124 418 122 421 120 410 129 409 131 408 132 430 118 413 132 426 138 419 143 485 146 429 180 519 201 439 237 516 259 432 284 510 276 429 302 496 272 458 275 487 340 443 335 472 396 436 386 468 401 443 395 468 429 402 409 
413 137 413 128 416 125 418 123 408 132 407 133 407 134 427 121 412 135 424 140 417 146 484 146 429 182 519 200 440 239 516 257 433 286 511 274 429 304 496 272 460 275 488 341 443 335 472 396 436 386 469 401 443 395 468 429 402 409 
411 140 411 130 414 128 416 126 406 135 406 136 405 137 425 123 410 138 422 143 416 149 482 146 429 184 519 200 440 242 516 256 434 288 511 273 429 305 497 272 461 275 489 341 443 335 471 396 436 386 468 401 443 394 468 429 402 409 
409 142 409 133 412 131 414 129 405 138 404 139 403 140 423 126 409 141 421 145 415 151 480 147 428 186 518 199 441 243 516 256 434 290 511 273 430 306 497 273 462 276 490 342 444 335 471 396 436 386 468 401 443 393 468 429 402 408 
407 144 407 136 409 133 412 131 403 140 402 142 401 143 421 128 407 143 419 147 413 153 478 147 428 187 517 198 442 244 516 254 435 291 511 272 430 308 498 273 463 276 491 342 444 335 471 396 436 386 469 401 443 392 468 429 403 408 
406 147 406 138 408 136 410 134 402 143 401 145 400 146 419 130 406 146 417 149 412 156 477 147 427 189 516 196 443 245 516 253 436 292 511 270 431 308 499 272 464 276 492 342 445 335 472 396 436 386 469 401 442 392 468 428 402 408 
405 149 404 140 406 138 408 135 400 145 399 147 398 148 417 132 405 148 415 151 411 157 475 147 427 190 515 196 443 245 516 251 437 292 511 269 432 308 500 271 465 276 492 342 445 335 472 396 436 386 470 401 442 392 468 428 402 408 
403 151 402 142 404 140 406 138 398 147 398 149 397 150 415 134 403 150 414 152 409 159 473 147 427 191 514 195 444 246 516 250 438 292 511 269 433 309 501 268 466 274 493 339 446 334 474 395 436 386 470 401 442 392 468 428 402 407 
402 153 401 144 402 142 404 140 397 149 397 151 396 152 413 136 402 152 412 154 408 161 472 147 426 192 514 195 445 246 516 250 439 292 511 269 434 309 502 266 468 273 493 338 447 331 475 395 436 385 471 401 442 392 468 428 402 408 
401 154 400 146 402 143 404 141 397 151 396 152 395 153 412 137 402 153 412 155 408 162 471 148 426 193 513 195 446 247 516 251 439 293 511 269 434 309 503 267 469 273 493 338 447 331 475 394 435 385 471 400 441 392 467 428 402 408 
400 156 399 147 401 145 403 143 396 152 395 154 395 155 411 139 401 154 411 156 407 163 471 148 426 193 513 195 446 247 516 251 440 293 511 269 434 310 504 267 469 273 493 338 447 331 475 394 435 385 471 400 440 392 467 428 401 408 
400 157 398 149 400 146 402 144 395 154 395 155 394 156 410 140 400 156 410 158 406 165 469 149 426 194 512 194 447 249 516 251 440 294 511 270 434 311 504 267 470 273 493 338 448 331 475 394 435 385 471 401 439 392 467 428 401 408 
399 158 398 150 399 148 401 145 395 155 394 156 394 157 409 142 400 156 410 159 406 166 468 149 426 196 512 194 447 250 516 251 441 295 511 270 434 312 505 266 471 273 493 338 448 329 475 394 434 385 471 401 439 392 467 428 402 407 
399 159 397 151 399 149 400 146 394 156 394 157 393 158 409 142 399 157 409 160 405 167 468 150 426 196 511 194 448 250 516 251 441 295 511 270 434 312 505 266 471 272 494 338 448 329 475 394 434 384 471 401 439 391 467 428 402 407 
398 160 396 152 398 150 400 147 393 157 393 158 393 159 408 143 399 159 408 161 405 168 467 150 426 197 511 194 448 250 516 251 441 295 511 270 435 312 505 266 472 272 494 338 448 329 474 394 434 384 471 401 439 391 466 429 402 407 
398 162 396 154 398 151 399 149 393 159 393 160 393 161 407 145 399 160 408 162 405 169 467 151 426 198 511 194 448 251 516 251 442 296 511 270 435 312 506 265 472 271 494 338 448 328 474 395 434 385 471 402 439 392 466 429 402 407 
398 163 396 155 397 152 399 150 393 159 393 161 392 162 407 146 399 161 408 163 405 170 467 151 426 198 510 194 449 251 516 251 442 296 511 270 435 312 506 264 473 271 495 337 448 328 474 395 434 385 471 402 439 392 466 429 402 406 
397 164 395 156 397 154 398 151 393 160 393 162 392 163 406 147 399 161 408 164 405 171 466 151 426 198 510 193 449 251 516 251 442 296 511 270 436 312 506 263 473 270 495 337 448 328 474 395 434 385 471 402 440 392 466 429 402 406 
397 165 395 157 396 154 398 152 393 161 392 162 392 164 406 147 399 162 408 165 405 171 465 151 427 199 510 193 449 251 516 251 442 296 512 270 436 312 507 263 474 270 495 338 447 328 475 395 434 385 471 402 440 392 466 430 402 406 
397 165 395 157 396 155 398 152 392 161 392 163 392 164 406 147 399 162 407 166 405 172 465 152 427 199 510 193 450 251 516 251 443 296 512 270 436 311 507 264 475 270 496 338 447 328 475 396 434 385 471 403 440 392 466 430 402 406 
397 165 395 157 396 155 398 153 392 162 392 163 392 164 406 148 399 162 407 166 405 172 465 152 427 199 510 193 450 251 516 251 443 296 512 270 436 311 507 264 475 270 496 337 447 328 475 396 434 385 472 403 441 392 466 430 402 406 
397 165 395 157 397 155 398 153 393 162 392 163 392 164 407 148 399 162 408 166 405 172 465 152 427 199 510 193 451 251 516 251 443 296 512 271 436 311 507 264 475 270 497 337 447 328 475 396 434 385 472 403 441 392 466 430 403 405 
397 166 395 157 397 155 398 153 393 162 392 163 392 165 407 148 399 163 408 166 405 172 465 153 427 199 510 193 451 251 516 251 443 295 512 271 437 311 508 264 475 270 497 337 447 328 475 396 434 385 472 403 440 392 466 430 403 405 
397 166 395 157 397 155 398 153 393 162 392 163 392 164 407 148 399 163 408 166 405 173 465 153 428 199 510 194 451 251 516 251 443 295 512 271 437 311 508 264 476 270 497 337 447 328 476 396 434 385 472 403 440 393 466 430 402 405 
398 166 396 157 397 155 398 153 393 162 392 163 392 164 407 148 399 163 408 166 405 173 465 153 428 199 510 194 452 251 516 251 443 295 512 271 437 311 508 264 476 270 497 337 448 327 476 396 434 385 472 403 440 393 466 429 402 405 
398 165 396 157 397 155 399 153 393 162 393 163 392 164 407 148 399 163 409 166 405 173 465 153 429 199 510 194 452 251 516 251 443 295 512 271 437 311 508 263 476 269 498 336 448 326 476 396 434 385 472 403 440 393 466 429 401 405 
398 165 397 157 398 155 399 153 394 162 393 163 392 164 407 148 399 162 409 166 405 172 466 153 429 199 510 194 452 251 516 251 443 295 512 271 437 311 508 263 476 269 498 336 448 326 476 396 433 385 472 403 440 393 466 429 401 405 
399 164 398 156 399 154 401 151 395 161 394 162 393 163 408 146 400 162 410 165 406 171 466 153 430 198 510 194 451 251 516 252 443 295 512 271 437 311 508 263 476 269 498 336 448 325 476 396 433 385 472 403 440 393 466 430 401 405 
401 162 399 154 401 151 402 149 396 159 395 160 394 161 410 144 401 159 411 163 408 168 467 152 431 197 512 194 451 250 517 252 443 295 512 271 437 311 508 263 476 269 497 336 448 326 476 396 433 385 472 403 440 393 466 430 401 405 
403 160 401 151 403 149 404 147 398 156 397 158 396 159 413 141 403 157 413 160 409 166 469 152 431 195 513 194 451 249 517 252 442 295 512 271 437 311 507 264 475 269 497 337 448 326 476 396 433 385 472 404 440 393 466 430 401 405 
405 156 403 148 405 146 406 144 399 153 398 154 398 155 415 138 404 154 415 158 411 162 472 151 431 193 514 195 450 247 517 253 442 294 512 271 437 310 506 264 475 269 497 338 447 326 475 396 433 385 471 404 440 393 466 430 401 405 
408 153 406 144 408 142 410 140 402 149 401 150 400 151 420 134 407 151 418 154 414 159 476 151 432 190 516 196 449 246 518 254 441 294 512 272 437 310 506 265 473 269 496 339 447 328 475 396 434 385 471 403 440 393 466 430 401 406 
411 150 409 141 411 139 413 136 406 145 405 147 404 148 424 131 410 147 421 151 417 156 479 150 433 188 517 197 449 244 518 254 440 292 512 272 437 308 505 265 472 269 495 339 447 329 475 397 434 385 471 403 440 393 466 430 401 406 
414 146 413 138 415 136 417 133 409 142 408 143 407 144 428 128 413 143 424 148 420 153 484 149 434 185 519 199 448 241 518 255 440 290 512 273 436 306 505 266 472 269 494 339 447 329 475 397 434 385 471 403 440 393 465 430 402 406 
418 143 417 134 419 132 421 130 413 138 411 139 410 140 433 124 417 140 428 145 423 149 487 149 435 181 520 200 447 238 519 257 439 286 512 274 435 303 504 266 471 268 492 340 446 329 475 397 434 385 471 403 440 393 465 430 402 406 
422 140 421 131 423 129 426 126 417 134 416 135 415 136 438 122 422 135 431 143 426 146 491 148 435 178 522 201 446 236 519 258 438 284 512 275 434 300 503 266 469 268 491 340 446 328 473 397 434 386 471 403 440 393 465 430 402 407 
426 136 427 126 429 125 431 122 422 130 421 131 419 132 443 119 426 131 436 140 430 143 495 148 437 176 524 203 446 232 519 260 437 282 512 277 433 298 502 266 468 267 489 341 446 328 472 397 434 386 470 403 441 393 465 430 402 407 
431 133 432 123 434 121 437 119 427 126 425 127 424 128 449 116 430 128 441 137 434 140 499 148 438 174 526 205 445 230 519 261 436 280 511 278 433 296 501 266 466 267 487 341 446 330 471 397 434 386 468 403 441 393 465 431 401 407 
436 130 437 120 440 119 443 117 432 123 431 124 429 125 455 114 434 126 445 134 439 138 503 148 440 171 527 206 445 228 519 263 435 277 511 280 432 294 500 266 465 267 486 341 448 330 471 397 436 386 468 403 441 393 465 431 402 407 
440 128 442 118 444 117 447 115 436 121 435 122 433 123 460 113 438 124 449 133 442 136 506 149 441 169 528 208 445 226 519 264 435 275 511 281 433 291 500 267 464 267 486 341 448 330 471 397 436 386 468 403 442 394 465 430 402 407 
445 126 447 117 450 115 453 114 441 120 440 120 438 121 465 112 443 122 453 132 447 135 509 149 442 166 529 209 445 224 519 265 435 273 510 281 432 289 499 267 462 267 486 341 448 331 471 397 436 386 468 402 442 394 465 430 401 407 
450 125 452 116 455 115 458 113 446 118 445 119 443 119 470 112 448 120 458 131 451 133 512 150 444 164 529 211 445 222 519 267 434 271 510 283 432 286 499 268 462 267 486 341 448 332 471 397 436 386 468 402 443 394 465 430 402 407 
454 125 456 115 459 114 463 113 451 117 449 117 448 118 475 112 452 118 461 130 454 132 515 152 446 162 530 214 445 220 519 269 434 270 509 285 432 285 499 269 461 266 486 341 447 332 470 397 436 386 468 402 443 394 464 429 402 407 
458 124 461 114 464 113 468 112 455 116 453 116 452 117 479 112 456 117 465 130 457 132 517 154 447 160 530 215 444 219 519 271 433 268 509 287 431 284 498 269 461 266 486 341 447 332 469 397 436 386 467 402 443 394 464 429 402 408 
461 124 465 114 468 114 473 113 459 116 457 116 456 116 483 113 459 117 468 130 461 132 520 155 449 158 530 217 444 217 519 274 432 267 509 290 431 282 498 270 460 266 485 341 446 332 469 397 436 386 466 402 442 395 464 429 403 408 
465 124 469 115 472 114 476 113 462 116 460 116 459 116 487 113 462 117 471 130 463 132 522 157 451 157 530 219 444 215 519 275 431 266 508 291 430 282 497 271 459 266 485 341 446 332 468 396 436 386 466 401 442 395 464 429 403 409 
468 124 472 115 475 114 479 113 465 116 463 116 461 116 490 113 464 117 474 131 466 132 524 158 452 156 531 222 443 214 519 276 430 265 508 292 429 281 497 271 459 266 484 341 445 333 468 396 435 387 466 401 440 396 464 429 403 409 
470 124 475 115 478 114 482 114 468 116 466 116 464 116 492 114 467 117 477 131 468 132 525 159 453 155 531 222 443 213 518 277 430 264 508 293 428 280 497 272 458 266 484 341 444 333 468 396 435 388 466 401 439 396 463 429 402 409 
473 125 478 115 481 115 485 114 471 116 469 116 467 116 495 114 469 117 479 131 470 132 526 160 454 154 531 224 443 212 518 278 429 263 507 294 428 280 497 272 458 266 484 341 443 333 468 396 434 388 466 401 438 396 463 429 402 409 
475 125 480 115 484 115 488 114 473 116 471 116 469 116 498 115 472 117 482 131 472 132 528 161 455 153 532 225 443 211 518 280 429 263 507 295 428 279 497 272 458 266 484 341 443 333 469 396 434 388 467 401 438 396 463 429 402 409 
477 125 483 116 487 116 491 115 476 117 474 116 472 116 500 116 475 117 484 132 475 132 529 163 457 153 532 226 442 210 518 281 429 262 507 296 428 279 498 272 458 266 483 342 442 333 469 396 433 389 467 401 437 396 463 429 402 409 
480 125 486 117 490 117 494 117 479 117 477 117 476 117 503 118 478 117 487 132 477 132 531 164 458 152 532 227 442 209 518 281 429 261 507 297 428 277 498 273 458 265 483 341 442 333 469 396 433 389 467 401 437 397 463 429 402 409 
485 126 491 118 495 119 499 119 483 117 481 117 480 117 507 120 481 117 491 134 480 133 533 166 459 152 532 229 442 209 518 283 429 260 506 298 428 276 498 273 458 266 483 341 441 333 469 396 433 389 467 401 437 397 463 429 402 409 
489 127 496 119 499 120 503 120 487 118 485 117 483 117 511 122 484 117 495 135 484 133 534 168 461 151 533 232 442 208 518 285 429 258 506 300 429 274 498 274 458 266 483 341 440 333 469 396 432 389 467 401 437 396 463 429 402 409 
494 130 500 122 504 123 507 123 492 120 490 119 487 118 515 124 488 118 499 138 489 136 536 170 463 150 533 234 442 206 518 288 429 257 505 301 429 273 497 275 457 266 483 341 440 333 469 396 432 388 466 401 437 396 463 429 402 409 
499 131 506 124 510 124 513 125 498 121 495 120 493 119 521 127 492 118 504 140 493 137 537 174 466 150 533 237 442 205 517 290 429 255 505 304 429 272 497 276 457 266 483 341 440 333 469 396 432 388 466 401 438 396 464 429 403 408 
502 133 510 127 513 128 516 128 501 124 499 122 497 121 524 131 497 120 507 143 497 139 539 178 469 149 533 240 443 203 517 292 430 254 504 306 430 270 496 277 456 267 482 343 439 334 469 396 433 388 466 401 438 396 464 429 403 408 
507 136 515 130 519 131 522 132 507 127 504 125 502 123 530 134 501 122 511 146 501 142 541 182 472 149 533 243 443 202 516 294 430 252 503 308 430 268 496 278 456 267 482 344 438 334 469 397 433 388 466 401 438 395 464 429 403 408 
512 139 521 133 524 134 528 135 512 129 509 127 507 125 535 138 505 124 514 149 504 144 542 186 473 149 534 245 443 200 515 296 430 249 502 310 430 265 495 279 455 267 481 345 438 335 469 398 432 388 466 402 437 395 464 430 402 409 
517 144 526 139 529 140 533 141 518 134 515 132 513 130 538 143 510 127 519 154 509 148 543 188 476 149 534 248 444 198 514 298 430 248 501 312 430 264 494 280 454 267 480 346 438 335 469 399 432 388 466 403 437 395 463 430 402 409 
523 149 531 143 535 145 537 146 523 138 521 136 518 134 541 147 515 131 523 158 515 153 544 191 478 149 535 250 444 197 514 299 430 247 501 312 431 262 493 280 454 267 480 346 438 335 469 399 432 388 466 403 435 395 463 429 402 409 
528 153 536 149 539 150 542 152 529 142 526 140 524 138 545 152 520 134 527 161 519 156 545 193 481 149 535 251 445 195 514 300 430 246 501 313 431 261 493 280 453 267 480 346 438 335 469 398 432 387 466 402 435 394 464 429 403 409 
533 157 541 153 544 155 546 156 534 146 531 143 528 141 548 156 523 137 532 165 524 159 546 196 483 149 535 254 446 193 513 302 431 244 501 315 432 259 493 280 453 267 480 347 437 336 469 397 432 387 466 400 435 393 465 429 404 409 
537 161 545 157 547 159 549 160 538 151 535 147 532 144 550 160 527 140 535 169 527 163 546 199 485 150 534 256 447 192 513 304 431 243 501 316 433 258 493 281 453 267 480 348 437 336 469 397 431 387 466 399 436 393 466 430 403 409 
539 164 547 160 549 162 551 164 540 154 537 151 535 148 553 164 530 143 537 172 530 166 547 201 489 151 534 257 448 191 512 305 432 241 501 317 434 256 492 282 453 267 480 349 437 336 469 396 431 387 465 399 436 394 466 430 403 410 
542 167 550 164 552 165 554 167 543 157 541 154 538 151 555 167 534 146 540 174 532 169 547 204 491 152 534 259 449 190 512 306 433 241 501 319 435 255 492 283 453 267 480 350 436 336 469 396 431 387 465 399 436 394 466 430 402 410 
545 172 553 168 555 170 556 171 547 162 544 158 542 155 557 171 537 149 542 178 535 173 548 206 493 152 534 261 450 189 511 307 433 240 500 320 435 255 492 283 453 267 479 352 436 336 469 396 430 388 464 399 436 394 467 430 401 410 
548 176 556 172 557 174 559 175 550 166 548 163 546 160 558 174 540 153 545 182 537 177 549 209 495 153 533 263 451 187 511 308 434 239 500 320 436 254 492 283 453 266 479 351 436 335 468 396 430 387 464 399 435 394 466 430 401 410 
550 180 558 176 560 177 561 179 553 170 550 167 548 163 560 178 543 156 546 185 539 179 550 211 496 154 533 265 452 186 510 309 435 238 499 321 436 253 492 282 453 265 478 352 436 335 468 397 430 387 464 399 433 394 466 430 401 410 
552 182 560 178 562 180 563 181 555 172 553 169 551 165 562 180 545 158 549 188 542 182 551 214 497 155 532 266 453 186 509 310 436 237 498 322 436 253 492 282 453 264 478 352 436 335 468 397 429 387 463 399 432 394 467 430 401 410 
553 187 562 183 563 184 564 185 557 177 555 174 553 170 563 184 547 162 550 192 543 186 551 216 499 156 531 268 454 187 508 312 436 237 497 324 436 253 492 281 453 263 478 353 436 335 468 397 428 387 463 400 430 394 466 430 401 410 
555 189 563 186 565 187 566 188 559 180 557 176 555 173 564 187 548 164 551 195 545 188 552 218 501 157 530 269 455 187 507 313 437 237 496 325 436 253 492 281 453 263 478 353 436 335 468 397 427 387 463 400 430 393 466 430 401 410 
555 192 564 188 565 190 567 191 560 182 558 179 556 175 566 190 550 166 551 197 545 191 552 220 502 158 529 271 456 186 507 314 437 237 496 326 437 252 492 281 454 263 478 353 436 335 468 397 427 386 463 400 430 392 466 431 401 410 
557 195 566 191 567 193 568 194 562 185 560 182 558 178 566 193 552 169 553 200 547 194 552 222 503 160 529 272 456 187 506 314 437 236 496 326 437 252 492 281 454 263 478 351 435 335 469 397 427 385 464 401 430 391 466 431 402 410 
558 197 566 194 567 195 568 197 562 188 561 185 559 181 567 196 553 171 553 202 548 196 553 224 504 161 529 273 457 186 506 315 437 236 495 327 437 252 492 280 454 263 477 351 436 335 469 397 427 385 465 401 430 390 466 431 402 410 
557 200 566 197 567 198 568 199 563 191 561 187 559 183 567 198 554 174 553 204 548 198 553 225 505 162 528 274 457 187 506 316 438 236 495 327 437 252 492 280 454 263 477 350 436 335 469 397 426 384 465 401 429 389 465 431 402 410 
558 201 567 198 568 200 569 201 564 193 562 190 560 186 567 199 555 176 554 206 549 200 553 226 506 163 528 275 458 187 505 317 438 236 495 328 437 252 492 280 455 262 477 350 436 335 469 398 425 383 465 401 428 388 465 431 402 410 
559 203 568 200 568 201 569 202 565 194 563 191 561 187 568 200 556 177 555 207 550 202 553 227 507 164 528 275 458 187 505 317 439 236 495 328 438 252 492 280 455 262 477 350 435 335 468 398 424 383 465 401 427 389 464 431 402 409 
560 204 568 201 569 202 570 203 565 195 564 192 562 188 568 202 556 178 555 209 550 203 553 228 508 165 527 275 459 187 505 318 439 236 495 329 438 252 492 280 455 262 477 349 434 334 468 398 423 383 465 401 426 388 464 431 402 409 
560 205 568 202 569 203 570 205 565 196 564 193 562 189 569 204 557 179 555 210 550 203 553 229 508 165 527 276 459 187 505 318 439 236 494 329 438 252 492 279 455 261 477 349 434 333 468 398 422 383 465 401 426 388 464 431 402 409 
560 206 568 204 569 205 570 206 565 198 564 195 562 191 569 205 557 180 555 211 550 205 553 229 509 166 527 276 459 187 505 319 439 236 494 329 438 252 492 279 455 261 477 349 434 333 468 398 422 382 466 400 426 387 464 431 402 409 
560 207 568 204 569 206 570 207 565 199 564 195 562 191 569 205 557 181 555 211 550 205 554 230 509 166 527 276 459 187 505 319 439 236 494 329 438 253 492 278 456 260 477 348 434 333 468 398 422 382 466 400 426 387 464 430 402 409 
560 207 568 205 569 206 570 207 566 199 564 196 562 192 569 205 558 181 555 212 550 206 554 230 509 166 527 276 459 187 504 319 439 237 494 329 438 253 492 278 456 260 477 347 433 333 469 398 423 381 466 399 426 386 464 430 402 409 
560 207 569 205 570 206 570 207 566 199 564 196 563 192 570 205 558 182 555 212 551 206 554 230 509 166 527 276 459 187 504 319 439 237 494 329 439 253 491 278 456 260 477 347 433 332 469 397 423 381 467 398 426 386 465 430 402 409 
560 207 569 205 570 206 571 207 566 199 565 196 563 192 570 205 558 182 556 212 551 206 554 230 509 166 527 276 459 187 504 319 439 237 494 329 439 253 491 278 456 259 477 348 432 333 469 397 423 381 467 398 426 386 465 430 403 409 
561 207 569 205 570 206 571 207 566 199 565 196 563 192 570 205 558 181 556 212 551 206 554 230 508 166 527 277 459 187 504 319 440 237 494 329 439 253 491 277 455 259 477 347 432 332 469 397 423 381 467 398 426 386 465 430 403 409 
561 207 569 204 570 205 571 206 566 199 565 196 563 192 570 205 558 181 556 212 551 206 554 230 508 167 527 276 459 187 504 318 440 237 494 329 439 253 491 277 455 259 477 346 432 332 469 397 423 381 467 398 426 386 465 429 403 409 
561 207 570 204 570 205 571 206 566 198 565 195 563 192 571 204 558 181 556 211 551 205 554 230 508 166 527 276 459 187 504 318 440 237 494 329 440 253 491 277 456 259 477 344 432 331 469 396 423 381 467 398 426 386 465 429 403 409 
561 207 569 204 570 205 571 206 566 198 565 195 563 191 571 204 558 181 556 211 551 205 554 230 508 166 527 276 459 187 504 318 440 237 494 329 440 253 491 277 456 259 477 343 432 331 469 396 423 381 467 398 427 386 465 429 403 409 
562 206 570 203 571 204 572 205 566 197 565 193 563 190 571 203 558 180 557 210 552 204 554 230 508 166 527 276 459 186 504 319 440 237 493 329 440 253 491 277 456 259 477 344 432 331 469 396 423 381 467 397 427 386 465 429 403 409 
562 204 570 201 571 203 572 204 566 195 565 192 563 188 571 202 558 179 557 209 551 203 554 230 508 165 527 276 459 186 504 319 440 237 493 329 440 253 491 277 456 259 478 343 432 331 469 396 423 381 467 397 427 386 465 429 402 409 
561 202 570 199 571 200 572 201 566 193 565 190 563 186 571 199 557 176 557 207 551 201 554 229 506 164 527 276 458 186 504 318 440 237 494 329 440 253 492 276 456 259 479 343 432 331 469 396 423 381 467 397 427 386 465 429 402 409 
561 199 570 196 571 197 572 198 566 190 564 186 562 183 571 196 556 173 556 204 551 198 554 227 505 163 528 276 458 186 504 318 440 237 494 329 440 253 492 276 456 259 479 342 433 331 470 396 423 382 467 397 427 386 465 429 402 409 
561 195 569 192 570 193 571 194 564 186 563 182 561 179 571 192 554 170 555 200 550 195 554 224 504 161 528 274 458 186 505 318 440 237 494 329 440 253 492 275 456 259 479 342 433 331 470 396 423 382 467 397 428 386 465 429 402 409 
559 191 567 187 568 188 570 189 562 182 560 179 558 175 569 188 551 167 554 197 549 192 554 222 503 160 529 273 457 186 505 317 440 237 494 328 440 254 492 275 456 258 479 342 433 331 470 396 424 382 467 397 428 387 465 429 402 409 
556 187 564 183 566 184 568 185 559 177 557 174 555 171 568 183 548 163 552 193 546 188 554 219 501 158 530 270 456 186 506 315 440 238 494 328 440 254 492 275 456 258 480 343 434 332 470 396 424 382 467 397 429 387 465 429 402 409 
553 183 561 179 563 180 564 181 556 174 554 171 552 168 565 180 545 158 549 189 543 184 554 216 499 157 530 269 455 186 507 315 440 238 495 327 440 255 493 275 456 258 479 344 434 333 469 396 424 382 467 398 429 388 465 430 402 409 
550 179 559 174 561 175 562 177 554 169 552 166 549 162 563 175 542 154 547 185 540 179 554 213 497 155 531 267 454 186 508 313 440 239 496 326 440 255 493 275 456 258 479 346 435 333 469 397 424 383 466 398 429 389 464 431 402 409 
548 173 556 168 558 170 560 171 551 163 548 160 546 157 561 170 539 150 545 180 538 174 554 210 495 154 532 265 454 187 509 312 440 239 497 324 440 256 494 276 456 259 479 346 436 333 469 397 425 383 466 398 429 390 464 431 402 409 
546 167 553 162 555 163 557 164 547 157 545 154 542 151 559 164 536 146 543 174 536 169 553 206 493 152 533 261 452 187 511 309 440 240 498 322 440 256 494 275 456 259 480 346 437 334 469 397 425 385 466 399 429 392 464 431 402 409 
541 161 549 156 551 157 553 158 542 150 540 148 537 146 556 158 532 142 540 169 531 164 553 203 490 151 534 259 451 188 512 307 439 241 500 319 440 257 495 275 456 259 480 346 437 335 469 398 427 385 466 401 431 392 464 431 402 409 
537 156 545 151 548 152 550 153 537 145 534 143 532 141 553 154 527 138 536 165 527 160 553 200 487 150 535 257 450 190 513 305 439 242 501 317 440 259 495 275 456 260 480 346 437 335 470 398 428 385 466 401 432 392 464 431 402 409 
533 152 541 146 544 147 546 148 532 141 529 139 527 138 550 149 522 135 533 161 523 156 552 198 485 150 535 256 450 191 513 304 438 244 501 316 439 260 496 275 456 260 481 346 439 336 470 398 429 386 465 401 432 392 465 431 402 409 
528 147 536 142 539 143 542 144 526 137 524 136 521 134 546 145 518 132 529 157 519 152 551 195 483 149 535 254 449 193 514 302 438 245 502 314 439 262 496 276 456 261 481 346 439 336 469 398 430 387 464 401 433 393 466 431 402 409 
523 142 532 137 535 138 539 139 523 132 520 131 517 129 543 141 515 128 526 152 515 148 550 191 480 149 535 251 448 195 514 300 437 247 502 313 438 264 497 276 456 262 481 347 439 337 469 398 430 387 464 401 433 394 466 431 401 409 
519 139 527 133 531 134 534 135 518 130 515 128 513 127 540 137 511 126 523 149 512 145 549 189 478 148 536 249 448 196 515 298 436 249 502 311 437 265 498 276 457 263 482 347 440 337 469 398 431 387 464 401 434 394 466 430 401 409 
515 136 523 129 527 130 531 131 515 126 512 125 509 124 536 134 507 124 519 145 509 142 548 186 476 148 536 245 447 197 515 296 436 250 503 309 437 266 499 276 457 264 482 347 440 337 469 398 431 387 464 401 435 394 466 430 401 409 
511 133 518 126 522 127 526 128 510 124 507 123 505 122 533 131 503 122 516 142 506 139 547 183 473 148 536 243 447 198 516 295 435 252 503 308 436 268 499 276 457 264 482 347 441 337 469 398 431 387 464 401 435 394 466 430 401 409 
508 131 514 124 518 124 522 125 506 122 503 122 501 121 529 128 499 121 512 140 502 138 545 180 471 148 536 242 446 200 516 293 434 253 504 305 436 270 499 276 457 265 482 347 441 337 469 398 431 387 464 402 436 394 466 430 401 409 
504 130 510 123 514 123 518 123 502 121 499 121 497 120 525 126 496 121 509 139 499 137 544 178 470 148 536 239 445 200 516 291 434 255 505 304 435 271 499 276 457 265 483 347 442 336 470 398 432 387 465 401 437 394 466 430 401 410 
500 130 506 122 509 122 513 122 498 121 495 121 492 120 521 125 492 120 504 138 495 136 542 175 468 148 536 238 445 202 516 290 433 257 505 302 435 273 499 276 457 266 483 347 442 337 470 398 432 387 465 402 437 394 466 430 402 410 
495 130 501 122 505 122 509 122 493 122 491 121 488 121 518 124 489 121 501 138 492 137 541 175 466 149 535 236 444 204 517 288 433 258 506 301 434 275 499 276 457 267 483 346 442 337 471 398 432 387 466 402 437 394 466 430 402 410 
492 130 498 121 501 121 505 121 490 121 488 121 485 120 515 123 486 120 497 137 489 137 539 173 464 149 535 236 444 205 517 287 433 260 505 300 434 276 499 277 457 268 484 346 442 336 471 398 432 387 466 402 437 394 466 430 402 410 
489 131 494 122 498 122 501 121 486 122 484 122 482 121 511 122 483 121 494 138 486 138 538 171 462 149 534 235 443 206 517 287 433 262 505 299 434 278 499 277 457 268 484 345 442 336 471 398 432 387 466 402 436 394 465 430 401 409 
486 132 491 123 494 122 498 122 483 123 481 122 478 122 508 122 479 121 491 139 483 138 536 170 460 150 534 233 443 208 517 286 433 264 506 299 434 280 499 277 457 268 484 345 443 337 471 398 432 387 467 402 436 394 465 430 401 409 
483 132 488 124 491 123 495 122 480 123 478 123 476 122 505 122 476 121 489 139 480 139 535 168 458 150 533 232 442 209 517 285 432 265 506 298 434 281 499 277 457 269 484 345 443 337 471 399 432 387 467 402 436 394 465 430 402 409 
479 133 484 124 487 124 491 123 476 124 474 123 472 123 501 123 473 122 486 140 477 139 533 168 457 151 533 231 441 210 517 284 432 266 506 298 433 281 500 277 457 269 484 346 443 337 471 399 433 387 467 402 437 394 465 430 402 409 
475 134 480 125 483 124 487 124 472 125 470 125 468 124 498 124 470 123 482 141 474 141 531 167 455 152 532 230 441 210 517 284 432 266 506 298 433 282 500 276 457 269 484 345 443 337 471 398 434 387 467 402 438 394 465 430 402 409 
471 136 475 127 478 125 482 124 468 127 466 127 464 127 493 124 467 124 477 142 469 143 529 167 453 153 531 230 440 211 517 284 432 266 506 297 433 282 500 276 457 270 484 345 443 337 471 398 434 387 467 402 438 394 465 430 403 409 
467 140 471 130 474 130 477 128 464 131 462 130 460 130 489 125 464 127 474 146 466 147 527 168 451 155 530 230 440 212 517 284 432 267 506 298 433 283 499 277 457 271 484 344 444 337 471 398 434 387 467 401 438 394 466 430 403 409 
463 143 467 133 470 133 474 132 460 134 458 133 456 132 486 127 460 129 469 149 461 150 525 168 448 156 529 230 439 213 517 284 432 267 505 298 433 282 499 277 457 270 484 343 444 337 471 398 434 387 467 401 438 394 466 430 403 409 
461 147 465 137 468 136 471 135 458 138 456 137 453 136 483 130 457 132 467 152 459 153 523 169 446 158 528 231 438 214 516 284 432 266 505 298 432 282 499 277 457 271 484 343 444 336 471 398 433 387 467 402 438 394 465 430 403 409 
458 151 461 141 464 140 467 139 455 142 453 141 450 141 480 133 454 136 464 156 457 157 521 169 443 160 527 231 438 215 516 285 432 266 505 298 431 282 499 277 458 271 485 343 444 336 471 398 433 387 467 402 437 394 465 430 402 409 
455 157 459 147 462 146 465 145 452 148 450 148 448 147 479 138 451 142 463 162 455 162 519 170 441 163 525 231 437 216 515 285 432 266 505 298 430 282 499 277 458 270 485 343 444 336 471 398 433 387 467 402 437 394 465 430 403 408 
453 161 456 152 459 151 462 149 449 153 447 152 445 152 477 143 448 147 461 166 453 166 517 173 439 166 524 233 437 217 515 285 432 266 505 299 430 282 499 277 458 270 484 343 444 336 471 398 433 386 467 402 437 394 464 430 403 408 
451 164 454 156 457 155 460 153 446 156 444 156 442 155 474 147 445 149 459 169 450 170 515 176 437 168 524 235 435 217 515 285 432 266 504 299 430 282 498 277 458 270 484 343 444 335 471 398 433 386 468 403 437 394 464 430 402 408 
449 169 452 160 455 159 459 158 444 161 442 160 440 159 471 151 442 154 457 174 449 175 513 180 435 170 523 237 434 217 514 286 432 265 504 300 429 281 497 277 458 269 484 342 444 334 471 398 433 385 468 402 438 393 464 430 402 408 
447 175 450 166 453 165 457 163 442 166 440 166 437 165 469 157 439 160 455 180 446 181 511 182 433 173 523 237 433 218 514 286 431 264 504 301 429 280 496 277 458 269 483 342 444 334 470 398 433 384 467 402 438 393 463 430 402 408 
445 181 448 171 451 170 455 169 440 172 438 171 435 170 467 162 437 164 453 185 444 186 509 187 431 175 522 239 432 218 514 288 430 264 504 302 428 280 495 277 458 268 483 341 445 333 470 398 433 384 467 402 438 393 463 430 403 408 
443 187 446 178 449 177 452 175 438 178 436 178 434 177 465 167 436 171 451 190 443 191 507 189 430 179 521 240 432 221 514 288 430 264 504 303 428 280 494 277 458 268 483 340 445 333 469 397 433 384 467 402 438 393 463 429 404 408 
442 193 445 184 448 183 451 181 437 185 434 185 432 184 463 173 433 178 451 196 442 198 505 192 430 183 520 240 432 223 514 289 430 264 505 303 428 280 494 278 458 269 483 340 445 332 469 397 433 384 466 402 438 393 464 428 404 408 
441 198 443 189 447 187 450 186 435 190 433 190 431 190 461 178 432 184 450 201 441 203 505 196 429 187 519 242 431 225 514 289 430 265 505 303 428 280 493 278 458 269 482 340 445 332 469 397 433 384 466 402 437 393 464 427 404 408 
439 203 441 194 445 193 448 192 433 196 431 196 429 196 458 185 431 189 448 206 439 208 503 200 429 191 518 243 431 227 514 290 429 265 505 303 428 280 493 278 457 269 482 340 446 332 469 396 432 385 466 401 436 393 463 427 404 408 
438 206 440 198 444 197 447 195 432 200 430 200 428 200 457 188 430 192 447 209 438 212 502 203 428 195 517 244 431 229 513 290 429 266 505 304 428 280 493 278 457 270 482 340 446 332 469 396 432 385 466 401 436 393 463 427 404 407 
436 211 439 202 443 200 446 199 431 204 429 204 427 203 457 192 428 196 446 213 436 216 501 206 428 198 517 246 431 230 513 290 430 267 506 303 429 281 493 278 457 269 482 340 446 332 469 396 432 385 466 401 437 393 463 427 404 407 
433 213 436 204 440 203 443 201 428 205 426 205 425 205 453 195 427 199 443 216 433 218 500 209 427 201 517 246 431 230 513 290 430 267 506 303 429 281 493 277 457 269 482 340 447 332 469 395 432 385 467 400 437 392 463 427 404 407 
433 216 436 207 440 206 443 205 428 208 426 208 424 208 453 198 426 202 443 219 433 221 499 212 426 203 517 246 431 231 513 290 430 267 506 303 429 281 493 276 456 268 482 340 447 332 469 395 432 384 467 400 437 392 463 428 404 407 
433 219 436 209 439 208 443 207 428 211 426 210 424 210 453 201 426 204 442 222 433 223 498 213 426 204 516 246 431 232 513 290 431 267 507 303 429 281 493 275 456 268 482 339 448 331 469 395 432 385 467 400 437 392 463 428 403 407 
432 221 435 212 438 210 442 209 427 213 425 212 423 212 452 202 425 207 442 224 433 226 498 215 427 206 516 247 431 232 513 290 431 267 507 303 429 281 493 275 456 268 482 339 448 331 470 395 432 384 468 400 437 392 463 428 403 407 
432 223 435 214 438 212 442 211 427 215 425 215 423 214 452 204 425 209 442 226 433 228 497 216 426 207 516 247 432 233 513 290 431 267 507 303 429 281 493 275 456 268 482 339 448 330 470 395 432 384 468 400 436 392 463 428 403 407 
432 224 434 216 437 215 440 213 426 217 425 216 423 216 451 206 425 211 441 228 433 229 497 218 427 208 516 247 431 233 513 290 431 267 507 303 430 281 493 275 456 267 482 338 449 329 470 395 432 384 468 400 436 392 462 429 403 407 
432 224 434 216 437 215 441 213 426 217 424 217 422 216 451 206 424 211 441 227 433 230 496 218 427 209 516 247 432 233 513 290 431 267 507 303 430 281 493 275 456 267 481 338 449 327 470 396 432 383 469 401 437 392 462 429 403 407 
431 225 433 216 437 215 440 214 426 217 424 217 422 217 450 206 424 211 440 228 432 229 496 218 427 210 516 247 432 234 513 290 431 268 507 303 430 281 493 275 456 267 481 337 449 327 470 396 432 383 469 401 437 392 462 429 403 407 
431 226 433 218 436 216 440 215 426 219 424 218 422 218 450 208 424 213 440 229 432 230 495 219 426 210 516 248 431 233 513 290 431 268 507 303 430 281 493 275 456 267 482 336 449 325 471 396 432 383 469 401 437 392 462 429 403 407 
431 226 433 217 436 216 440 215 426 218 424 218 422 218 450 208 424 213 440 229 432 231 495 219 426 210 516 248 431 233 513 290 431 267 507 303 430 281 493 275 456 267 482 336 449 325 471 396 432 383 469 401 437 392 462 429 403 407 
431 225 433 217 436 216 440 215 425 218 424 218 422 217 450 208 423 212 440 229 432 230 495 218 426 210 516 248 431 234 513 290 432 267 507 303 430 281 493 275 456 267 482 336 449 326 471 396 432 383 469 400 437 392 463 428 403 407 
430 225 433 217 436 215 440 214 425 217 423 217 421 216 450 207 423 211 440 228 431 230 495 218 426 210 516 248 431 233 513 290 432 268 507 303 430 281 493 275 456 267 482 336 449 326 471 395 432 383 469 400 437 392 463 428 403 407 
431 224 433 216 436 215 440 213 426 217 424 216 422 216 450 206 424 211 440 228 431 229 495 217 425 210 516 248 430 233 513 289 431 268 507 303 430 281 493 274 456 267 482 335 449 325 471 395 432 383 469 400 437 392 463 428 403 407 
431 222 433 214 437 213 440 211 426 215 424 215 422 214 450 205 424 209 440 226 432 227 495 216 425 208 515 247 430 233 513 289 431 268 507 303 430 281 493 274 456 267 482 335 449 325 471 396 432 383 469 400 437 392 463 428 403 406 
431 219 434 210 437 209 441 207 426 212 424 212 422 211 451 200 424 205 441 222 432 224 496 215 425 206 515 247 430 233 513 289 431 267 507 303 430 281 493 274 456 267 482 336 449 325 471 396 432 383 469 400 438 392 463 428 403 406 
434 215 437 206 440 205 443 204 428 208 426 208 423 208 454 197 425 202 443 218 434 220 496 211 425 203 515 247 430 232 513 289 431 267 507 303 430 280 493 273 456 266 482 336 449 325 471 396 432 383 469 401 438 393 463 428 403 406 
435 209 438 201 441 200 444 198 429 202 426 202 424 202 456 192 425 197 445 212 436 214 498 207 425 199 515 247 430 232 513 289 430 267 507 302 429 280 493 272 456 265 482 336 449 325 471 395 432 383 469 401 438 393 463 428 403 406 
435 202 438 194 441 193 444 192 430 195 427 195 425 195 458 185 426 189 445 206 436 208 500 204 425 195 515 246 430 231 513 288 430 267 507 302 429 280 493 272 456 265 481 336 449 328 471 395 432 383 469 400 438 393 463 428 403 406 
436 196 439 187 442 186 446 185 431 189 428 188 426 188 460 178 429 183 446 200 437 202 501 199 425 189 516 243 430 226 513 288 430 265 506 302 428 279 493 272 456 265 481 337 449 328 471 395 432 383 469 400 438 393 464 428 403 406 
437 189 441 180 444 179 449 178 433 181 430 181 428 181 463 172 432 175 447 195 438 196 502 195 426 186 516 242 430 224 513 288 429 265 506 302 428 279 493 273 456 265 480 338 448 330 471 395 432 383 469 400 438 393 463 428 403 407 
441 182 444 173 449 171 453 170 436 174 434 173 432 173 466 164 434 168 451 188 441 189 505 191 427 183 517 241 430 222 513 288 429 265 506 302 427 278 493 274 456 266 480 339 447 332 471 395 432 383 469 400 438 392 463 428 403 407 
444 175 448 166 452 165 456 164 440 166 438 166 436 165 468 159 438 160 453 181 444 182 507 188 429 177 518 240 430 221 513 288 429 264 506 302 427 278 492 274 455 266 479 340 446 333 471 395 432 384 469 400 438 392 463 429 403 407 
446 168 450 159 453 158 458 157 442 159 440 159 438 158 470 152 441 153 455 175 446 175 509 184 431 172 519 240 430 218 513 288 429 264 505 302 427 278 492 274 455 266 479 340 445 334 470 395 432 384 468 400 438 392 463 429 403 407 
447 160 452 151 455 150 459 149 445 151 443 150 441 150 472 147 446 146 456 168 447 167 511 180 434 167 520 239 431 216 513 288 429 263 504 302 427 278 492 274 455 266 479 342 444 334 469 395 432 385 467 400 438 392 463 428 403 407 
450 152 454 143 458 142 462 142 448 143 446 142 445 142 475 140 450 139 458 159 450 159 514 178 436 164 520 238 431 216 513 288 429 263 503 301 427 279 492 275 455 267 479 343 443 335 468 395 432 385 466 399 438 392 463 428 403 407 
453 146 458 137 461 136 465 136 452 137 450 136 448 135 478 134 453 133 460 153 453 153 517 175 439 161 521 237 432 215 513 287 429 263 503 301 427 279 493 275 455 267 479 345 442 335 468 395 432 385 465 399 438 392 463 429 403 407 
458 140 463 130 467 130 471 129 456 130 455 130 453 129 482 129 457 128 465 147 457 147 520 173 442 159 523 236 433 214 513 287 428 263 503 301 427 279 493 275 455 267 480 346 441 335 468 396 432 386 465 400 438 393 463 429 403 407 
463 134 468 125 472 125 476 124 461 125 459 125 457 125 487 124 461 124 470 142 461 142 523 171 444 156 524 235 434 213 513 287 428 263 503 301 426 279 493 275 454 267 480 346 440 335 468 396 432 386 465 400 437 393 463 430 403 408 
466 131 471 121 475 121 480 120 464 122 463 122 461 121 491 121 464 121 473 138 464 138 525 170 448 155 526 234 435 213 513 287 428 263 503 301 426 279 494 276 454 267 480 346 439 335 468 396 432 385 465 400 436 392 463 430 403 408 
470 128 475 119 479 118 483 118 468 119 466 119 464 119 494 119 467 119 477 135 468 135 528 169 450 154 527 233 437 212 514 287 428 263 503 301 426 279 495 276 454 267 481 346 439 335 469 396 432 385 465 400 436 392 463 430 403 408 
473 125 479 115 483 115 487 115 472 116 470 115 468 115 497 117 471 116 480 132 471 132 530 168 453 153 529 232 438 212 514 287 428 263 503 301 426 279 495 276 454 267 482 346 439 335 469 397 431 385 465 401 436 392 463 430 403 408 
476 123 482 114 486 114 490 114 475 114 473 114 471 114 500 116 474 115 483 131 474 131 532 167 455 152 530 231 439 211 515 286 428 263 503 301 426 279 496 276 455 267 482 345 439 335 469 397 431 385 466 401 437 392 463 430 403 408 
479 121 485 112 489 112 493 112 478 112 476 112 474 112 503 114 477 113 486 129 477 129 534 167 457 152 531 231 440 211 516 287 428 263 505 301 426 280 496 276 455 267 482 345 439 335 469 397 431 385 466 401 437 392 464 430 403 408 
482 119 488 110 493 110 497 110 481 110 479 110 477 110 506 113 479 112 489 128 479 127 536 167 458 153 533 232 442 211 518 287 428 263 507 301 426 280 496 277 455 267 483 346 438 335 469 398 431 385 466 402 437 392 464 430 403 408 
485 118 491 109 495 109 499 109 483 109 481 109 479 109 508 112 481 111 492 127 482 127 537 167 459 153 534 232 443 211 519 287 428 264 509 302 426 281 497 278 455 267 483 347 437 337 469 398 432 386 466 402 437 393 465 430 403 408 
488 117 494 108 498 108 502 108 486 108 484 108 481 108 510 111 483 111 495 126 484 126 539 168 461 153 535 232 444 211 521 288 428 265 510 303 426 282 498 278 455 268 483 347 436 338 469 399 432 386 466 402 437 393 465 430 403 408 
489 117 495 108 499 108 503 108 487 108 485 108 483 108 512 111 485 111 497 126 486 126 540 168 462 154 536 232 445 211 522 289 429 266 511 304 426 282 499 279 455 268 484 347 436 338 469 399 433 386 466 402 438 393 465 430 404 408 
491 116 496 107 500 107 504 108 488 107 486 107 484 107 514 111 486 110 498 125 487 125 541 168 463 154 537 232 446 212 523 289 429 266 512 304 427 283 500 280 456 269 484 348 436 339 469 399 434 386 466 403 439 393 464 431 404 409 
492 116 498 107 502 107 506 107 490 107 488 107 485 107 515 111 487 110 499 125 489 125 543 169 464 154 538 233 447 212 523 290 429 267 513 304 428 283 500 280 456 269 484 349 436 340 469 400 434 386 466 403 440 393 464 431 405 409 
493 115 499 106 503 107 507 107 491 106 489 106 487 106 516 111 488 109 501 125 490 124 543 169 464 154 539 233 447 212 524 290 430 267 513 305 428 284 501 281 456 270 484 350 436 341 469 400 434 387 467 403 440 394 464 431 405 409 
494 114 500 106 504 106 508 107 492 106 490 106 487 106 517 110 488 109 502 124 491 124 544 169 465 154 539 233 447 212 524 291 430 268 513 305 429 285 501 281 456 270 484 351 436 341 470 400 434 387 467 404 440 394 464 431 405 410 
495 114 501 105 505 106 509 106 493 105 490 105 488 105 518 110 489 108 502 123 491 123 544 169 465 154 539 233 447 212 525 291 430 269 513 306 429 286 501 281 456 271 484 351 435 341 470 400 434 388 468 404 439 394 464 431 406 410 
495 113 501 104 505 105 509 105 493 104 491 104 488 104 518 109 489 107 502 123 491 122 544 169 465 154 539 233 447 212 525 291 430 269 514 306 429 286 501 281 456 271 484 351 435 341 471 401 434 388 468 405 440 395 464 431 406 411 
495 113 501 104 506 105 510 105 493 104 491 104 488 104 518 109 489 107 502 123 491 122 544 169 464 154 539 233 447 212 525 291 430 269 514 306 429 286 502 281 456 271 485 351 434 341 471 401 434 388 469 405 440 394 463 431 406 412 
495 112 502 104 506 104 510 105 493 103 491 103 488 103 519 109 488 107 502 122 491 121 544 168 464 153 539 232 445 212 526 291 429 269 515 306 429 286 502 281 456 271 485 351 433 343 471 401 434 389 469 405 439 395 463 432 406 415 
495 112 502 104 506 104 510 105 493 103 491 103 488 103 518 109 488 106 503 122 491 121 543 167 464 153 539 231 443 212 526 291 428 269 515 306 428 286 502 281 456 271 485 351 433 343 471 401 433 389 469 405 438 396 463 432 405 416 
495 111 502 103 506 104 510 105 493 102 490 102 488 102 518 109 488 106 502 122 491 121 543 167 463 153 539 230 441 212 526 290 426 270 515 305 428 286 502 281 456 272 485 351 433 343 471 401 431 391 469 404 435 397 464 432 404 417 
495 111 502 103 506 104 510 104 493 102 490 102 487 102 518 108 487 105 502 121 491 120 542 166 461 153 539 229 438 213 526 289 425 270 515 304 427 287 502 281 456 272 485 351 433 344 471 401 428 391 469 404 432 397 464 432 403 418 
495 111 501 103 506 103 510 104 493 102 490 102 487 102 517 108 486 105 501 121 490 120 540 165 459 153 539 227 435 213 526 287 424 271 516 302 426 288 502 281 455 273 484 351 432 344 471 401 427 391 469 404 430 397 464 432 402 418 
494 110 501 102 505 103 509 103 492 101 489 101 485 101 516 107 483 105 500 120 490 119 538 164 456 153 539 225 432 214 526 285 423 273 516 301 425 289 502 281 454 273 484 351 432 344 471 401 426 391 468 404 429 397 464 432 402 418 
494 110 500 102 504 102 508 103 490 101 487 101 484 100 514 107 480 104 500 120 488 118 535 162 453 152 537 224 428 214 526 284 422 274 517 300 425 291 502 280 453 273 484 351 432 344 470 401 424 391 467 404 428 396 464 432 402 418 
492 109 498 101 503 102 506 102 488 100 485 100 481 100 512 106 477 103 498 119 486 118 532 162 450 152 535 223 425 215 526 281 421 275 517 298 425 292 501 280 453 274 484 351 432 344 470 400 423 391 467 404 426 396 464 432 402 419 
490 109 496 101 501 102 504 103 486 100 482 100 479 100 509 106 474 103 496 120 484 118 529 160 447 152 532 221 423 216 526 277 421 278 518 295 425 294 501 280 453 274 483 352 432 344 470 399 422 390 467 403 425 393 465 432 401 419 
489 109 495 102 499 102 503 103 484 100 481 100 477 100 507 106 473 103 495 120 482 118 525 159 444 153 529 218 423 217 526 274 421 280 519 292 426 296 501 278 452 274 483 349 432 344 470 399 422 387 466 403 425 390 465 432 401 419 
489 109 495 101 499 102 502 102 484 100 480 100 477 100 506 106 473 103 495 120 482 118 521 158 442 153 525 216 423 221 525 271 422 283 520 288 428 300 499 277 452 275 483 349 432 344 470 399 422 387 466 403 424 390 465 432 401 419 
489 109 495 101 498 102 501 102 484 100 480 100 477 100 504 106 472 103 495 120 481 118 519 158 441 154 522 216 423 224 524 269 425 286 521 287 431 303 496 278 452 276 482 349 432 344 470 399 422 387 465 403 424 390 465 432 401 420 
488 109 494 102 497 102 500 102 483 100 479 100 476 100 503 106 471 103 494 120 481 119 515 157 440 156 519 215 424 227 523 267 428 290 521 285 435 306 494 278 452 278 481 349 431 344 469 399 421 386 464 404 423 390 465 432 400 420 
488 110 494 102 497 102 500 103 483 101 479 100 476 100 502 106 470 103 493 120 481 119 512 156 440 157 514 215 424 229 521 265 433 290 520 283 439 308 493 278 452 279 481 349 431 344 469 399 420 386 463 404 422 389 466 432 400 420 
489 111 494 103 497 103 500 104 483 101 480 101 476 100 501 107 469 103 493 120 481 119 508 155 441 158 509 214 426 230 519 262 437 292 520 279 443 308 491 278 452 279 481 349 431 344 468 399 420 386 461 403 421 388 466 432 400 420 
490 112 495 105 497 105 500 106 484 103 480 102 476 102 501 108 469 104 493 122 482 121 504 154 442 158 503 214 428 231 516 260 440 293 520 275 447 310 489 278 452 279 480 349 431 344 466 398 419 385 459 402 421 388 467 432 400 420 
492 114 495 107 498 107 500 107 486 105 482 104 477 103 500 109 470 104 494 123 483 122 499 152 442 158 497 214 432 233 512 257 443 295 518 273 451 311 485 277 451 279 479 348 430 344 466 398 419 385 459 402 420 388 467 432 400 420 
493 115 496 107 498 108 500 108 487 106 482 104 478 103 500 109 470 104 494 124 485 123 495 152 444 158 493 214 437 233 507 257 449 295 515 272 456 311 481 277 449 279 478 346 430 343 465 397 418 385 458 402 419 388 467 431 400 419 
494 115 496 108 498 108 500 108 488 106 484 105 479 104 499 110 470 105 495 124 486 123 492 152 447 158 490 214 441 234 504 257 454 297 511 271 460 313 480 277 449 279 476 345 430 342 465 397 418 386 457 402 418 388 468 430 400 419 
495 116 497 109 499 109 501 109 489 107 485 106 480 105 499 111 470 106 495 126 487 125 489 152 449 159 488 214 445 233 502 256 459 298 509 269 465 313 479 277 449 279 474 345 431 341 464 397 418 386 456 402 418 389 468 429 401 419 
495 117 497 109 499 109 501 109 489 108 485 107 481 106 499 111 470 106 495 126 488 125 487 152 451 159 486 214 447 234 499 256 463 300 506 269 469 314 476 277 449 279 472 344 432 341 463 396 418 388 454 402 417 391 468 428 401 419 
495 117 498 110 499 110 501 110 489 108 485 107 481 106 499 112 470 106 496 127 488 125 486 152 453 159 484 214 450 234 498 257 466 299 503 270 472 314 476 277 450 279 471 343 432 341 463 396 418 389 452 402 417 393 469 426 403 419 
496 117 498 110 499 110 501 110 490 108 486 107 482 106 498 112 471 107 496 127 488 126 485 152 454 159 482 216 451 234 495 258 468 299 499 271 474 314 475 277 451 279 471 342 433 340 462 396 418 389 452 402 416 394 469 426 403 419 
496 117 498 110 500 110 501 110 491 108 487 107 483 106 498 112 471 107 496 127 489 126 484 152 456 159 479 218 453 235 490 258 471 299 494 272 475 314 474 277 451 279 471 341 434 340 463 396 418 390 452 402 416 394 469 425 404 419 
497 118 499 110 500 110 501 110 492 108 488 107 483 106 498 112 472 107 496 128 489 126 482 152 457 159 477 219 454 235 488 259 472 299 491 274 477 314 472 276 453 279 469 340 436 339 462 396 418 390 451 402 417 395 469 424 415 419 
497 118 499 110 500 110 502 110 492 108 488 107 484 106 498 112 472 107 496 128 489 127 481 153 458 159 476 219 454 236 484 267 472 299 486 282 477 314 472 276 454 279 468 338 436 338 462 396 418 390 451 402 417 396 469 424 416 419 
497 118 499 110 500 110 502 110 492 109 488 108 484 107 498 112 472 107 496 128 489 127 482 153 457 159 476 220 454 236 484 269 472 299 486 284 476 314 472 275 454 279 469 338 437 338 462 396 419 390 451 402 417 396 469 424 415 418 
497 119 499 110 500 110 502 110 492 109 488 108 484 107 498 112 472 107 496 128 489 127 483 153 457 159 478 220 453 236 484 270 470 299 487 284 475 314 473 276 453 279 469 338 436 338 462 396 419 390 451 402 417 396 469 424 413 418 
497 118 499 110 500 110 502 110 492 109 488 108 484 107 498 112 472 107 496 128 489 127 484 153 456 159 479 220 452 236 486 270 469 299 489 284 474 314 476 276 452 278 472 340 435 338 462 396 419 389 452 402 417 395 469 425 409 418 
497 118 499 110 500 110 502 110 492 109 488 108 483 107 498 112 472 107 496 128 489 127 485 152 454 159 479 218 451 236 487 269 467 299 489 282 473 314 477 276 450 278 472 342 434 338 462 397 419 389 453 403 417 394 469 426 406 418 
496 118 499 110 500 110 502 110 491 109 487 108 483 107 498 112 472 107 496 128 489 127 489 152 451 159 484 216 447 235 493 267 461 299 497 278 468 314 478 277 448 278 474 345 432 339 462 398 418 388 454 403 417 392 469 428 404 418 
496 118 498 110 500 110 501 110 490 108 486 107 482 106 498 112 472 107 496 127 488 126 494 152 449 159 490 216 441 235 499 265 452 298 503 277 460 313 479 277 447 278 475 347 430 340 463 399 418 387 455 404 417 391 469 430 402 418 
494 117 497 109 499 109 501 110 488 107 484 107 480 106 498 112 471 107 495 126 487 126 497 152 446 159 493 216 435 234 503 265 444 296 507 276 453 311 480 276 446 278 476 348 429 341 463 399 418 386 456 404 418 389 469 430 402 418 
492 117 495 108 498 109 500 109 486 107 482 106 478 105 498 111 470 107 494 126 485 125 500 152 443 158 495 216 430 233 506 264 438 295 509 276 446 310 483 276 446 277 476 348 428 342 463 400 418 386 456 405 419 388 469 431 402 418 
487 116 492 108 495 108 498 108 482 106 478 106 475 105 498 111 468 107 491 125 480 124 504 153 442 158 500 215 425 230 510 263 433 293 512 276 440 309 485 276 446 277 477 349 428 342 463 400 419 385 457 405 420 387 469 432 402 418 
485 116 490 107 494 108 497 108 480 106 476 105 473 105 498 111 467 107 489 125 478 124 507 154 441 157 506 216 421 229 514 263 428 292 515 278 435 309 487 277 446 278 478 349 429 342 464 400 419 385 458 405 421 388 469 432 402 418 
482 115 488 107 491 107 495 107 478 106 474 105 471 105 498 110 466 107 487 124 475 124 510 154 439 156 511 216 419 224 516 263 421 287 516 280 429 305 487 277 446 278 478 350 429 342 464 400 420 385 459 405 422 388 469 432 402 419 
480 114 486 106 490 106 493 106 476 105 472 105 469 105 498 110 465 107 486 124 473 123 513 156 438 155 516 216 417 220 518 266 416 284 516 284 423 302 488 277 446 277 478 349 429 342 464 400 420 385 459 405 423 389 468 432 401 419 
478 114 484 105 488 106 491 106 474 105 470 105 467 105 497 110 463 107 484 123 472 123 515 157 437 154 517 216 415 218 519 269 412 282 516 287 418 300 488 277 445 276 478 349 429 342 465 400 421 386 460 405 425 390 468 432 402 419 
475 113 482 105 486 105 489 105 471 104 468 104 465 104 496 109 462 106 482 122 470 122 517 158 436 154 519 217 414 217 520 271 409 279 516 289 412 297 488 277 444 275 479 349 429 342 465 399 422 386 460 404 426 390 467 432 402 418 
474 112 481 104 484 104 488 104 470 104 467 104 464 104 495 108 462 106 481 121 469 121 518 160 436 153 520 220 414 214 520 275 405 276 515 292 408 293 488 277 443 274 479 349 429 342 465 398 422 386 461 403 426 390 467 432 401 418 
473 111 480 103 483 103 487 103 469 103 466 103 463 103 494 107 462 106 480 120 468 120 519 161 436 152 521 222 414 212 521 278 403 272 515 294 405 290 488 277 442 273 479 349 430 342 466 398 422 386 462 403 427 391 467 432 401 418 
471 111 478 103 482 103 485 103 468 103 465 103 462 103 493 107 462 106 479 120 467 120 519 161 437 151 522 223 415 211 521 279 402 270 514 295 402 287 488 278 442 273 478 349 430 342 466 397 422 386 463 402 427 392 467 432 400 418 
470 111 476 103 480 103 484 103 467 103 464 103 462 103 492 106 462 106 478 120 466 120 520 162 437 150 523 224 416 209 520 282 400 267 514 297 400 284 488 278 441 272 478 348 430 342 467 396 422 387 464 401 427 393 467 432 400 418 
470 111 476 102 480 102 484 103 466 103 464 103 462 103 492 106 462 106 478 120 466 120 520 162 437 150 523 225 416 209 520 283 399 265 512 298 397 281 488 279 441 272 478 348 430 342 468 396 423 388 466 401 428 395 467 432 399 418 
469 111 475 102 479 102 483 102 466 103 464 103 462 103 491 106 462 106 477 120 466 120 520 162 438 150 523 225 416 209 519 284 400 262 510 299 396 279 488 280 441 272 478 348 431 342 468 396 423 390 466 401 428 397 466 432 398 418 
469 111 475 102 478 102 482 102 466 103 464 103 462 103 491 106 462 106 477 120 466 120 521 162 439 150 523 226 417 209 519 284 400 260 507 299 396 277 488 280 441 273 478 348 431 342 468 396 423 391 466 401 429 398 466 432 398 418 
468 111 474 102 478 102 482 102 466 103 464 103 462 103 491 106 462 106 477 120 465 120 521 162 440 150 524 226 419 209 517 285 401 259 506 299 395 276 488 280 441 273 478 348 431 342 469 396 423 392 466 401 429 400 466 432 397 418 
468 111 473 102 477 102 481 102 466 103 464 103 462 103 491 106 462 106 476 120 465 121 521 162 441 150 524 227 422 209 515 286 402 258 503 300 396 274 488 280 441 273 478 347 432 342 469 396 424 392 466 402 430 400 466 432 397 418 
467 112 473 103 477 102 481 102 466 103 464 103 462 104 491 106 462 106 475 120 465 121 521 162 442 150 523 227 424 209 513 287 402 257 500 300 396 273 487 280 441 273 478 347 432 341 469 396 424 392 466 401 430 400 465 432 397 418 
467 112 473 103 477 103 481 103 465 104 464 104 461 104 491 106 463 107 475 121 465 121 521 163 443 151 523 228 426 209 511 287 403 256 498 300 397 272 487 281 441 273 478 347 432 341 469 396 424 392 466 401 430 400 465 432 397 418 
467 112 472 103 476 103 481 103 465 104 463 104 461 104 491 106 463 107 474 121 464 122 521 163 444 151 523 229 427 209 509 287 404 255 497 300 398 271 486 281 441 273 477 347 432 342 469 396 424 392 466 401 430 400 465 432 397 418 
467 113 472 104 476 103 480 103 465 104 463 104 461 105 491 106 463 107 474 121 464 122 521 163 445 151 523 229 430 209 508 287 406 255 496 300 398 270 486 281 441 272 477 347 432 341 469 396 424 392 466 401 430 399 465 432 397 418 
466 113 472 104 475 103 480 103 465 104 463 105 461 105 491 107 464 107 473 122 464 122 521 164 446 151 523 229 432 209 508 286 408 254 495 300 400 269 486 281 442 272 477 347 432 341 469 396 425 392 466 401 430 399 465 432 397 418 
466 113 472 104 475 103 479 103 465 105 463 105 461 105 491 107 464 107 473 122 464 122 521 164 446 151 523 229 433 209 507 286 411 253 494 300 403 268 485 281 442 271 477 347 432 340 469 396 425 392 466 401 430 399 465 432 397 418 
466 113 472 104 475 103 479 103 465 105 463 105 461 105 491 107 464 107 473 122 464 122 521 164 447 151 523 229 434 208 507 286 413 252 493 299 406 267 485 281 442 271 477 347 432 340 469 396 425 392 466 401 430 399 465 432 397 418 
466 113 472 104 475 103 479 103 465 105 463 105 461 105 491 107 464 108 473 122 464 122 521 164 447 151 523 229 434 208 505 286 415 251 491 299 407 266 485 281 442 271 477 347 432 340 469 396 425 391 466 401 430 399 465 432 397 418 
466 113 471 104 475 103 478 103 465 105 463 105 461 105 491 107 464 108 473 122 464 122 521 164 448 151 523 229 435 207 505 286 416 250 491 299 409 265 485 281 442 271 477 347 432 340 469 396 425 391 466 401 430 399 465 432 397 418 
466 113 471 104 475 103 478 103 465 105 463 105 461 105 491 106 464 108 473 122 464 122 521 164 448 151 523 229 435 207 504 285 417 249 490 298 411 264 484 280 442 271 477 347 432 340 469 396 425 391 466 401 430 399 465 432 397 418 
466 113 471 104 475 103 478 103 465 105 463 105 461 105 491 106 464 108 473 122 464 122 521 164 448 151 523 229 435 206 504 285 418 249 489 298 412 264 484 280 442 270 476 347 432 339 469 396 425 391 466 401 430 399 465 431 397 419 
466 113 471 104 475 103 478 103 465 105 463 105 461 105 491 106 464 108 473 122 464 122 520 164 448 151 523 229 436 206 503 285 419 249 489 298 413 264 483 280 442 270 476 346 432 339 469 396 425 391 466 401 430 398 465 431 396 419 
466 113 471 104 474 103 478 103 464 105 463 105 461 105 490 106 464 108 473 122 464 122 520 164 449 151 522 229 436 206 503 285 419 249 488 297 413 263 483 280 442 270 476 346 432 338 469 395 425 391 467 400 430 398 465 431 396 419 
465 113 471 104 474 103 478 103 464 105 462 105 460 105 490 106 464 108 473 122 464 122 520 164 449 151 522 229 436 206 502 285 419 248 488 297 413 263 483 279 442 269 476 346 432 338 469 395 425 391 467 400 430 398 465 431 396 419 
465 113 470 104 474 103 477 103 464 105 462 105 460 106 490 106 464 108 472 122 464 122 519 164 449 151 521 229 436 206 501 285 419 248 487 297 413 263 482 279 442 269 476 345 432 338 469 395 425 391 467 400 430 398 464 431 396 419 
465 113 470 104 473 103 477 103 463 105 461 105 459 106 489 106 463 108 471 122 463 122 518 163 449 151 521 229 436 205 501 284 419 248 487 297 414 263 482 279 442 269 476 345 431 338 469 395 425 391 467 400 430 398 464 431 396 419 
464 113 469 104 472 104 475 103 462 105 460 105 458 106 488 106 462 108 470 122 462 122 517 163 448 151 522 228 436 205 501 284 419 248 486 296 414 263 482 279 442 269 475 345 431 337 469 395 425 391 467 400 430 398 464 431 396 419 
463 114 467 104 470 104 474 103 461 105 459 106 457 106 486 106 461 108 469 122 462 122 516 163 448 151 523 227 434 205 501 281 419 248 486 293 415 263 482 278 442 269 475 345 431 337 469 395 425 391 467 400 430 398 464 431 396 419 
460 114 465 104 468 104 471 103 458 106 456 106 455 107 483 106 459 109 467 122 460 122 515 162 446 151 525 225 430 204 501 278 419 248 486 289 416 262 482 278 442 269 475 344 431 337 469 395 425 390 467 400 430 398 464 431 396 419 
458 114 462 105 466 104 469 104 455 107 454 107 452 107 480 106 455 110 466 122 458 123 513 160 444 151 528 221 427 202 502 273 418 247 487 286 416 262 482 276 442 268 476 344 431 337 469 395 425 390 467 400 430 398 464 431 396 419 
454 114 459 105 461 105 465 104 452 107 450 107 448 108 475 106 452 110 462 122 454 123 511 158 442 151 531 216 424 201 504 268 418 247 489 281 416 261 482 274 442 268 476 343 430 336 468 395 424 390 466 400 430 397 464 431 396 419 
449 114 454 105 457 105 460 104 447 107 446 107 444 108 471 106 449 110 457 122 449 123 509 157 440 151 533 214 421 200 506 265 418 246 490 278 417 260 482 274 442 267 476 343 430 336 468 395 424 390 466 400 430 397 464 431 396 419 
444 114 448 105 451 105 455 104 442 107 441 107 439 108 466 106 444 110 452 122 444 123 506 156 437 151 535 209 419 198 508 262 418 245 492 275 417 258 482 273 442 267 477 343 430 336 468 395 424 390 466 400 430 397 464 431 396 419 
440 114 444 105 447 105 451 104 438 107 436 107 435 108 462 106 440 110 447 122 440 123 502 154 434 152 536 205 416 196 509 259 418 244 493 273 419 257 483 271 443 267 477 343 430 336 468 395 424 391 466 400 430 398 464 431 397 419 
435 115 439 106 442 105 445 104 433 107 432 108 430 108 456 106 435 110 443 122 435 123 498 152 432 153 536 201 415 195 511 254 418 243 495 268 421 256 484 271 443 267 478 342 429 337 469 396 423 391 466 401 430 398 465 431 397 418 
430 116 434 107 437 106 441 105 428 109 427 109 426 109 452 107 431 111 438 123 431 125 494 151 429 155 536 197 414 196 512 252 420 242 498 265 423 255 484 271 444 268 478 343 429 338 468 397 422 390 466 402 429 398 465 431 397 418 
425 117 429 108 432 107 436 107 423 110 422 111 421 111 447 108 425 113 434 124 426 126 490 150 425 158 535 194 414 196 512 249 421 241 500 262 426 254 485 272 445 269 479 342 428 338 469 397 422 390 466 403 429 398 464 431 397 417 
420 121 424 111 427 110 431 109 418 113 417 113 416 114 441 110 421 116 429 127 422 129 486 150 422 161 535 191 413 199 513 246 422 241 502 260 428 254 486 272 445 270 479 342 428 337 469 398 422 389 467 403 429 397 464 430 397 417 
416 125 419 115 422 114 426 113 414 117 412 117 411 118 437 112 417 119 425 131 418 133 483 150 419 165 532 189 413 203 513 245 423 242 502 259 429 255 486 272 446 271 480 342 428 337 469 398 422 387 467 403 429 395 464 430 397 417 
412 128 415 118 418 117 421 116 410 120 409 121 407 121 432 115 414 122 422 134 415 136 479 150 418 167 529 187 413 207 513 244 425 244 501 258 431 257 486 272 447 272 480 343 428 339 469 399 422 388 467 404 429 396 464 431 396 418 
408 132 411 122 414 120 417 119 405 124 404 124 403 125 428 118 411 125 418 137 411 138 475 150 417 170 526 186 413 210 513 244 426 248 501 258 432 260 486 272 448 273 480 343 428 340 469 399 421 388 467 404 429 396 464 430 396 417 
405 134 408 124 411 123 414 122 402 126 401 127 400 127 425 120 408 127 415 139 408 141 473 150 415 172 523 186 413 213 513 244 427 251 501 258 433 263 486 272 448 273 481 343 428 340 469 398 420 388 467 402 428 396 464 430 396 417 
402 137 404 127 407 126 409 124 399 129 398 130 397 130 421 123 405 130 411 142 405 144 469 150 413 177 520 185 413 217 513 244 428 255 501 259 434 267 487 272 449 273 481 343 427 341 469 398 420 388 467 402 428 396 464 430 396 417 
399 140 401 130 404 129 406 127 396 132 395 133 394 133 417 125 402 133 409 144 402 146 466 151 411 179 518 185 411 219 513 244 428 256 501 259 435 268 487 272 450 274 481 345 427 344 469 397 419 388 467 402 427 395 464 430 396 417 
397 142 398 133 401 131 404 130 394 136 393 136 392 137 415 128 399 136 407 147 401 149 464 152 409 181 516 185 411 221 512 244 429 257 501 259 436 268 487 272 451 275 481 344 427 344 469 395 419 388 468 400 426 395 464 429 396 416 
395 144 396 135 398 133 401 132 391 137 390 138 389 138 412 130 397 138 404 149 398 151 462 153 407 185 514 185 410 223 512 244 429 259 501 259 436 270 488 272 451 276 482 344 427 343 470 395 419 388 469 400 426 394 465 429 396 416 
393 147 394 137 397 136 399 134 390 140 388 140 387 141 411 132 395 140 403 151 397 153 460 154 406 187 513 185 409 225 511 244 429 260 501 259 437 270 488 272 451 277 482 344 427 343 471 395 419 388 469 400 426 394 465 429 396 416 
392 149 393 139 395 138 397 137 388 142 387 142 386 143 409 133 394 142 401 153 396 155 458 155 406 188 511 185 408 226 511 244 429 260 501 259 437 271 488 272 451 277 482 344 427 343 471 395 419 388 470 400 426 395 465 429 396 416 
391 151 392 141 394 140 396 138 387 144 386 144 385 144 408 135 393 144 400 155 395 157 457 157 405 190 510 185 409 228 510 244 430 262 501 259 437 272 488 272 452 278 481 349 426 344 471 396 419 390 470 401 425 395 464 430 396 417 
389 151 390 142 393 140 395 139 386 144 385 144 384 145 407 136 392 145 399 155 393 158 455 158 404 190 508 185 408 228 510 245 430 262 501 259 437 273 488 272 452 278 480 348 426 344 470 396 419 390 469 402 425 395 463 430 396 417 
389 152 390 142 392 141 394 140 385 145 384 145 383 146 406 137 391 145 398 156 393 159 453 159 403 191 507 185 408 230 509 245 430 264 500 259 437 274 488 272 452 278 480 349 426 344 470 397 418 391 469 403 424 396 463 430 395 417 
387 152 388 143 390 141 393 140 384 145 383 145 382 146 405 138 391 145 396 157 391 159 452 159 403 192 506 185 408 230 508 245 430 265 500 259 438 275 488 272 452 278 480 349 426 344 470 399 418 392 469 405 424 398 462 431 395 417 
386 152 388 143 390 142 392 140 383 145 383 146 382 146 404 138 391 145 395 157 390 159 452 160 403 192 506 185 408 231 508 245 430 265 500 259 437 275 488 272 451 278 479 349 426 344 470 399 417 392 469 405 424 398 461 431 395 416 
386 152 387 143 389 142 392 140 383 146 382 146 381 147 404 138 390 146 395 157 390 159 452 160 403 193 505 185 408 231 507 245 430 265 499 259 437 275 487 272 451 278 479 348 426 344 470 399 417 392 469 405 423 398 461 431 395 416 
385 153 387 144 389 142 392 141 382 146 382 147 381 147 403 138 389 147 394 157 389 160 452 160 402 192 505 185 408 231 507 245 430 265 499 259 437 275 487 272 451 278 479 348 426 345 470 399 417 392 469 404 423 398 461 431 395 416 
385 153 387 144 389 143 392 141 382 147 382 147 381 148 403 139 389 147 394 157 389 160 452 160 402 192 505 185 408 231 507 245 430 265 499 259 437 275 487 272 451 278 479 348 425 345 470 399 417 392 469 404 423 398 461 431 395 416 
385 153 386 144 389 142 391 141 382 146 381 147 381 147 403 138 389 147 394 157 389 160 452 161 402 192 505 185 409 230 507 245 430 264 499 259 437 275 487 272 451 278 479 348 425 345 470 398 417 392 469 404 423 398 461 431 395 416 
385 153 387 144 389 142 391 141 382 146 381 147 381 147 403 138 389 147 394 157 389 159 452 161 402 192 505 185 409 230 507 245 430 264 498 259 437 275 486 272 451 278 479 348 425 345 470 398 417 392 469 403 423 398 461 431 395 416 
385 153 387 143 389 142 392 140 383 146 382 146 381 147 403 138 389 147 394 157 389 159 452 161 402 192 505 185 409 230 507 245 430 264 498 259 437 275 486 272 451 278 479 348 425 345 470 398 417 392 469 403 423 398 461 431 395 416 
386 152 387 143 389 142 392 140 383 146 382 146 381 147 404 138 389 146 395 156 390 159 452 161 402 191 505 185 410 230 507 245 430 264 498 260 437 275 486 272 451 278 479 347 425 345 470 398 417 391 469 403 424 397 461 431 395 415 
386 152 387 143 390 142 392 140 383 146 382 146 381 147 405 138 389 146 395 156 390 159 452 161 402 191 506 185 411 228 507 246 430 264 498 260 437 275 486 272 451 278 479 347 425 344 470 398 417 391 469 403 424 397 461 431 395 415 
387 152 388 143 391 141 393 140 384 145 383 146 382 146 406 137 390 146 395 156 390 159 453 160 402 190 506 186 411 228 507 246 430 263 498 260 437 273 486 272 451 278 479 347 425 344 470 398 417 391 469 404 424 397 460 431 395 415 
388 151 389 142 392 140 395 139 385 144 384 144 383 145 408 137 391 145 396 156 391 158 454 160 402 189 507 186 411 226 508 246 430 262 498 260 436 272 486 272 451 277 479 347 426 343 470 398 417 391 469 404 424 397 460 431 395 415 
390 149 392 140 394 138 397 136 387 142 386 142 385 143 411 135 392 143 398 154 393 157 457 160 404 187 509 187 411 226 508 248 430 262 498 261 436 271 486 271 451 277 480 346 426 343 470 398 418 391 469 403 424 397 460 431 395 415 
393 146 395 137 397 135 401 134 390 139 389 139 388 140 414 133 395 141 401 151 396 154 459 159 405 184 510 187 411 225 509 250 430 261 498 263 436 271 487 271 451 276 480 346 427 342 470 398 418 391 469 403 424 397 461 431 395 415 
394 143 396 134 399 133 402 131 392 135 391 136 390 136 415 130 398 137 403 149 397 151 462 159 406 183 512 188 412 225 509 251 429 261 499 264 436 271 487 271 451 276 480 348 427 342 470 399 418 391 470 404 424 397 461 431 395 415 
398 141 400 131 403 130 406 128 395 133 394 133 394 133 418 128 401 134 406 146 401 149 464 157 407 181 514 190 412 224 510 252 428 261 499 266 434 271 487 271 450 276 479 349 427 342 470 399 418 392 470 405 424 398 461 431 395 415 
402 137 404 127 407 126 411 125 399 129 398 129 398 129 423 124 404 130 411 143 404 145 467 156 410 178 515 191 412 222 511 253 428 260 500 267 433 271 487 271 450 275 479 349 427 341 470 399 418 392 469 404 425 398 461 431 395 416 
405 134 408 124 411 123 415 122 403 126 402 126 401 126 427 122 409 127 414 140 408 142 471 155 412 176 517 192 413 221 511 254 427 259 500 268 433 271 487 271 450 274 479 347 429 337 470 399 419 391 468 404 425 397 461 431 395 416 
409 131 413 122 416 121 420 120 408 123 407 124 406 124 431 120 413 124 419 138 412 140 474 154 414 174 519 194 413 218 512 255 427 257 501 269 432 270 487 270 450 271 480 341 430 335 470 398 420 391 469 404 426 397 462 431 396 416 
414 129 418 119 421 118 425 117 413 121 411 121 410 121 436 118 417 122 424 136 416 137 478 153 416 171 521 195 413 216 513 257 426 255 502 272 431 268 487 269 450 270 479 341 431 335 471 398 421 391 470 404 427 397 462 431 396 416 
419 126 423 117 426 116 430 115 417 118 416 118 415 118 441 116 421 120 428 133 421 135 482 153 418 169 524 197 414 214 514 257 425 254 502 273 430 267 487 270 450 270 479 342 431 335 470 398 421 391 470 403 428 397 462 430 396 416 
424 124 428 115 432 114 436 113 422 116 421 116 420 116 446 115 425 117 433 131 425 133 486 153 420 165 525 199 415 211 515 259 424 253 503 274 428 266 487 270 450 270 479 342 431 335 470 398 421 390 470 403 428 397 462 430 396 416 
429 123 434 113 437 112 441 112 427 114 426 114 424 114 451 113 430 115 437 130 429 131 490 153 422 162 527 202 414 209 516 261 422 252 504 276 427 266 487 270 449 269 479 343 431 335 470 398 421 390 470 403 428 397 462 430 396 416 
434 121 439 111 442 111 446 110 432 112 430 112 429 112 456 112 434 114 442 128 434 129 494 153 424 160 528 204 414 207 517 263 421 251 505 278 425 265 487 270 449 268 479 343 432 336 470 398 421 390 469 403 428 397 462 430 396 416 
439 120 444 110 447 109 451 109 437 111 435 111 434 111 461 111 438 112 447 127 438 128 497 153 426 158 529 207 414 205 518 266 418 251 507 281 420 265 487 271 449 268 479 344 432 336 469 398 421 390 468 403 428 397 462 430 396 416 
443 118 448 108 452 108 456 107 441 109 439 109 438 109 465 110 441 110 450 126 442 126 501 153 428 155 530 209 414 203 518 268 416 252 508 284 418 266 487 272 448 268 478 344 432 336 469 398 422 390 468 403 429 397 462 430 397 416 
447 117 453 107 457 107 460 106 446 108 444 108 442 108 470 110 446 109 455 125 446 125 504 153 431 154 531 212 414 201 519 270 414 252 509 286 416 266 487 273 447 269 478 345 432 336 468 398 422 390 467 403 429 397 462 430 397 417 
452 116 457 107 461 107 465 107 450 108 448 108 446 108 474 110 449 110 459 124 450 125 507 154 433 153 531 213 414 201 520 271 412 252 510 287 414 266 488 274 447 269 478 345 432 336 468 399 423 389 467 403 429 397 462 430 397 417 
456 116 461 107 465 107 468 106 454 107 452 107 450 107 477 109 453 109 462 124 454 124 510 155 436 152 530 215 415 201 520 273 411 252 510 290 411 266 488 275 447 269 478 346 432 336 468 399 423 389 467 403 429 398 462 431 396 417 
460 115 465 107 469 107 473 106 458 107 456 107 454 107 481 109 456 109 466 124 457 124 513 156 437 151 530 218 416 201 519 275 410 252 511 291 410 267 488 275 446 269 478 345 432 336 469 398 423 389 467 403 428 398 462 431 396 417 
462 116 468 107 472 107 476 107 461 107 458 107 457 107 485 110 458 109 469 124 459 124 514 158 439 150 530 219 417 202 519 276 409 252 511 291 409 267 488 276 446 269 478 346 432 337 469 399 423 390 467 404 428 398 462 431 397 417 
466 115 472 107 476 107 479 107 464 107 461 107 460 107 488 110 461 109 472 124 462 124 516 159 441 150 529 220 418 202 519 277 408 252 510 292 408 267 489 277 446 269 478 347 433 338 469 399 423 390 467 404 428 398 462 431 397 417 
468 115 475 107 479 107 483 107 466 106 464 106 462 106 491 110 463 108 475 124 464 123 518 159 443 150 528 221 419 202 519 277 408 251 510 292 407 267 489 277 446 269 478 347 433 338 469 398 423 390 467 403 428 398 464 431 397 417 
471 115 478 107 482 107 485 107 469 106 466 106 464 106 493 110 465 108 477 124 466 123 518 160 443 149 528 222 419 201 519 277 408 251 510 292 406 267 489 277 446 269 479 346 433 339 469 398 423 390 467 403 429 398 465 431 397 417 
473 115 480 107 484 107 488 107 471 106 468 106 466 106 495 110 466 108 479 124 468 123 519 161 443 148 528 222 420 201 519 277 408 251 510 292 407 267 490 277 446 269 479 346 433 339 469 398 423 391 467 403 429 398 466 431 397 417 
475 114 482 107 486 107 489 107 472 106 470 106 468 106 496 110 467 108 481 124 470 123 520 162 444 148 528 223 420 201 519 276 408 251 509 291 407 267 491 277 446 269 480 346 434 339 469 398 423 391 467 403 429 398 466 431 397 417 
477 115 483 107 487 107 491 107 474 106 471 106 469 106 497 110 468 108 483 124 471 123 521 162 444 148 528 223 419 201 519 276 409 252 509 291 407 268 491 277 446 270 480 346 434 340 469 398 424 391 467 403 430 398 466 431 398 417 
478 115 485 107 489 107 492 107 475 106 472 106 470 106 498 111 469 108 484 124 472 123 521 163 445 148 529 223 419 200 519 276 409 252 508 291 408 269 492 278 447 270 480 347 434 340 469 398 424 391 466 403 430 398 466 431 398 417 
480 115 487 107 490 108 494 108 477 106 474 106 471 106 500 111 470 108 486 124 474 123 522 163 445 148 529 223 418 200 519 274 411 253 508 289 411 271 492 278 448 270 480 347 435 340 469 398 425 391 466 403 430 398 466 431 398 417 
482 115 489 108 493 108 495 108 479 106 476 106 474 106 502 112 471 108 488 124 476 123 522 163 445 148 530 223 417 199 519 271 416 253 509 285 418 271 492 278 448 270 480 346 435 340 469 398 425 391 466 403 430 398 466 431 398 417 
484 115 491 108 494 108 497 109 481 107 478 106 475 106 503 113 472 109 489 124 477 124 522 164 445 147 530 223 417 199 521 267 421 252 513 281 427 269 492 278 448 271 480 347 435 340 469 398 425 391 466 403 430 398 466 431 398 417 
484 116 491 109 494 110 497 111 481 108 478 107 476 107 503 115 472 109 490 125 478 124 521 164 445 147 531 223 416 198 528 262 428 250 520 274 435 265 492 279 448 272 480 347 435 340 469 398 425 390 465 403 430 397 467 431 398 417 
484 118 491 111 494 112 497 112 482 109 479 108 476 108 504 116 473 109 490 127 478 125 521 165 445 147 531 223 416 199 533 257 432 245 529 267 442 258 491 279 448 272 480 347 435 340 469 398 424 390 465 403 430 397 467 431 399 417 
486 119 493 112 496 113 499 114 484 110 480 109 478 109 504 117 474 109 491 128 479 126 521 165 445 147 531 219 417 199 541 252 436 242 542 260 447 253 491 278 448 271 480 347 434 340 469 398 424 390 465 403 430 397 467 431 399 417 
487 121 493 114 496 115 499 115 484 112 481 111 478 110 505 118 475 110 491 130 480 128 521 165 446 147 531 218 419 199 547 249 444 238 556 253 457 245 489 278 448 271 480 347 434 340 469 398 424 390 464 403 429 397 467 431 399 417 
487 122 494 115 497 115 500 116 485 113 481 112 479 111 505 119 475 111 492 131 480 129 521 165 447 146 531 218 422 198 555 248 450 233 565 248 464 237 488 277 446 270 479 347 433 340 469 399 423 390 464 404 428 397 467 431 399 418 
487 123 494 116 497 116 500 116 485 113 482 112 479 111 506 119 476 111 492 132 481 129 521 166 447 146 536 218 425 198 561 245 457 231 573 241 473 231 487 277 446 269 479 347 433 340 468 399 423 390 464 404 428 397 467 431 399 418 
489 124 496 116 499 117 502 117 487 114 484 112 481 111 508 120 478 111 493 132 482 130 521 166 448 145 540 218 429 198 569 244 463 229 582 238 480 229 487 276 445 268 479 348 433 340 468 399 423 391 463 404 428 398 466 432 399 418 
491 124 498 117 501 117 504 118 489 114 486 113 483 112 510 120 479 112 495 133 484 130 522 167 449 145 544 218 434 198 575 242 474 229 588 235 492 228 487 276 445 267 478 348 433 340 468 399 423 391 463 404 428 398 466 432 399 418 
493 126 500 119 503 119 506 120 491 116 488 115 484 113 512 123 481 113 497 135 486 132 523 168 450 144 547 218 439 196 580 241 481 229 594 232 500 228 486 276 445 267 478 348 432 340 467 400 423 391 463 405 428 398 466 432 399 418 
496 128 503 121 507 122 510 122 495 118 492 116 489 115 514 125 484 115 499 136 490 133 524 169 453 143 550 218 445 195 586 240 489 229 599 231 507 228 486 276 444 266 478 348 432 339 467 400 422 391 463 405 428 398 465 432 399 418 
500 131 506 124 510 125 512 125 498 121 494 120 491 118 516 127 486 117 502 139 493 136 525 171 455 143 554 219 450 195 591 241 496 230 603 232 514 229 486 276 444 266 477 347 432 339 467 400 422 391 463 405 427 398 465 432 398 419 
504 134 510 128 513 128 516 129 502 125 499 124 496 122 517 129 490 120 505 142 497 140 526 173 457 143 556 219 455 195 595 241 504 230 607 233 520 229 486 276 444 265 476 347 431 339 467 400 422 391 463 405 427 397 465 432 398 419 
507 136 513 130 516 130 519 131 504 127 501 125 498 124 521 131 492 122 508 145 499 142 528 175 459 144 558 221 460 195 599 242 509 230 611 234 526 229 485 275 443 265 476 347 431 339 467 400 422 391 463 405 427 397 465 432 398 419 
510 141 516 134 519 135 522 135 507 131 504 130 501 128 524 135 495 126 511 149 502 147 530 178 462 145 561 224 463 195 602 243 514 230 615 236 532 230 485 275 443 265 476 346 431 339 467 400 421 391 463 405 425 397 465 432 398 419 
513 145 520 137 523 138 526 138 511 134 507 133 504 131 527 138 498 129 514 153 505 150 531 180 466 146 563 227 466 195 605 247 518 232 618 237 536 231 485 275 443 265 475 346 431 339 468 400 420 391 464 405 423 397 465 431 398 419 
517 149 524 141 526 142 529 142 515 138 511 137 508 135 529 142 502 132 518 157 509 154 533 182 469 147 565 229 469 195 608 250 521 235 621 240 538 234 485 275 443 264 475 346 431 339 468 400 419 391 464 405 421 397 465 431 398 420 
520 151 526 144 529 144 532 145 518 141 515 139 512 137 532 144 505 134 521 159 512 156 534 184 472 149 565 232 473 196 609 254 524 237 623 246 542 238 485 275 443 264 475 346 431 338 468 399 417 392 464 405 419 398 465 432 398 420 
524 154 530 147 532 147 534 147 521 143 518 142 515 140 535 147 508 136 524 162 515 159 535 186 474 150 567 234 476 197 613 257 528 240 628 249 545 242 485 276 442 264 475 346 430 338 468 399 416 392 464 405 419 398 465 432 398 420 
526 156 533 149 535 150 537 150 524 146 521 144 518 142 537 149 511 138 526 164 518 161 537 188 476 152 569 237 479 199 614 261 532 243 628 254 549 245 485 276 442 264 475 346 429 338 467 399 415 392 463 405 418 397 465 432 397 420 
528 159 535 152 537 153 539 153 526 149 523 147 520 145 539 152 513 141 528 167 520 164 538 190 478 155 570 240 483 202 613 265 536 245 627 259 554 248 485 276 442 263 475 346 428 338 467 399 413 391 462 405 416 396 465 432 397 420 
530 162 537 155 539 156 541 156 529 152 525 150 522 148 542 155 515 144 530 170 522 167 540 192 481 157 571 242 487 205 613 267 541 249 628 262 559 250 485 276 442 263 475 347 427 336 467 400 412 391 462 405 414 396 465 432 396 419 
533 164 540 158 542 158 544 158 531 154 528 152 525 150 544 157 517 146 533 172 524 169 541 194 482 158 570 246 488 208 614 270 545 251 629 266 563 251 485 276 443 262 475 346 427 335 467 399 411 390 462 404 413 395 465 432 396 418 
535 167 541 160 544 161 546 161 533 157 530 155 526 153 545 160 519 148 534 175 525 172 542 196 484 161 571 248 491 212 614 273 547 252 629 270 566 253 485 277 443 261 475 346 426 334 467 399 411 389 462 404 413 393 465 431 396 417 
536 170 543 163 545 164 547 164 535 159 532 157 529 155 547 163 521 151 536 178 527 174 543 198 485 162 571 250 492 214 615 275 548 254 629 273 567 255 484 277 443 261 475 346 426 334 467 398 411 389 463 404 413 393 465 431 396 417 
539 171 545 165 548 165 550 166 537 161 534 159 531 156 549 165 523 152 538 179 529 176 545 201 486 163 571 253 494 216 615 277 549 255 630 274 569 256 484 277 443 261 474 346 426 333 468 399 412 388 463 406 413 392 465 432 396 417 
540 174 547 167 549 168 551 168 539 163 536 161 533 159 550 167 525 154 539 181 530 178 546 203 488 164 571 254 496 218 615 277 551 256 631 275 570 257 484 277 443 260 474 345 426 333 468 399 411 388 464 406 413 392 464 432 397 417 
541 175 548 169 550 170 552 170 540 165 537 163 534 160 551 169 526 155 540 183 531 179 547 204 489 165 572 255 497 218 615 279 552 257 631 278 571 258 484 277 444 259 474 344 426 333 468 399 411 388 465 406 413 392 464 432 397 417 
543 177 549 171 552 172 554 172 541 167 538 164 535 162 553 170 527 157 541 184 533 180 547 205 490 166 572 256 498 220 614 280 552 258 631 279 572 260 484 276 444 259 474 344 426 334 468 399 411 388 465 405 412 392 464 432 397 418 
543 178 550 172 553 173 555 173 542 168 539 166 536 163 554 172 528 158 542 186 533 182 548 206 491 167 572 257 500 222 614 281 554 259 630 282 574 261 484 276 444 259 474 344 426 334 468 400 410 389 465 405 410 392 463 432 397 418 
544 180 551 174 554 174 556 175 543 170 540 168 537 165 555 173 529 159 543 187 534 183 549 207 492 168 573 258 502 224 614 283 554 261 631 284 574 263 484 276 444 259 474 344 426 334 468 400 409 389 465 405 410 392 463 432 397 418 
545 181 552 175 554 175 557 176 544 171 541 169 537 166 556 174 530 160 544 188 535 184 549 208 493 169 573 259 502 225 614 284 555 263 631 285 575 265 484 276 444 258 475 343 425 334 468 401 408 388 465 405 409 391 463 432 397 418 
545 182 552 175 555 176 557 177 544 171 541 169 538 167 556 175 530 161 544 189 535 185 549 209 494 170 573 259 503 226 614 285 555 264 631 285 575 266 484 275 444 258 475 343 425 334 468 401 408 388 465 405 408 391 463 431 397 418 
546 182 553 176 555 177 558 177 545 172 542 170 538 168 557 176 531 162 545 190 536 186 550 209 494 171 573 260 504 227 614 286 555 266 631 285 575 268 484 275 444 258 475 343 425 333 468 401 408 387 465 404 408 390 464 431 397 417 
546 183 553 177 556 177 558 178 546 173 542 171 539 168 557 176 531 162 545 190 537 186 550 210 495 171 573 261 504 229 615 287 554 268 631 285 575 269 484 275 444 257 475 342 425 333 468 401 408 387 465 404 408 390 464 431 397 417 
547 183 554 177 556 178 558 178 546 173 543 171 540 169 557 177 531 163 546 191 537 187 550 210 495 172 573 261 504 230 614 286 555 269 631 286 575 271 484 274 444 257 475 342 425 332 468 400 408 387 465 403 409 390 464 431 397 417 
547 184 554 177 556 178 558 178 546 173 543 171 540 169 557 177 531 163 546 191 537 187 550 209 495 172 573 260 504 232 613 285 554 269 630 286 575 272 484 274 444 257 475 341 425 331 468 400 408 387 465 403 409 390 464 431 397 417 
547 184 554 177 556 178 558 178 547 173 543 171 540 169 557 177 531 163 546 191 537 187 550 209 495 173 573 260 505 233 613 285 554 269 630 286 574 272 484 273 444 256 475 342 425 331 468 399 408 387 465 402 409 390 464 431 397 417 
548 184 554 177 556 178 558 178 547 174 544 172 540 169 557 177 531 163 546 191 538 187 550 209 495 173 573 260 505 233 612 285 554 270 630 286 574 272 484 273 444 256 475 342 425 331 468 399 408 387 465 401 410 390 464 430 397 417 
548 184 554 178 556 178 558 178 547 174 544 172 540 169 557 177 531 163 546 191 538 188 550 209 495 173 573 260 504 234 612 285 554 270 628 285 574 272 484 273 444 256 475 341 425 331 468 398 408 387 465 400 410 390 464 430 397 417 
548 184 554 177 556 178 558 178 547 174 544 172 540 169 557 177 531 163 546 191 538 188 550 209 495 173 573 260 504 234 612 285 554 270 628 285 574 272 484 273 444 256 476 341 425 331 468 398 409 387 465 400 411 390 464 430 397 417 
548 184 554 177 556 178 559 178 547 174 544 172 540 169 557 177 531 163 547 191 538 188 550 209 495 173 572 260 504 234 612 285 554 270 628 285 574 273 484 273 444 256 476 341 425 331 468 398 409 387 465 400 411 390 464 430 397 417 
548 184 555 177 557 178 559 178 547 174 544 171 540 169 557 177 531 163 547 191 538 187 550 209 495 173 572 260 504 234 612 285 554 270 629 285 574 273 484 273 444 256 476 341 425 331 468 397 409 387 465 400 411 389 464 430 397 417 
548 184 555 177 557 178 559 178 547 173 544 171 540 169 557 177 531 163 547 191 538 187 550 209 495 173 572 260 504 234 612 285 553 270 629 285 573 272 484 273 444 256 476 341 425 331 468 397 409 387 465 400 411 389 464 430 398 417 
548 184 554 177 557 178 559 178 547 173 544 171 540 169 557 177 531 163 546 191 538 187 550 209 495 173 573 260 504 234 612 284 553 269 629 285 573 272 484 273 444 256 476 341 425 331 468 397 409 387 465 400 412 389 464 430 398 417 
548 183 554 176 557 177 559 177 547 173 544 170 540 168 557 176 531 162 546 190 537 187 550 208 495 173 573 260 504 234 612 284 552 269 629 284 572 272 484 273 444 256 476 341 425 331 468 397 409 387 465 400 412 389 464 430 398 417 
548 182 554 175 556 176 558 176 547 172 544 169 540 167 557 175 531 161 546 189 537 186 550 207 494 172 573 260 504 233 613 284 552 267 629 283 572 270 484 273 444 256 476 341 425 331 468 397 409 387 465 400 412 390 464 430 398 417 
547 181 554 173 556 174 558 174 547 170 544 168 540 165 557 173 531 160 545 188 536 185 550 206 494 172 573 259 504 232 613 283 552 266 630 281 571 269 484 273 443 256 476 341 425 331 468 398 409 387 465 400 412 390 464 430 398 417 
546 178 553 171 555 172 557 172 546 168 543 165 540 163 556 171 531 158 544 186 536 183 550 205 493 171 573 258 504 229 613 282 552 265 630 280 570 268 484 273 443 256 476 341 425 331 468 398 409 387 465 400 412 390 463 430 398 417 
545 177 552 170 554 170 556 170 546 166 543 164 539 161 555 170 530 157 543 184 535 181 549 203 492 170 572 256 504 226 613 281 551 263 630 278 569 266 484 273 443 256 476 341 425 331 468 398 409 387 465 400 412 390 463 430 398 417 
545 174 551 166 553 167 555 167 545 163 542 160 538 158 554 166 530 154 543 181 534 179 548 201 491 168 571 254 503 223 613 280 550 260 630 277 568 263 484 272 443 256 476 341 425 331 468 398 409 387 465 400 412 390 463 430 398 417 
544 172 550 164 552 164 554 164 544 160 541 158 538 156 553 163 529 152 542 179 534 176 547 199 489 167 570 253 502 223 612 279 549 259 630 276 567 262 484 272 443 256 476 341 425 331 468 398 409 388 465 400 412 391 463 430 398 417 
543 168 549 161 551 161 552 161 543 157 540 155 537 153 551 161 528 150 541 176 533 173 546 198 488 165 570 251 500 221 610 278 547 257 627 275 566 260 484 272 443 257 476 342 425 332 468 398 410 388 465 400 412 391 464 430 397 417 
542 166 547 158 549 158 551 158 541 154 538 153 534 151 550 158 526 149 540 173 532 171 545 197 486 164 569 251 498 220 608 277 545 256 626 274 563 260 484 272 443 257 476 342 425 332 468 398 410 388 464 401 413 391 464 430 397 417 
540 163 546 155 548 156 549 156 539 152 536 150 532 149 549 156 524 146 539 171 531 169 545 195 484 163 567 251 495 221 605 276 542 256 621 274 560 261 484 272 443 258 476 343 425 333 468 398 410 388 464 401 413 391 464 430 397 417 
539 160 544 152 546 152 548 153 537 149 534 148 531 146 547 153 522 144 538 168 530 165 544 194 483 162 565 249 492 220 601 275 539 257 617 274 557 261 484 272 443 258 476 344 425 334 468 399 409 389 464 403 412 393 464 431 396 418 
537 156 542 149 544 149 546 150 535 146 532 145 528 143 545 149 520 141 537 164 528 162 543 192 481 160 563 247 489 219 599 275 536 257 614 274 553 263 484 272 443 258 475 345 425 335 468 400 409 389 464 404 412 393 464 431 396 418 
535 152 540 145 542 146 544 146 532 142 529 140 526 139 544 147 518 138 535 161 526 157 542 190 479 160 561 246 487 219 596 275 532 257 611 276 549 265 484 272 443 258 475 345 425 336 468 400 410 389 464 404 412 393 464 432 396 418 
533 149 538 142 540 143 542 143 531 139 527 137 525 136 542 144 516 136 534 157 525 154 542 188 477 160 558 243 485 219 591 274 530 257 604 277 548 267 484 273 443 259 475 345 425 336 468 401 410 389 464 404 412 394 463 432 396 418 
531 147 536 140 538 141 540 141 528 137 525 136 522 135 540 142 513 135 532 155 522 152 541 187 475 159 554 240 485 219 586 274 530 258 597 279 548 268 485 272 443 259 476 345 425 337 468 401 411 389 464 404 413 393 464 432 396 418 
529 146 534 138 536 139 539 139 526 135 523 134 520 133 538 141 511 133 530 154 520 150 540 186 473 159 548 239 484 219 579 273 531 260 589 280 550 270 485 272 443 260 476 346 425 337 468 400 411 390 465 404 413 394 464 432 396 419 
527 144 532 136 534 137 537 137 524 133 521 132 518 131 537 139 509 132 528 152 518 149 538 183 471 160 544 236 485 222 574 272 532 263 586 280 551 273 485 271 443 260 476 346 425 337 468 400 412 389 465 404 414 393 464 432 398 419 
525 143 530 135 533 136 535 136 522 132 519 131 516 130 535 138 508 131 526 151 516 148 537 181 470 160 542 236 485 224 572 271 533 265 585 280 555 274 485 271 443 260 475 346 424 337 468 400 412 389 464 404 415 392 464 432 398 419 
524 142 530 134 532 135 534 135 521 132 518 130 515 129 534 137 507 130 525 150 515 147 536 180 470 161 539 232 486 226 567 269 536 267 583 279 558 274 485 271 443 261 475 347 424 337 468 400 412 389 464 404 415 392 464 432 398 419 
525 142 530 134 532 135 533 135 521 132 518 130 515 129 533 136 506 130 525 151 515 148 534 179 470 162 538 231 486 228 565 269 538 269 581 277 560 274 485 271 442 262 475 347 423 337 468 401 412 389 463 405 415 392 465 432 399 419 
525 142 529 134 531 135 533 135 522 132 518 131 515 130 532 136 506 131 525 151 516 148 532 178 470 163 538 231 487 230 564 269 541 271 582 278 563 276 484 271 441 262 475 347 422 337 468 401 412 388 462 405 415 392 465 431 399 418 
525 143 529 135 531 135 533 135 522 132 518 131 515 130 533 137 506 131 525 151 516 149 532 178 471 166 537 231 489 232 565 269 547 275 583 278 570 279 483 271 440 262 474 347 422 337 467 401 412 388 462 405 415 391 465 431 400 418 
525 144 530 136 532 136 534 136 522 133 519 132 516 131 533 138 507 131 525 152 516 149 531 178 471 168 537 232 493 235 566 269 552 276 584 278 573 281 481 271 439 262 473 347 421 337 467 401 412 388 462 405 415 391 465 431 401 418 
526 144 530 136 532 136 534 136 522 134 519 132 516 131 533 138 507 132 525 152 517 150 530 179 473 171 538 232 496 237 567 269 555 277 585 277 575 282 479 271 438 262 472 347 421 337 467 401 412 388 462 405 415 391 465 431 401 418 
528 148 531 140 533 140 535 140 524 138 520 137 517 135 533 140 507 135 527 156 520 154 530 179 476 175 538 232 500 240 568 269 557 279 586 277 577 283 478 271 438 263 471 346 420 337 467 400 412 388 461 405 414 391 465 431 401 418 
530 152 533 145 535 145 536 145 526 143 522 141 518 140 534 144 508 138 529 160 522 158 530 179 478 177 539 232 503 242 568 269 558 280 586 277 579 284 477 271 437 263 470 346 420 337 467 400 412 388 461 405 414 391 465 431 401 418 
531 156 535 149 537 149 538 149 528 146 525 145 521 143 535 148 510 141 530 164 523 162 530 181 481 178 539 233 505 244 569 270 562 283 587 277 582 285 476 270 436 264 469 345 420 337 467 400 412 388 462 405 414 391 465 431 402 418 
533 159 537 152 539 152 540 152 530 149 527 148 523 146 537 151 513 144 532 167 525 165 530 183 482 180 539 234 506 247 569 270 563 284 587 277 583 286 475 270 436 264 469 345 419 337 467 400 412 388 462 405 414 392 465 431 402 418 
535 161 539 154 541 154 543 154 532 151 529 149 525 148 539 153 516 146 534 169 527 166 531 184 484 182 540 235 508 249 570 270 566 285 589 277 585 287 474 270 435 264 469 344 419 337 467 400 412 389 462 405 414 393 465 431 402 418 
537 164 541 156 543 156 545 156 534 153 531 152 527 150 541 155 518 148 536 171 528 169 531 186 485 183 542 236 510 250 573 271 567 285 591 277 587 288 473 270 435 264 469 344 418 337 466 399 412 388 462 405 413 393 465 431 402 418 
539 165 543 157 545 157 546 157 536 154 532 153 529 151 543 156 519 150 537 172 529 170 531 188 486 185 543 238 511 252 576 272 568 287 593 278 588 289 473 270 434 264 469 343 417 338 466 399 411 388 462 404 412 393 465 430 402 418 
540 167 544 159 545 159 547 159 537 156 533 155 530 153 543 158 520 151 538 174 530 172 532 189 487 186 544 240 513 253 578 273 569 288 594 278 588 290 472 270 434 264 469 343 417 338 466 399 411 389 462 403 412 393 465 430 403 418 
541 168 545 160 546 160 548 160 538 157 534 156 530 154 545 159 521 152 540 175 531 173 533 191 488 187 546 242 515 255 581 274 572 290 596 280 591 291 472 270 434 264 469 343 417 338 466 399 411 389 462 403 412 393 465 430 403 419 
543 170 546 162 548 162 550 162 540 159 536 158 532 156 546 160 523 154 541 177 533 175 534 192 489 188 547 243 516 257 583 275 573 291 598 280 593 292 472 269 433 264 469 341 417 338 466 399 411 389 462 403 412 393 466 430 403 419 
543 171 547 163 549 163 551 163 541 160 537 159 533 157 547 161 523 155 542 178 534 176 534 193 489 189 548 244 518 258 584 277 575 293 600 280 594 293 472 268 433 264 469 340 417 338 466 399 411 389 463 403 412 392 466 430 403 419 
544 172 548 164 550 164 551 164 541 162 538 160 534 158 548 163 524 156 543 179 535 177 535 194 489 190 548 245 519 259 584 277 575 294 600 280 595 293 472 268 433 264 469 340 417 338 466 399 410 389 463 403 412 393 466 430 403 419 
545 174 549 165 551 166 552 165 543 163 539 162 535 160 548 164 525 157 544 181 536 179 535 195 490 191 548 246 521 261 585 277 577 295 602 280 598 294 472 268 433 264 469 340 417 338 466 399 410 389 464 404 411 393 466 430 403 419 
546 175 550 166 552 166 553 166 544 164 540 163 537 161 549 165 526 158 545 182 537 180 536 196 491 192 549 247 522 261 586 278 577 295 602 281 599 293 471 268 432 263 469 340 417 339 466 400 410 389 464 404 411 393 467 430 403 419 
547 175 551 167 552 167 554 167 544 165 541 163 537 161 550 166 526 159 545 182 538 180 536 198 491 192 549 247 522 262 586 278 578 296 602 281 599 294 471 268 432 263 470 341 417 339 466 403 410 389 464 408 411 393 467 430 403 419 
547 176 551 167 553 168 554 167 545 165 541 164 537 162 550 167 527 159 545 183 538 181 536 198 492 193 549 247 523 262 585 278 577 296 602 282 598 294 471 268 432 263 470 340 417 339 466 403 410 389 464 408 411 393 467 430 404 420 
547 176 551 168 553 168 554 168 545 166 542 165 538 163 550 167 527 160 545 183 538 181 536 198 492 193 549 247 523 263 585 278 577 296 602 282 598 295 471 268 432 263 470 340 417 339 466 403 410 389 464 408 411 393 467 431 404 420 
547 177 551 169 553 169 555 169 545 167 542 165 538 163 551 168 527 160 545 184 538 181 537 198 492 195 549 247 523 263 585 279 576 296 602 284 597 295 471 268 432 263 470 340 417 338 466 403 410 389 465 408 411 393 467 431 404 420 
547 177 552 169 553 169 555 169 545 167 542 165 538 163 551 169 527 160 545 184 538 182 537 199 492 195 549 248 523 263 585 279 576 296 602 284 597 295 471 268 432 263 471 341 417 338 467 403 410 389 465 408 411 393 467 431 404 420 
547 177 552 169 553 169 555 169 545 167 542 165 538 163 551 169 527 160 545 184 538 182 537 200 492 195 549 249 523 263 585 280 576 296 602 285 597 295 471 268 432 263 471 341 417 338 467 402 410 389 465 407 411 393 467 431 404 420 
547 177 552 169 553 169 555 169 545 166 542 165 538 163 552 169 528 161 545 184 538 182 537 201 493 195 549 250 523 263 585 281 576 296 602 285 597 296 471 268 432 263 471 341 417 338 467 402 410 389 465 407 410 392 467 431 404 420 
547 177 552 170 553 170 555 170 545 167 542 165 538 164 552 170 528 161 545 184 537 182 537 201 493 195 549 250 523 264 585 281 576 296 602 286 596 296 471 268 432 263 471 342 416 339 467 402 410 390 465 407 410 393 467 431 404 420 
547 177 552 169 554 170 555 170 545 167 542 165 538 163 552 170 528 161 545 184 537 182 537 201 493 196 549 250 523 264 584 282 575 296 602 286 596 296 471 268 432 263 471 342 416 339 467 402 410 390 465 407 410 394 467 431 404 420 
547 177 552 170 554 170 555 170 545 167 542 165 538 163 552 170 528 161 545 185 537 182 537 201 494 196 549 250 523 264 584 282 575 296 601 286 595 297 471 268 432 263 471 343 416 339 467 402 410 390 465 407 410 394 467 431 404 420 
547 177 552 170 554 170 555 170 545 167 542 165 538 164 552 170 528 161 545 185 537 183 537 201 494 196 548 250 523 265 584 282 575 297 601 287 595 297 471 268 432 263 471 343 416 339 467 402 410 390 464 407 410 394 467 431 404 419 
547 178 552 170 554 170 555 170 545 168 542 166 538 164 552 171 528 162 545 185 537 183 537 201 494 197 548 250 523 265 584 282 575 297 601 287 595 298 471 268 432 263 471 344 416 339 467 402 410 390 464 408 410 394 467 431 404 419 
547 178 552 170 554 170 555 170 545 168 542 166 538 164 552 171 528 162 545 185 537 183 537 201 494 197 548 250 523 265 584 282 575 298 601 287 595 298 471 268 432 263 471 344 416 339 466 402 409 390 464 408 410 394 467 431 404 419 
547 178 552 171 554 171 555 171 545 168 542 166 538 164 552 171 528 162 545 186 537 184 537 202 494 198 548 250 523 265 584 282 575 298 601 287 595 298 470 268 432 263 471 344 416 339 466 402 409 390 464 408 410 395 467 431 404 419 
547 178 552 171 554 171 555 171 545 168 542 166 538 165 552 171 528 163 545 186 537 184 537 202 494 198 548 250 523 266 584 282 575 298 601 287 595 298 470 268 432 263 471 344 416 339 466 402 409 391 463 407 410 395 467 431 404 419 
547 178 552 171 554 171 556 171 545 168 542 167 538 165 552 171 528 163 545 186 537 184 537 202 494 198 548 251 523 266 584 282 575 298 601 287 595 298 470 268 432 263 471 344 416 339 466 402 409 390 463 407 410 394 467 431 404 419 
547 179 552 171 554 171 556 171 545 168 542 167 538 165 553 171 528 163 545 186 537 184 537 202 493 198 548 251 524 266 584 283 575 298 601 287 595 298 470 268 432 263 471 344 416 339 466 402 409 390 463 407 410 394 467 431 404 419 
547 178 552 170 554 171 556 171 545 168 542 166 538 165 553 171 528 163 545 186 537 184 537 202 493 198 547 251 524 266 584 283 574 298 601 287 594 298 470 268 431 263 470 344 416 339 466 402 409 390 463 407 410 394 467 431 404 419 
547 178 552 170 554 170 556 170 545 168 542 166 538 164 553 171 528 163 545 186 536 184 537 202 493 198 547 251 524 266 584 283 574 298 602 287 594 298 470 268 431 263 470 344 416 339 466 402 409 390 463 407 410 394 467 431 404 419 
546 177 552 169 554 169 555 169 545 166 542 165 538 163 552 170 527 162 544 185 536 183 536 201 493 197 547 250 523 265 584 283 574 297 602 287 594 298 470 268 431 263 470 344 416 339 466 402 409 390 463 406 410 393 467 431 404 419 
546 176 551 168 553 168 555 168 545 165 541 163 537 162 551 168 527 161 544 184 536 181 536 201 492 194 547 250 520 261 584 283 572 297 601 287 593 298 470 269 431 263 470 344 416 339 466 402 409 390 463 407 410 393 467 431 404 419 
545 174 550 166 552 166 554 166 543 163 540 162 536 161 550 167 525 160 543 182 535 180 535 199 491 192 546 249 519 258 584 282 570 295 601 287 592 298 470 269 432 263 471 344 416 339 466 402 409 390 463 407 410 393 467 431 404 419 
543 172 548 163 550 164 552 164 541 161 538 159 534 158 548 164 524 157 541 180 533 177 534 196 489 190 545 247 517 257 582 282 568 294 599 287 589 297 470 269 432 263 471 344 416 339 466 402 409 390 462 407 410 394 467 431 404 419 
540 169 545 161 547 161 549 162 539 158 535 157 532 156 546 161 521 154 538 178 530 174 533 193 486 185 545 244 515 255 581 280 566 292 597 286 587 295 471 269 432 263 471 344 417 339 466 402 409 390 462 407 410 394 466 431 404 419 
538 166 542 158 544 158 546 158 536 155 532 154 529 153 543 158 518 151 536 174 528 171 532 190 483 181 544 241 511 251 579 277 565 288 596 283 586 292 472 269 432 262 471 344 417 338 466 402 410 390 463 407 410 393 466 431 403 419 
534 162 539 154 541 154 542 154 532 151 529 150 525 149 539 153 515 147 533 170 524 166 531 187 479 176 543 240 508 246 578 274 558 285 594 281 579 291 473 269 432 262 471 344 418 338 466 403 410 391 462 407 411 395 466 431 402 419 
530 158 535 150 536 151 538 151 528 147 524 146 521 145 535 150 511 143 529 166 520 162 530 183 476 172 542 237 501 239 577 270 554 279 592 278 574 287 473 269 433 261 471 345 419 337 466 403 410 391 462 407 411 395 466 431 402 419 
526 153 530 146 532 146 534 146 523 143 520 142 517 141 532 145 507 139 525 161 516 158 528 180 471 169 541 233 493 234 576 268 546 276 589 276 567 283 474 270 433 261 471 345 420 337 466 402 410 391 462 406 412 395 465 431 402 419 
522 149 526 142 528 142 530 142 519 139 516 138 513 137 527 141 503 135 522 156 512 153 527 176 466 167 539 229 488 231 572 265 540 273 584 275 562 281 475 270 434 261 471 345 420 337 466 402 410 391 462 406 412 395 465 431 402 419 
517 144 521 136 523 137 525 137 514 134 510 133 507 132 523 136 498 130 517 151 507 149 525 173 462 165 536 226 484 230 567 263 535 272 578 273 556 279 477 270 434 262 471 345 420 338 466 402 410 391 461 406 412 395 465 432 402 419 
511 141 516 133 518 133 520 133 508 131 504 130 501 129 519 133 492 128 512 148 502 146 522 172 458 163 533 223 479 228 563 262 530 269 573 272 549 277 478 270 435 262 471 346 420 340 466 402 412 391 461 406 415 395 465 432 402 419 
504 136 510 128 512 128 514 129 501 126 498 125 495 124 515 130 487 124 506 144 495 141 520 170 454 160 531 221 474 225 560 260 524 265 568 270 545 272 478 271 436 263 471 347 420 341 466 402 413 390 462 406 416 394 466 432 402 419 
498 131 503 123 506 124 509 124 494 121 491 121 488 120 510 126 481 121 500 140 489 137 519 169 450 157 529 219 468 222 554 258 517 262 561 269 537 269 478 272 436 264 471 348 420 341 466 401 413 389 460 405 416 393 466 432 401 418 
491 127 497 119 500 119 503 120 487 117 484 117 481 116 505 122 475 117 495 135 483 133 516 167 446 155 527 219 459 219 548 258 507 259 553 269 528 267 478 272 436 265 471 348 421 341 466 401 413 389 459 405 416 393 467 432 401 418 
484 123 490 115 493 116 496 116 481 114 478 114 475 113 500 119 469 114 489 132 477 130 514 165 442 153 524 218 451 217 543 259 500 259 547 269 518 267 478 273 435 266 472 348 421 341 466 401 413 389 460 405 418 393 467 432 400 418 
477 121 483 113 487 113 490 114 475 112 471 112 469 111 494 116 464 112 482 129 472 128 510 163 437 152 523 217 445 217 537 258 494 259 539 270 510 268 478 272 435 265 472 347 421 341 466 401 413 389 460 405 418 393 467 431 399 418 
471 119 477 111 481 111 484 111 469 111 465 110 463 110 489 114 459 111 477 128 466 126 507 161 433 151 520 216 438 215 529 259 481 257 530 271 500 267 477 270 435 265 472 345 422 339 466 400 414 389 461 405 418 394 467 431 397 417 
465 117 471 108 474 108 478 108 462 108 459 108 456 108 484 111 454 109 471 125 460 124 506 160 429 149 517 216 430 212 521 261 471 256 518 274 488 266 476 270 435 265 472 344 422 338 467 400 414 389 462 405 418 394 467 430 396 416 
460 115 465 107 468 107 472 107 457 107 454 107 451 106 479 109 449 107 465 124 455 123 504 159 426 148 513 216 423 209 513 262 462 256 507 277 477 266 476 269 434 264 472 342 422 338 468 400 414 388 464 404 419 393 467 430 394 414 
455 114 460 106 463 106 467 105 452 106 449 106 446 105 474 108 445 107 461 123 451 122 501 158 423 148 510 216 416 208 504 264 451 256 499 279 467 267 474 268 433 264 472 342 422 336 468 400 414 388 465 405 419 394 466 429 393 413 
451 113 456 105 459 104 463 104 447 105 445 105 442 105 471 107 442 106 457 122 447 122 499 158 420 148 507 216 411 208 496 265 441 257 489 280 456 268 474 268 432 264 471 341 421 335 468 400 415 387 465 405 421 394 465 429 393 411 
446 112 451 104 455 103 459 103 443 104 441 104 438 104 467 105 438 106 453 121 443 121 496 157 416 148 504 217 406 208 487 268 433 257 478 282 447 269 473 266 430 264 470 342 420 335 467 399 415 386 465 404 421 392 465 429 393 412 
442 111 447 103 450 102 455 102 439 104 436 104 434 104 463 104 434 106 449 120 439 120 493 156 413 149 500 217 402 208 480 270 424 258 470 284 437 270 471 266 427 264 469 342 418 336 467 400 414 386 464 405 421 392 465 429 393 412 
438 111 442 102 446 101 450 101 435 103 432 103 430 103 459 104 431 106 445 119 435 120 489 156 411 149 496 217 399 208 472 271 417 260 459 284 429 274 467 267 424 266 468 343 416 336 467 400 413 385 464 405 420 391 465 429 393 412 
434 110 439 101 443 101 447 100 431 103 429 103 427 103 456 104 427 105 441 119 432 120 486 155 409 149 492 217 395 208 466 273 410 261 452 286 421 276 464 268 422 267 466 344 415 338 466 400 413 385 463 405 420 391 465 429 393 412 
431 110 436 101 440 100 444 100 428 102 426 102 424 102 453 103 424 105 438 118 429 119 483 155 406 149 485 218 392 208 463 274 403 263 449 287 413 279 462 268 419 267 464 344 414 338 465 399 413 385 463 404 420 391 464 429 393 412 
428 109 433 100 436 100 440 100 425 101 423 102 421 102 450 103 423 105 435 118 426 118 481 154 404 149 480 218 390 207 459 274 396 263 444 288 404 280 459 268 415 266 462 344 413 338 464 399 413 385 462 403 421 391 464 429 393 412 
426 109 430 100 433 100 437 99 423 101 421 101 419 101 447 103 421 105 432 117 424 118 478 154 403 149 476 218 389 207 455 275 389 263 440 288 395 280 456 268 413 266 459 344 412 338 463 398 413 385 461 402 420 391 464 429 392 412 
423 109 428 100 431 100 434 100 421 101 419 101 417 101 445 103 419 105 430 117 421 118 475 154 401 149 473 219 387 207 451 275 384 264 436 289 388 281 454 268 412 266 455 344 411 339 459 396 413 385 457 401 420 390 462 429 392 413 
421 109 426 101 429 100 432 100 419 101 417 101 415 101 443 103 417 105 427 118 419 118 473 154 400 150 470 220 386 207 449 275 381 264 433 289 383 280 452 268 411 264 451 344 410 339 454 396 413 385 453 401 420 390 460 430 392 413 
419 109 423 101 426 100 430 100 417 101 415 102 413 102 440 104 416 105 425 118 417 118 471 154 398 150 467 220 385 207 445 275 378 263 431 289 379 280 450 267 410 264 447 345 410 339 450 398 413 385 449 402 420 390 454 431 392 413 
417 110 422 101 425 101 428 100 415 102 413 102 411 102 439 104 414 105 423 118 415 119 470 155 397 150 465 221 384 207 443 275 375 263 428 289 375 280 449 267 408 263 444 346 409 340 446 400 413 384 446 405 420 389 444 437 392 413 
416 110 420 101 423 101 426 101 414 102 412 102 410 102 437 104 412 105 422 118 414 119 469 155 396 150 463 221 383 207 441 275 373 262 426 289 372 280 447 267 407 263 441 348 409 341 441 404 413 383 442 409 420 388 435 442 392 414 
414 110 419 101 422 101 425 101 412 102 410 102 409 102 436 104 411 105 420 118 412 119 467 155 394 150 461 222 381 207 440 276 370 262 425 290 368 280 446 267 406 263 438 350 408 342 436 410 413 383 437 417 420 388 427 447 392 414 
413 110 418 101 421 101 424 101 411 102 409 102 407 102 435 104 410 105 419 118 411 119 467 155 393 150 461 223 381 207 439 277 368 262 424 292 366 280 445 268 405 263 435 353 407 345 430 417 413 382 431 425 420 388 420 453 392 413 
412 110 416 101 420 101 423 101 410 102 408 102 406 102 434 104 409 105 418 118 410 119 466 156 392 150 461 226 380 207 438 282 366 263 423 297 364 280 443 271 404 265 432 359 406 345 425 427 413 383 426 434 419 389 415 460 392 413 
411 111 415 102 419 101 422 101 409 102 407 102 405 102 433 104 407 105 417 119 409 119 465 157 391 150 460 230 378 207 437 288 364 263 422 303 362 281 441 275 403 267 431 364 406 347 419 436 413 387 420 448 419 393 411 469 392 414 
410 112 414 103 418 102 421 102 408 103 406 104 404 104 433 105 407 106 416 120 408 120 465 159 390 151 461 233 377 208 438 293 363 265 423 309 361 282 439 279 401 269 429 366 406 348 415 449 413 390 413 458 419 396 407 483 393 416 
409 114 414 105 417 104 421 104 407 105 405 105 403 105 433 107 406 108 415 122 408 122 465 161 389 153 462 234 376 210 440 296 361 267 426 313 359 284 437 283 399 273 427 371 406 354 410 453 413 397 408 460 419 402 401 487 394 422 
409 116 415 106 418 106 422 105 408 107 405 107 403 106 433 109 406 109 416 124 408 124 466 163 388 154 463 235 375 211 441 300 360 268 429 317 357 285 436 286 397 276 425 375 406 360 406 455 413 401 402 463 418 404 397 491 394 428 
409 117 415 107 418 107 422 106 408 107 405 107 403 107 434 110 405 110 416 126 407 126 466 166 387 155 463 238 374 213 444 304 359 270 432 323 356 287 434 289 395 277 423 377 403 361 403 454 412 401 400 462 416 406 391 492 393 429 
409 118 415 108 419 108 423 108 408 108 405 108 402 108 434 111 405 110 415 127 407 127 466 167 386 155 464 241 372 215 450 307 358 272 438 327 356 290 434 291 394 280 422 380 402 361 401 459 412 399 399 465 416 405 395 491 391 427 
409 120 416 110 419 109 423 109 408 109 405 109 403 109 434 113 405 111 416 128 407 128 466 169 385 157 466 243 372 217 454 310 357 274 443 329 354 292 434 296 394 285 421 384 401 365 398 461 411 404 396 467 414 410 393 495 391 434 
410 121 416 111 419 111 423 111 408 110 406 110 403 110 435 114 405 112 416 130 407 129 466 170 385 158 470 245 371 219 459 313 356 276 449 332 352 294 435 300 393 288 419 388 400 372 397 464 399 409 394 468 403 414 386 510 389 436 
410 122 416 111 420 111 424 111 408 111 406 111 404 110 435 114 406 112 416 131 407 130 467 170 385 158 474 246 370 220 462 315 354 276 453 336 351 295 434 302 391 289 419 388 397 370 397 464 394 410 395 469 398 415 383 512 389 434 
410 122 416 112 420 112 425 112 408 111 406 111 404 110 436 115 406 112 416 131 407 131 469 170 385 158 478 247 370 221 466 316 353 278 458 337 349 297 434 304 390 290 418 390 395 371 397 466 392 412 396 471 400 413 385 512 377 440 
411 123 417 112 422 112 427 112 409 112 406 111 404 111 438 115 406 112 417 132 408 131 471 171 384 158 480 249 370 222 469 320 352 279 461 340 348 298 434 308 389 293 418 396 389 376 396 471 398 412 395 474 402 412 385 519 380 438 
411 124 418 113 423 113 428 113 409 112 406 111 404 111 439 115 406 112 418 133 408 132 474 172 384 158 481 250 369 223 472 323 351 281 464 344 347 300 435 307 389 294 416 400 379 377 396 469 399 402 395 472 404 406 386 517 383 437 
411 124 419 113 424 113 429 113 410 112 407 111 404 111 441 115 407 112 419 133 408 132 475 172 384 158 483 251 368 224 473 325 351 284 466 346 346 303 435 310 387 297 415 404 371 382 396 470 403 395 394 473 414 394 384 519 396 436 
412 124 419 113 424 113 430 113 410 112 407 111 404 111 441 115 407 112 419 134 408 133 476 174 383 158 484 254 366 226 476 329 349 287 468 350 344 306 435 313 387 301 414 410 366 389 397 472 402 394 394 476 414 387 385 524 395 432 
412 125 419 113 424 114 430 114 410 112 407 112 404 111 442 115 407 112 419 134 408 134 477 175 382 158 485 256 364 228 477 333 346 291 469 354 341 310 435 315 385 302 413 414 363 395 397 472 396 394 395 477 407 389 386 526 386 432 
412 126 419 114 424 114 430 114 409 113 407 113 404 112 442 116 406 113 419 136 408 135 477 176 380 159 484 258 361 229 478 337 343 294 470 358 339 315 435 319 384 306 413 416 361 403 398 470 389 396 395 475 396 390 386 522 377 435 
411 127 418 115 423 115 429 114 408 114 406 114 403 113 441 116 405 113 419 136 407 136 478 177 379 160 484 261 360 230 478 340 342 298 469 362 336 318 435 321 383 309 413 418 360 408 397 470 380 421 393 475 387 417 383 522 363 461 
409 127 416 115 420 115 426 114 406 114 403 114 400 113 440 116 403 113 417 137 405 136 478 178 377 160 484 266 357 234 477 346 337 304 468 369 333 325 435 325 381 312 411 422 359 410 390 474 372 459 388 477 377 463 380 528 350 485 
406 128 412 115 417 115 422 115 403 115 400 114 397 114 439 116 400 114 414 138 403 138 478 180 375 161 484 270 355 237 476 351 334 309 467 373 329 330 435 330 379 315 408 431 356 418 388 476 365 472 385 477 370 473 376 532 346 526 
403 130 409 118 413 117 419 116 399 118 396 117 393 116 436 116 396 115 412 140 400 141 478 181 373 164 483 273 350 243 476 354 330 314 465 377 325 336 434 336 376 321 407 437 353 430 388 481 358 483 384 482 363 481 378 543 344 547 
398 133 403 121 408 120 413 119 394 121 391 120 388 119 431 118 392 118 407 144 396 144 478 181 370 166 484 275 347 246 474 359 324 320 460 382 319 342 433 340 374 327 405 445 350 440 387 488 345 518 384 486 348 526 377 558 333 562 
392 136 398 123 403 122 408 121 389 123 386 123 383 122 426 120 388 120 403 147 391 147 477 184 366 171 484 280 343 252 468 363 321 326 453 386 314 350 432 344 373 332 404 453 348 447 387 498 338 532 385 536 341 542 378 571 328 576 
387 139 394 125 398 124 403 123 383 126 380 125 378 125 420 121 383 122 397 149 385 150 476 186 361 176 483 282 337 259 463 368 316 332 446 390 309 357 431 349 371 339 405 450 346 450 388 492 336 531 384 534 338 538 379 564 327 576 
381 143 388 130 392 129 397 128 378 130 375 129 372 129 415 125 378 127 392 153 380 154 473 188 355 181 482 286 329 265 458 373 308 342 441 395 300 368 430 352 369 343 405 457 344 458 388 491 331 535 383 514 333 540 379 569 327 584 
374 148 381 135 385 135 390 133 371 135 368 134 365 133 407 130 374 131 385 159 372 159 469 190 348 185 478 291 323 272 452 378 302 348 434 400 293 375 427 354 364 346 404 461 341 464 387 491 329 544 381 513 331 549 379 574 328 595 
366 152 373 138 377 138 382 137 363 138 360 137 358 136 400 133 368 134 377 163 365 162 464 192 341 188 475 294 317 276 447 381 293 352 429 402 285 380 425 359 360 351 404 464 338 470 387 524 329 538 382 527 332 542 378 574 327 586 
355 155 363 141 367 141 372 140 353 141 351 140 349 140 391 136 361 137 367 166 355 166 458 194 332 191 470 299 307 282 439 387 283 361 419 410 274 388 422 362 357 355 402 470 334 477 387 550 327 560 383 553 330 566 379 594 326 607 
345 158 352 143 357 143 362 142 343 144 341 143 340 143 382 138 353 139 358 170 346 170 452 197 323 196 465 305 298 290 433 394 271 374 413 418 261 401 416 369 350 360 397 480 329 486 385 561 327 563 383 565 332 569 375 605 321 607 
335 164 340 148 345 147 351 146 332 149 330 149 328 148 372 141 342 144 347 176 336 177 446 200 317 201 459 309 290 295 426 399 261 382 406 424 251 411 412 375 345 365 391 478 324 487 383 556 328 558 383 558 335 561 374 599 323 603 
320 170 326 154 330 153 334 152 318 155 317 154 315 154 358 148 332 149 333 182 323 183 437 203 309 209 454 313 280 300 419 405 250 388 397 430 239 418 406 383 339 377 388 478 319 504 384 540 331 544 385 552 342 550 374 581 328 590 
304 176 309 159 313 159 317 158 302 160 301 160 299 159 343 152 320 155 316 188 308 190 428 209 298 219 447 321 270 311 413 414 233 399 390 440 220 426 400 392 330 385 383 479 317 505 384 558 332 577 388 562 341 585 375 594 327 625 
291 181 297 164 301 163 307 162 288 164 286 164 285 164 332 158 303 161 304 194 294 196 417 213 283 229 440 328 257 322 407 422 217 409 383 448 199 437 397 399 325 394 381 531 311 522 389 596 326 612 395 602 334 622 381 636 324 661 
274 189 281 171 285 170 291 168 272 172 270 171 268 171 316 163 288 167 287 201 278 203 405 216 265 238 432 336 242 335 400 435 201 419 377 464 181 446 396 407 320 405 384 548 312 543 395 623 324 634 401 630 330 646 384 667 322 680 
255 193 261 174 265 173 270 172 253 175 251 175 250 174 299 167 272 171 270 207 262 209 397 221 252 248 424 343 228 344 395 441 184 429 374 471 162 455 392 410 313 410 385 553 310 549 397 643 323 647 402 653 329 662 385 693 323 695 
239 202 245 183 250 182 255 180 237 184 236 183 235 183 283 174 256 178 255 215 246 217 386 225 239 254 415 348 216 349 389 446 166 436 370 479 143 462 388 413 307 411 383 560 306 556 394 662 317 665 401 675 323 682 378 712 316 713 
222 211 228 191 232 190 237 189 220 192 218 192 218 192 266 182 242 185 239 223 231 226 374 229 227 257 411 353 201 356 387 454 143 447 367 490 124 475 386 415 305 416 383 561 305 561 394 664 317 673 400 677 323 689 378 716 316 722 
206 219 211 199 215 197 220 195 203 200 202 200 201 199 249 188 223 192 224 231 215 233 364 237 213 261 407 359 185 363 385 459 128 456 366 496 106 484 380 418 300 419 384 521 303 556 400 649 319 661 407 659 325 675 385 701 314 709 
191 235 194 213 199 211 203 209 186 215 185 214 185 214 234 197 210 204 211 245 203 247 357 242 202 266 406 357 170 373 383 456 108 466 363 493 81 498 378 421 296 423 384 538 302 544 400 633 320 639 408 641 326 651 385 685 315 687 
174 244 178 220 183 219 188 216 170 223 170 222 170 222 222 205 198 211 197 255 188 257 348 246 191 271 401 356 160 375 383 457 101 466 366 497 78 491 376 419 295 423 384 487 300 504 401 611 324 600 409 616 334 609 385 656 316 637 
162 256 165 232 171 230 177 227 156 234 155 234 154 234 214 218 184 223 188 267 176 269 338 253 180 274 398 358 152 380 384 460 91 475 366 500 75 502 371 417 288 418 377 475 281 506 399 576 318 545 408 578 330 548 382 617 307 578 
146 264 151 242 156 240 163 238 141 245 139 244 139 244 199 229 169 231 170 275 158 278 326 258 164 277 396 358 141 387 386 461 86 481 368 497 58 508 363 414 279 415 368 485 257 507 397 582 287 547 407 585 297 552 381 622 275 582 
135 282 139 259 145 257 151 255 129 261 128 261 127 260 187 246 156 246 160 294 147 296 323 272 160 286 395 358 128 397 387 460 75 492 369 492 47 523 359 414 278 413 361 488 239 485 396 558 262 514 406 554 273 517 384 595 247 549 
126 298 129 276 134 274 140 271 120 277 119 276 118 275 177 261 148 261 153 309 141 310 312 277 154 292 391 358 121 401 388 459 65 492 370 489 42 521 355 415 274 413 357 533 226 468 392 561 240 490 400 557 250 493 385 595 220 517 
117 311 119 288 125 286 130 284 111 289 110 287 109 285 167 271 138 272 145 322 135 322 305 283 149 297 387 358 119 401 388 457 64 492 370 483 46 526 353 415 274 412 350 542 229 476 382 552 256 487 390 546 267 487 378 582 242 517 
105 321 111 297 118 294 124 292 98 299 96 298 94 296 160 280 127 282 138 333 121 334 302 292 141 305 385 368 100 399 389 459 62 501 371 483 52 530 351 417 255 413 346 534 193 453 378 534 217 473 384 527 231 473 378 563 199 508 
103 333 107 305 114 303 120 301 94 307 92 306 91 304 157 290 120 293 135 343 119 345 290 298 135 310 384 368 94 394 389 458 62 495 371 482 55 503 350 423 252 424 348 532 206 465 380 512 239 486 385 506 253 483 380 537 227 523 
101 346 103 320 109 317 114 315 91 322 89 321 88 320 148 301 116 306 132 352 117 355 286 301 131 317 381 370 98 401 390 457 66 493 371 482 60 490 348 422 261 421 348 509 210 470 380 493 244 480 386 485 258 474 379 519 237 518 
91 351 93 325 99 323 104 320 82 327 81 326 80 325 136 307 105 312 121 357 108 360 278 303 125 330 379 371 100 403 391 457 97 454 371 485 96 455 347 426 263 427 347 501 216 483 371 477 275 495 379 465 288 489 365 521 280 533 
89 362 89 335 95 331 102 328 78 338 76 337 74 336 137 312 97 321 124 366 108 371 274 312 116 331 377 378 104 399 391 456 107 426 369 487 129 446 342 427 250 435 344 502 224 484 369 484 280 499 372 457 295 492 366 515 289 539 
79 364 80 339 86 337 92 334 70 341 69 340 68 339 129 320 95 326 113 370 99 375 274 323 119 336 374 380 107 403 391 457 116 436 369 488 118 443 341 431 250 444 343 496 239 482 370 463 305 489 375 450 320 479 366 489 313 534 
73 368 73 344 79 341 86 338 64 345 63 344 62 342 125 323 88 330 106 374 92 378 265 322 113 337 373 381 106 403 388 457 135 442 365 488 137 450 337 430 253 438 340 488 246 481 372 473 312 486 374 450 327 476 366 487 322 535 
69 370 70 345 77 343 84 340 59 347 58 346 57 344 124 325 81 333 103 376 88 379 264 323 108 344 373 391 104 406 385 462 126 444 361 495 125 451 338 429 255 437 343 465 262 488 377 477 322 485 376 451 337 473 367 492 330 532 
68 372 69 348 77 346 85 343 57 349 56 348 55 347 124 328 81 335 103 379 88 381 263 326 106 348 375 405 106 420 379 474 122 453 355 504 124 452 338 430 252 442 334 485 251 496 374 485 318 489 376 466 333 477 367 501 328 545 
71 372 71 348 80 345 89 342 57 350 56 349 55 347 126 326 78 342 107 377 92 379 264 324 110 351 373 402 108 427 378 472 120 467 354 502 120 467 339 432 253 448 337 485 251 507 374 489 311 513 377 472 326 501 367 506 320 566 
66 381 65 357 73 354 81 351 53 359 53 357 53 355 119 333 79 343 103 383 89 384 261 328 112 352 373 405 116 424 372 484 131 467 348 502 126 470 338 433 254 445 333 486 245 498 365 490 309 508 373 474 323 497 358 510 315 565 
57 382 58 358 67 356 76 353 47 360 47 358 47 356 115 336 75 344 96 385 81 387 256 334 111 352 373 406 131 421 368 480 151 463 345 499 145 464 339 433 255 443 332 493 243 494 359 486 308 504 368 471 323 494 351 516 311 557 
59 382 60 359 67 356 83 350 49 360 49 359 49 358 115 336 78 344 97 386 83 388 257 335 112 359 373 407 137 425 370 478 143 465 353 506 135 467 343 432 258 443 333 504 244 500 359 487 306 503 364 465 318 493 353 518 309 550 
54 377 56 358 72 341 81 335 46 357 47 356 47 354 109 332 73 339 89 381 77 383 246 334 113 356 370 405 150 423 371 485 150 464 354 507 141 470 343 432 262 442 299 490 187 463 259 465 141 444 256 455 141 440 236 477 107 452 
58 377 59 353 72 340 84 335 50 355 50 353 51 352 109 330 77 338 91 381 80 383 248 340 113 364 370 404 150 422 371 484 144 439 360 506 137 440 343 431 264 441 277 463 171 435 218 450 101 403 212 448 98 403 185 456 58 394 
56 375 58 351 75 336 84 333 50 354 51 353 52 351 107 330 80 337 85 379 77 382 243 350 118 363 368 403 161 427 372 483 156 443 363 505 149 448 343 434 270 439 248 445 155 419 160 436 82 388 157 442 81 391 98 423 25 368 
45 373 50 351 70 334 77 330 38 353 39 351 39 349 103 329 65 337 88 367 76 378 242 344 101 371 367 403 129 431 377 487 106 433 371 506 92 430 343 434 267 445 278 460 181 438 239 446 161 392 236 453 164 403 211 457 136 431 
50 375 54 352 71 334 79 330 43 353 43 351 43 349 106 330 67 337 89 375 77 381 245 347 102 370 367 403 126 437 377 486 91 441 373 505 76 439 344 431 267 439 273 464 156 436 232 451 123 405 229 454 126 407 197 452 82 397 
49 382 51 357 72 340 79 336 41 359 41 357 41 355 103 334 70 340 82 386 70 389 245 348 103 374 367 404 117 435 377 489 93 443 372 507 79 444 344 429 266 439 281 466 174 445 249 454 157 426 247 450 161 425 223 461 130 433 
48 384 49 360 60 353 78 339 41 361 41 359 42 357 100 336 72 342 79 388 70 390 244 350 109 372 368 405 134 433 377 488 110 445 371 506 102 449 345 430 269 436 286 489 163 448 257 455 141 425 255 451 145 423 231 467 107 423 
47 385 47 360 54 356 63 350 40 361 41 359 42 357 97 339 73 343 77 390 68 391 240 353 109 371 367 406 130 434 375 489 108 446 371 507 100 448 346 430 269 433 295 519 155 450 275 477 144 428 272 467 149 425 252 490 111 430 
